2025-07-16 12:35:24,071  INFO   Ключ #1 активирован
2025-07-16 12:35:57,331  INFO   К обработке: 113006 записей
2025-07-16 12:35:58,552  WARNING  ⚠️  Ошибка API: 429 resource has been exhausted (e.g. check quota).
2025-07-16 12:35:58,552  WARNING   Переход на ключ #2
2025-07-16 12:36:00,047  WARNING  ⚠️  Ошибка API: 429 resource has been exhausted (e.g. check quota).
2025-07-16 12:36:00,047  WARNING   Переход на ключ #1
2025-07-16 12:36:01,250  WARNING  ⚠️  Ошибка API: 429 resource has been exhausted (e.g. check quota).
2025-07-16 12:36:01,250  WARNING   Переход на ключ #2
2025-07-16 12:36:02,428  WARNING  ⚠️  Ошибка API: 429 resource has been exhausted (e.g. check quota).
2025-07-16 12:36:02,428  WARNING   Переход на ключ #1
2025-07-16 12:36:03,310  WARNING  ⚠️  Ошибка API: 429 resource has been exhausted (e.g. check quota).
2025-07-16 12:36:03,310  WARNING   Переход на ключ #2
2025-07-16 12:36:04,274  WARNING  ⚠️  Ошибка API: 429 resource has been exhausted (e.g. check quota).
2025-07-16 12:36:04,274  WARNING   Переход на ключ #1
2025-07-16 12:36:05,093  WARNING  ⚠️  Ошибка API: 429 resource has been exhausted (e.g. check quota).
2025-07-16 12:36:05,093  WARNING   Переход на ключ #2
2025-07-16 12:36:06,356  WARNING  ⚠️  Ошибка API: 429 resource has been exhausted (e.g. check quota).
2025-07-16 12:36:06,356  WARNING   Переход на ключ #1
2025-07-16 12:36:07,108  WARNING  ⚠️  Ошибка API: 429 resource has been exhausted (e.g. check quota).
2025-07-16 12:36:07,108  WARNING   Переход на ключ #2
2025-07-16 12:36:07,630  WARNING  ⚠️  Ошибка API: 429 resource has been exhausted (e.g. check quota).
2025-07-16 12:36:07,631  WARNING   Переход на ключ #1
2025-07-16 12:36:08,207  WARNING  ⚠️  Ошибка API: 429 resource has been exhausted (e.g. check quota).
2025-07-16 12:36:08,208  WARNING   Переход на ключ #2
2025-07-16 12:36:08,861  WARNING  ⚠️  Ошибка API: 429 resource has been exhausted (e.g. check quota).
2025-07-16 12:36:08,862  WARNING   Переход на ключ #1
2025-07-16 12:36:09,517  WARNING  ⚠️  Ошибка API: 429 resource has been exhausted (e.g. check quota).
2025-07-16 12:36:09,517  WARNING   Переход на ключ #2
2025-07-16 12:36:10,425  WARNING  ⚠️  Ошибка API: 429 resource has been exhausted (e.g. check quota).
2025-07-16 12:36:10,425  WARNING   Переход на ключ #1
2025-07-16 12:36:11,050  WARNING  ⚠️  Ошибка API: 429 resource has been exhausted (e.g. check quota).
2025-07-16 12:36:11,050  WARNING   Переход на ключ #2
2025-07-16 12:36:11,871  WARNING  ⚠️  Ошибка API: 429 resource has been exhausted (e.g. check quota).
2025-07-16 12:36:11,871  WARNING   Переход на ключ #1
2025-07-16 12:36:12,624  WARNING  ⚠️  Ошибка API: 429 resource has been exhausted (e.g. check quota).
2025-07-16 12:36:12,625  WARNING   Переход на ключ #2
2025-07-16 12:36:13,257  WARNING  ⚠️  Ошибка API: 429 resource has been exhausted (e.g. check quota).
2025-07-16 12:36:13,257  WARNING   Переход на ключ #1
2025-07-16 12:36:13,891  WARNING  ⚠️  Ошибка API: 429 resource has been exhausted (e.g. check quota).
2025-07-16 12:36:13,891  WARNING   Переход на ключ #2
2025-07-16 12:36:14,638  WARNING  ⚠️  Ошибка API: 429 resource has been exhausted (e.g. check quota).
2025-07-16 12:36:14,638  WARNING   Переход на ключ #1
2025-07-16 12:36:15,152  WARNING  ⚠️  Ошибка API: 429 resource has been exhausted (e.g. check quota).
2025-07-16 12:36:15,152  WARNING   Переход на ключ #2
2025-07-16 12:36:15,830  WARNING  ⚠️  Ошибка API: 429 resource has been exhausted (e.g. check quota).
2025-07-16 12:36:15,830  WARNING   Переход на ключ #1
2025-07-16 12:36:16,464  WARNING  ⚠️  Ошибка API: 429 resource has been exhausted (e.g. check quota).
2025-07-16 12:36:16,465  WARNING   Переход на ключ #2
2025-07-16 12:36:17,154  WARNING  ⚠️  Ошибка API: 429 resource has been exhausted (e.g. check quota).
2025-07-16 12:36:17,155  WARNING   Переход на ключ #1
2025-07-16 12:36:17,787  WARNING  ⚠️  Ошибка API: 429 resource has been exhausted (e.g. check quota).
2025-07-16 12:36:17,788  WARNING   Переход на ключ #2
2025-07-16 12:36:18,803  WARNING  ⚠️  Ошибка API: 429 resource has been exhausted (e.g. check quota).
2025-07-16 12:36:18,804  WARNING   Переход на ключ #1
2025-07-16 12:36:19,926  WARNING  ⚠️  Ошибка API: 429 resource has been exhausted (e.g. check quota).
2025-07-16 12:36:19,927  WARNING   Переход на ключ #2
2025-07-16 12:36:20,855  WARNING  ⚠️  Ошибка API: 429 resource has been exhausted (e.g. check quota).
2025-07-16 12:36:20,856  WARNING   Переход на ключ #1
2025-07-16 12:36:21,528  WARNING  ⚠️  Ошибка API: 429 resource has been exhausted (e.g. check quota).
2025-07-16 12:36:21,528  WARNING   Переход на ключ #2
2025-07-16 12:36:22,615  WARNING  ⚠️  Ошибка API: 429 resource has been exhausted (e.g. check quota).
2025-07-16 12:36:22,616  WARNING   Переход на ключ #1
2025-07-16 12:36:23,564  WARNING  ⚠️  Ошибка API: 429 resource has been exhausted (e.g. check quota).
2025-07-16 12:36:23,564  WARNING   Переход на ключ #2
2025-07-16 12:36:24,125  WARNING  ⚠️  Ошибка API: 429 resource has been exhausted (e.g. check quota).
2025-07-16 12:36:24,126  WARNING   Переход на ключ #1
2025-07-16 12:36:24,613  WARNING  ⚠️  Ошибка API: 429 resource has been exhausted (e.g. check quota).
2025-07-16 12:36:24,613  WARNING   Переход на ключ #2
2025-07-16 12:36:25,351  WARNING  ⚠️  Ошибка API: 429 resource has been exhausted (e.g. check quota).
2025-07-16 12:36:25,351  WARNING   Переход на ключ #1
2025-07-16 12:36:25,784  WARNING  ⚠️  Ошибка API: 429 resource has been exhausted (e.g. check quota).
2025-07-16 12:36:25,785  WARNING   Переход на ключ #2
2025-07-16 12:36:26,235  WARNING  ⚠️  Ошибка API: 429 resource has been exhausted (e.g. check quota).
2025-07-16 12:36:26,235  WARNING   Переход на ключ #1
2025-07-16 12:36:26,683  WARNING  ⚠️  Ошибка API: 429 resource has been exhausted (e.g. check quota).
2025-07-16 12:36:26,683  WARNING   Переход на ключ #2
2025-07-16 12:36:27,240  WARNING  ⚠️  Ошибка API: 429 resource has been exhausted (e.g. check quota).
2025-07-16 12:36:27,240  WARNING   Переход на ключ #1
2025-07-16 12:36:27,761  WARNING  ⚠️  Ошибка API: 429 resource has been exhausted (e.g. check quota).
2025-07-16 12:36:27,762  WARNING   Переход на ключ #2
2025-07-16 12:36:28,246  WARNING  ⚠️  Ошибка API: 429 resource has been exhausted (e.g. check quota).
2025-07-16 12:36:28,246  WARNING   Переход на ключ #1
2025-07-16 12:36:28,895  WARNING  ⚠️  Ошибка API: 429 resource has been exhausted (e.g. check quota).
2025-07-16 12:36:28,896  WARNING   Переход на ключ #2
2025-07-16 12:36:29,568  WARNING  ⚠️  Ошибка API: 429 resource has been exhausted (e.g. check quota).
2025-07-16 12:36:29,568  WARNING   Переход на ключ #1
2025-07-16 12:36:30,849  WARNING  ⚠️  Ошибка API: 429 resource has been exhausted (e.g. check quota).
2025-07-16 12:36:30,849  WARNING   Переход на ключ #2
2025-07-16 12:36:31,516  WARNING  ⚠️  Ошибка API: 429 resource has been exhausted (e.g. check quota).
2025-07-16 12:36:31,516  WARNING   Переход на ключ #1
2025-07-16 12:36:32,494  WARNING  ⚠️  Ошибка API: 429 resource has been exhausted (e.g. check quota).
2025-07-16 12:36:32,494  WARNING   Переход на ключ #2
2025-07-16 12:36:33,251  WARNING  ⚠️  Ошибка API: 429 resource has been exhausted (e.g. check quota).
2025-07-16 12:36:33,251  WARNING   Переход на ключ #1
2025-07-16 12:36:34,571  WARNING  ⚠️  Ошибка API: 429 resource has been exhausted (e.g. check quota).
2025-07-16 12:36:34,572  WARNING   Переход на ключ #2
2025-07-16 12:36:35,813  WARNING  ⚠️  Ошибка API: 429 resource has been exhausted (e.g. check quota).
2025-07-16 12:36:35,813  WARNING   Переход на ключ #1
2025-07-16 12:36:36,964  WARNING  ⚠️  Ошибка API: 429 resource has been exhausted (e.g. check quota).
2025-07-16 12:36:36,964  WARNING   Переход на ключ #2
2025-07-16 12:36:37,772  WARNING  ⚠️  Ошибка API: 429 resource has been exhausted (e.g. check quota).
2025-07-16 12:36:37,772  WARNING   Переход на ключ #1
2025-07-16 12:36:38,707  WARNING  ⚠️  Ошибка API: 429 resource has been exhausted (e.g. check quota).
2025-07-16 12:36:38,707  WARNING   Переход на ключ #2
2025-07-16 12:36:39,428  WARNING  ⚠️  Ошибка API: 429 resource has been exhausted (e.g. check quota).
2025-07-16 12:36:39,428  WARNING   Переход на ключ #1
2025-07-16 12:36:40,306  WARNING  ⚠️  Ошибка API: 429 resource has been exhausted (e.g. check quota).
2025-07-16 12:36:40,307  WARNING   Переход на ключ #2
2025-07-16 12:36:41,305  WARNING  ⚠️  Ошибка API: 429 resource has been exhausted (e.g. check quota).
2025-07-16 12:36:41,305  WARNING   Переход на ключ #1
2025-07-16 12:36:42,484  WARNING  ⚠️  Ошибка API: 429 resource has been exhausted (e.g. check quota).
2025-07-16 12:36:42,485  WARNING   Переход на ключ #2
2025-07-16 12:36:43,478  WARNING  ⚠️  Ошибка API: 429 resource has been exhausted (e.g. check quota).
2025-07-16 12:36:43,478  WARNING   Переход на ключ #1
2025-07-16 12:36:44,732  WARNING  ⚠️  Ошибка API: 429 resource has been exhausted (e.g. check quota).
2025-07-16 12:36:44,732  WARNING   Переход на ключ #2
2025-07-16 12:36:45,688  WARNING  ⚠️  Ошибка API: 429 resource has been exhausted (e.g. check quota).
2025-07-16 12:36:45,688  WARNING   Переход на ключ #1
2025-07-16 12:36:46,804  WARNING  ⚠️  Ошибка API: 429 resource has been exhausted (e.g. check quota).
2025-07-16 12:36:46,804  WARNING   Переход на ключ #2
2025-07-16 12:36:48,067  WARNING  ⚠️  Ошибка API: 429 resource has been exhausted (e.g. check quota).
2025-07-16 12:36:48,068  WARNING   Переход на ключ #1
2025-07-16 12:36:49,096  WARNING  ⚠️  Ошибка API: 429 resource has been exhausted (e.g. check quota).
2025-07-16 12:36:49,096  WARNING   Переход на ключ #2
2025-07-16 12:36:50,736  WARNING  ⚠️  Ошибка API: 429 resource has been exhausted (e.g. check quota).
2025-07-16 12:36:50,736  WARNING   Переход на ключ #1
2025-07-16 12:36:52,302  WARNING  ⚠️  Ошибка API: 429 resource has been exhausted (e.g. check quota).
2025-07-16 12:36:52,302  WARNING   Переход на ключ #2
2025-07-16 12:36:53,392  WARNING  ⚠️  Ошибка API: 429 resource has been exhausted (e.g. check quota).
2025-07-16 12:36:53,393  WARNING   Переход на ключ #1
2025-07-16 12:36:54,253  WARNING  ⚠️  Ошибка API: 429 resource has been exhausted (e.g. check quota).
2025-07-16 12:36:54,253  WARNING   Переход на ключ #2
2025-07-16 12:36:55,790  WARNING  ⚠️  Ошибка API: 429 resource has been exhausted (e.g. check quota).
2025-07-16 12:36:55,790  WARNING   Переход на ключ #1
2025-07-16 12:36:56,600  WARNING  ⚠️  Ошибка API: 429 resource has been exhausted (e.g. check quota).
2025-07-16 12:36:56,600  WARNING   Переход на ключ #2
2025-07-16 12:36:58,134  WARNING  ⚠️  Ошибка API: 429 resource has been exhausted (e.g. check quota).
2025-07-16 12:36:58,135  WARNING   Переход на ключ #1
2025-07-16 12:36:59,230  WARNING  ⚠️  Ошибка API: 429 resource has been exhausted (e.g. check quota).
2025-07-16 12:36:59,230  WARNING   Переход на ключ #2
2025-07-16 12:37:00,051  WARNING  ⚠️  Ошибка API: 429 resource has been exhausted (e.g. check quota).
2025-07-16 12:37:00,051  WARNING   Переход на ключ #1
2025-07-16 12:37:01,248  WARNING  ⚠️  Ошибка API: 429 resource has been exhausted (e.g. check quota).
2025-07-16 12:37:01,248  WARNING   Переход на ключ #2
2025-07-16 12:37:02,733  WARNING  ⚠️  Ошибка API: 429 resource has been exhausted (e.g. check quota).
2025-07-16 12:37:02,734  WARNING   Переход на ключ #1
2025-07-16 12:37:04,018  WARNING  ⚠️  Ошибка API: 429 resource has been exhausted (e.g. check quota).
2025-07-16 12:37:04,019  WARNING   Переход на ключ #2
2025-07-16 12:37:05,111  WARNING  ⚠️  Ошибка API: 429 resource has been exhausted (e.g. check quota).
2025-07-16 12:37:05,112  WARNING   Переход на ключ #1
2025-07-16 12:37:05,926  WARNING  ⚠️  Ошибка API: 429 resource has been exhausted (e.g. check quota).
2025-07-16 12:37:05,926  WARNING   Переход на ключ #2
2025-07-16 12:37:06,736  WARNING  ⚠️  Ошибка API: 429 resource has been exhausted (e.g. check quota).
2025-07-16 12:37:06,737  WARNING   Переход на ключ #1
2025-07-16 12:37:07,452  WARNING  ⚠️  Ошибка API: 429 resource has been exhausted (e.g. check quota).
2025-07-16 12:37:07,452  WARNING   Переход на ключ #2
2025-07-16 12:37:08,270  WARNING  ⚠️  Ошибка API: 429 resource has been exhausted (e.g. check quota).
2025-07-16 12:37:08,271  WARNING   Переход на ключ #1
2025-07-16 12:37:09,562  WARNING  ⚠️  Ошибка API: 429 resource has been exhausted (e.g. check quota).
2025-07-16 12:37:09,563  WARNING   Переход на ключ #2
2025-07-16 12:37:10,680  WARNING  ⚠️  Ошибка API: 429 resource has been exhausted (e.g. check quota).
2025-07-16 12:37:10,680  WARNING   Переход на ключ #1
2025-07-16 12:37:11,482  WARNING  ⚠️  Ошибка API: 429 resource has been exhausted (e.g. check quota).
2025-07-16 12:37:11,483  WARNING   Переход на ключ #2
2025-07-16 12:37:12,483  WARNING  ⚠️  Ошибка API: 429 resource has been exhausted (e.g. check quota).
2025-07-16 12:37:12,483  WARNING   Переход на ключ #1
2025-07-16 12:37:13,516  WARNING  ⚠️  Ошибка API: 429 resource has been exhausted (e.g. check quota).
2025-07-16 12:37:13,517  WARNING   Переход на ключ #2
2025-07-16 12:37:14,322  WARNING  ⚠️  Ошибка API: 429 resource has been exhausted (e.g. check quota).
2025-07-16 12:37:14,322  WARNING   Переход на ключ #1
2025-07-16 12:37:14,998  WARNING  ⚠️  Ошибка API: 429 resource has been exhausted (e.g. check quota).
2025-07-16 12:37:14,998  WARNING   Переход на ключ #2
2025-07-16 12:37:15,858  WARNING  ⚠️  Ошибка API: 429 resource has been exhausted (e.g. check quota).
2025-07-16 12:37:15,858  WARNING   Переход на ключ #1
2025-07-16 12:37:16,778  WARNING  ⚠️  Ошибка API: 429 resource has been exhausted (e.g. check quota).
2025-07-16 12:37:16,778  WARNING   Переход на ключ #2
2025-07-16 12:37:17,818  WARNING  ⚠️  Ошибка API: 429 resource has been exhausted (e.g. check quota).
2025-07-16 12:37:17,818  WARNING   Переход на ключ #1
2025-07-16 12:37:18,792  WARNING  ⚠️  Ошибка API: 429 resource has been exhausted (e.g. check quota).
2025-07-16 12:37:18,792  WARNING   Переход на ключ #2
2025-07-16 12:37:19,653  WARNING  ⚠️  Ошибка API: 429 resource has been exhausted (e.g. check quota).
2025-07-16 12:37:19,654  WARNING   Переход на ключ #1
2025-07-16 12:37:20,391  WARNING  ⚠️  Ошибка API: 429 resource has been exhausted (e.g. check quota).
2025-07-16 12:37:20,391  WARNING   Переход на ключ #2
2025-07-16 12:37:21,178  WARNING  ⚠️  Ошибка API: 429 resource has been exhausted (e.g. check quota).
2025-07-16 12:37:21,179  WARNING   Переход на ключ #1
2025-07-16 12:37:22,065  WARNING  ⚠️  Ошибка API: 429 resource has been exhausted (e.g. check quota).
2025-07-16 12:37:22,065  WARNING   Переход на ключ #2
2025-07-16 12:37:22,876  WARNING  ⚠️  Ошибка API: 429 resource has been exhausted (e.g. check quota).
2025-07-16 12:37:22,876  WARNING   Переход на ключ #1
2025-07-16 12:37:23,675  WARNING  ⚠️  Ошибка API: 429 resource has been exhausted (e.g. check quota).
2025-07-16 12:37:23,675  WARNING   Переход на ключ #2
2025-07-16 12:37:24,482  WARNING  ⚠️  Ошибка API: 429 resource has been exhausted (e.g. check quota).
2025-07-16 12:37:24,483  WARNING   Переход на ключ #1
2025-07-16 12:37:25,078  WARNING  ⚠️  Ошибка API: 429 resource has been exhausted (e.g. check quota).
2025-07-16 12:37:25,078  WARNING   Переход на ключ #2
2025-07-16 12:37:25,884  WARNING  ⚠️  Ошибка API: 429 resource has been exhausted (e.g. check quota).
2025-07-16 12:37:25,885  WARNING   Переход на ключ #1
2025-07-16 12:37:26,594  WARNING  ⚠️  Ошибка API: 429 resource has been exhausted (e.g. check quota).
2025-07-16 12:37:26,594  WARNING   Переход на ключ #2
2025-07-16 12:37:27,488  WARNING  ⚠️  Ошибка API: 429 resource has been exhausted (e.g. check quota).
2025-07-16 12:37:27,488  WARNING   Переход на ключ #1
2025-07-16 12:37:28,208  WARNING  ⚠️  Ошибка API: 429 resource has been exhausted (e.g. check quota).
2025-07-16 12:37:28,209  WARNING   Переход на ключ #2
2025-07-16 12:37:29,094  WARNING  ⚠️  Ошибка API: 429 resource has been exhausted (e.g. check quota).
2025-07-16 12:37:29,095  WARNING   Переход на ключ #1
2025-07-16 12:37:30,036  WARNING  ⚠️  Ошибка API: 429 resource has been exhausted (e.g. check quota).
2025-07-16 12:37:30,036  WARNING   Переход на ключ #2
2025-07-16 12:37:31,038  WARNING  ⚠️  Ошибка API: 429 resource has been exhausted (e.g. check quota).
2025-07-16 12:37:31,038  WARNING   Переход на ключ #1
2025-07-16 12:37:32,024  WARNING  ⚠️  Ошибка API: 429 resource has been exhausted (e.g. check quota).
2025-07-16 12:37:32,024  WARNING   Переход на ключ #2
2025-07-16 12:37:32,831  WARNING  ⚠️  Ошибка API: 429 resource has been exhausted (e.g. check quota).
2025-07-16 12:37:32,831  WARNING   Переход на ключ #1
2025-07-16 12:37:33,551  WARNING  ⚠️  Ошибка API: 429 resource has been exhausted (e.g. check quota).
2025-07-16 12:37:33,551  WARNING   Переход на ключ #2
2025-07-16 12:37:34,361  WARNING  ⚠️  Ошибка API: 429 resource has been exhausted (e.g. check quota).
2025-07-16 12:37:34,361  WARNING   Переход на ключ #1
2025-07-16 12:37:34,994  WARNING  ⚠️  Ошибка API: 429 resource has been exhausted (e.g. check quota).
2025-07-16 12:37:34,995  WARNING   Переход на ключ #2
2025-07-16 12:37:35,732  WARNING  ⚠️  Ошибка API: 429 resource has been exhausted (e.g. check quota).
2025-07-16 12:37:35,732  WARNING   Переход на ключ #1
2025-07-16 12:37:36,345  WARNING  ⚠️  Ошибка API: 429 resource has been exhausted (e.g. check quota).
2025-07-16 12:37:36,345  WARNING   Переход на ключ #2
2025-07-16 12:37:37,020  WARNING  ⚠️  Ошибка API: 429 resource has been exhausted (e.g. check quota).
2025-07-16 12:37:37,020  WARNING   Переход на ключ #1
2025-07-16 12:37:37,613  WARNING  ⚠️  Ошибка API: 429 resource has been exhausted (e.g. check quota).
2025-07-16 12:37:37,614  WARNING   Переход на ключ #2
2025-07-16 12:37:38,393  WARNING  ⚠️  Ошибка API: 429 resource has been exhausted (e.g. check quota).
2025-07-16 12:37:38,394  WARNING   Переход на ключ #1
2025-07-16 12:37:39,017  WARNING  ⚠️  Ошибка API: 429 resource has been exhausted (e.g. check quota).
2025-07-16 12:37:39,017  WARNING   Переход на ключ #2
2025-07-16 12:37:39,841  WARNING  ⚠️  Ошибка API: 429 resource has been exhausted (e.g. check quota).
2025-07-16 12:37:39,841  WARNING   Переход на ключ #1
2025-07-16 12:37:40,604  WARNING  ⚠️  Ошибка API: 429 resource has been exhausted (e.g. check quota).
2025-07-16 12:37:40,605  WARNING   Переход на ключ #2
2025-07-16 12:37:41,293  WARNING  ⚠️  Ошибка API: 429 resource has been exhausted (e.g. check quota).
2025-07-16 12:37:41,294  WARNING   Переход на ключ #1
2025-07-16 12:37:42,178  WARNING  ⚠️  Ошибка API: 429 resource has been exhausted (e.g. check quota).
2025-07-16 12:37:42,179  WARNING   Переход на ключ #2
2025-07-16 12:37:42,810  WARNING  ⚠️  Ошибка API: 429 resource has been exhausted (e.g. check quota).
2025-07-16 12:37:42,810  WARNING   Переход на ключ #1
2025-07-16 12:37:43,484  WARNING  ⚠️  Ошибка API: 429 resource has been exhausted (e.g. check quota).
2025-07-16 12:37:43,484  WARNING   Переход на ключ #2
2025-07-16 12:37:45,526  WARNING  ⚠️  Ошибка API: 429 resource has been exhausted (e.g. check quota).
2025-07-16 12:37:45,527  WARNING   Переход на ключ #1
2025-07-16 12:37:46,358  WARNING  ⚠️  Ошибка API: 429 resource has been exhausted (e.g. check quota).
2025-07-16 12:37:46,358  WARNING   Переход на ключ #2
2025-07-16 12:37:47,376  WARNING  ⚠️  Ошибка API: 429 resource has been exhausted (e.g. check quota).
2025-07-16 12:37:47,376  WARNING   Переход на ключ #1
2025-07-16 12:37:48,410  WARNING  ⚠️  Ошибка API: 429 resource has been exhausted (e.g. check quota).
2025-07-16 12:37:48,410  WARNING   Переход на ключ #2
2025-07-16 12:37:49,308  WARNING  ⚠️  Ошибка API: 429 resource has been exhausted (e.g. check quota).
2025-07-16 12:37:49,308  WARNING   Переход на ключ #1
2025-07-16 12:37:50,372  WARNING  ⚠️  Ошибка API: 429 resource has been exhausted (e.g. check quota).
2025-07-16 12:37:50,372  WARNING   Переход на ключ #2
2025-07-16 12:37:52,151  WARNING  ⚠️  Ошибка API: 429 resource has been exhausted (e.g. check quota).
2025-07-16 12:37:52,151  WARNING   Переход на ключ #1
2025-07-16 12:37:53,310  WARNING  ⚠️  Ошибка API: 429 resource has been exhausted (e.g. check quota).
2025-07-16 12:37:53,310  WARNING   Переход на ключ #2
2025-07-16 12:37:54,156  WARNING  ⚠️  Ошибка API: 429 resource has been exhausted (e.g. check quota).
2025-07-16 12:37:54,156  WARNING   Переход на ключ #1
2025-07-16 12:37:55,188  WARNING  ⚠️  Ошибка API: 429 resource has been exhausted (e.g. check quota).
2025-07-16 12:37:55,188  WARNING   Переход на ключ #2
2025-07-16 12:37:56,047  WARNING  ⚠️  Ошибка API: 429 resource has been exhausted (e.g. check quota).
2025-07-16 12:37:56,047  WARNING   Переход на ключ #1
2025-07-16 12:37:57,456  WARNING  ⚠️  Ошибка API: 429 resource has been exhausted (e.g. check quota).
2025-07-16 12:37:57,456  WARNING   Переход на ключ #2
2025-07-16 12:37:58,470  WARNING  ⚠️  Ошибка API: 429 resource has been exhausted (e.g. check quota).
2025-07-16 12:37:58,470  WARNING   Переход на ключ #1
2025-07-16 12:37:59,598  WARNING  ⚠️  Ошибка API: 429 resource has been exhausted (e.g. check quota).
2025-07-16 12:37:59,599  WARNING   Переход на ключ #2
2025-07-16 12:38:00,852  WARNING  ⚠️  Ошибка API: 429 resource has been exhausted (e.g. check quota).
2025-07-16 12:38:00,852  WARNING   Переход на ключ #1
2025-07-16 12:38:01,748  WARNING  ⚠️  Ошибка API: 429 resource has been exhausted (e.g. check quota).
2025-07-16 12:38:01,748  WARNING   Переход на ключ #2
2025-07-16 12:38:02,661  WARNING  ⚠️  Ошибка API: 429 resource has been exhausted (e.g. check quota).
2025-07-16 12:38:02,661  WARNING   Переход на ключ #1
2025-07-16 12:38:03,842  WARNING  ⚠️  Ошибка API: 429 resource has been exhausted (e.g. check quota).
2025-07-16 12:38:03,842  WARNING   Переход на ключ #2
2025-07-16 12:38:04,790  WARNING  ⚠️  Ошибка API: 429 resource has been exhausted (e.g. check quota).
2025-07-16 12:38:04,791  WARNING   Переход на ключ #1
2025-07-16 12:38:05,874  WARNING  ⚠️  Ошибка API: 429 resource has been exhausted (e.g. check quota).
2025-07-16 12:38:05,875  WARNING   Переход на ключ #2
2025-07-16 12:38:06,673  WARNING  ⚠️  Ошибка API: 429 resource has been exhausted (e.g. check quota).
2025-07-16 12:38:06,673  WARNING   Переход на ключ #1
2025-07-16 12:38:07,688  WARNING  ⚠️  Ошибка API: 429 resource has been exhausted (e.g. check quota).
2025-07-16 12:38:07,688  WARNING   Переход на ключ #2
2025-07-16 12:38:08,831  WARNING  ⚠️  Ошибка API: 429 resource has been exhausted (e.g. check quota).
2025-07-16 12:38:08,831  WARNING   Переход на ключ #1
2025-07-16 12:38:09,919  WARNING  ⚠️  Ошибка API: 429 resource has been exhausted (e.g. check quota).
2025-07-16 12:38:09,919  WARNING   Переход на ключ #2
2025-07-16 12:38:10,813  WARNING  ⚠️  Ошибка API: 429 resource has been exhausted (e.g. check quota).
2025-07-16 12:38:10,814  WARNING   Переход на ключ #1
2025-07-16 12:38:12,380  WARNING  ⚠️  Ошибка API: 429 resource has been exhausted (e.g. check quota).
2025-07-16 12:38:12,380  WARNING   Переход на ключ #2
2025-07-16 12:38:13,295  WARNING  ⚠️  Ошибка API: 429 resource has been exhausted (e.g. check quota).
2025-07-16 12:38:13,296  WARNING   Переход на ключ #1
2025-07-16 12:38:14,526  WARNING  ⚠️  Ошибка API: 429 resource has been exhausted (e.g. check quota).
2025-07-16 12:38:14,526  WARNING   Переход на ключ #2
2025-07-16 12:38:15,166  WARNING  ⚠️  Ошибка API: 429 resource has been exhausted (e.g. check quota).
2025-07-16 12:38:15,166  WARNING   Переход на ключ #1
2025-07-16 12:38:16,066  WARNING  ⚠️  Ошибка API: 429 resource has been exhausted (e.g. check quota).
2025-07-16 12:38:16,066  WARNING   Переход на ключ #2
2025-07-16 12:38:16,797  WARNING  ⚠️  Ошибка API: 429 resource has been exhausted (e.g. check quota).
2025-07-16 12:38:16,798  WARNING   Переход на ключ #1
2025-07-16 12:38:17,512  WARNING  ⚠️  Ошибка API: 429 resource has been exhausted (e.g. check quota).
2025-07-16 12:38:17,512  WARNING   Переход на ключ #2
2025-07-16 12:38:18,988  WARNING  ⚠️  Ошибка API: 429 resource has been exhausted (e.g. check quota).
2025-07-16 12:38:18,989  WARNING   Переход на ключ #1
2025-07-16 12:38:20,480  WARNING  ⚠️  Ошибка API: 429 resource has been exhausted (e.g. check quota).
2025-07-16 12:38:20,480  WARNING   Переход на ключ #2
2025-07-16 12:38:21,345  WARNING  ⚠️  Ошибка API: 429 resource has been exhausted (e.g. check quota).
2025-07-16 12:38:21,345  WARNING   Переход на ключ #1
2025-07-16 12:38:22,819  WARNING  ⚠️  Ошибка API: 429 resource has been exhausted (e.g. check quota).
2025-07-16 12:38:22,819  WARNING   Переход на ключ #2
2025-07-16 12:38:23,639  WARNING  ⚠️  Ошибка API: 429 resource has been exhausted (e.g. check quota).
2025-07-16 12:38:23,639  WARNING   Переход на ключ #1
2025-07-16 12:38:24,628  WARNING  ⚠️  Ошибка API: 429 resource has been exhausted (e.g. check quota).
2025-07-16 12:38:24,632  WARNING   Переход на ключ #2
2025-07-16 12:38:25,669  WARNING  ⚠️  Ошибка API: 429 resource has been exhausted (e.g. check quota).
2025-07-16 12:38:25,670  WARNING   Переход на ключ #1
2025-07-16 12:38:27,030  WARNING  ⚠️  Ошибка API: 429 resource has been exhausted (e.g. check quota).
2025-07-16 12:38:27,030  WARNING   Переход на ключ #2
2025-07-16 12:38:28,496  WARNING  ⚠️  Ошибка API: 429 resource has been exhausted (e.g. check quota).
2025-07-16 12:38:28,496  WARNING   Переход на ключ #1
2025-07-16 12:38:29,712  WARNING  ⚠️  Ошибка API: 429 resource has been exhausted (e.g. check quota).
2025-07-16 12:38:29,712  WARNING   Переход на ключ #2
2025-07-16 12:38:30,842  WARNING  ⚠️  Ошибка API: 429 resource has been exhausted (e.g. check quota).
2025-07-16 12:38:30,843  WARNING   Переход на ключ #1
2025-07-16 12:38:31,781  WARNING  ⚠️  Ошибка API: 429 resource has been exhausted (e.g. check quota).
2025-07-16 12:38:31,781  WARNING   Переход на ключ #2
2025-07-16 12:38:32,441  WARNING  ⚠️  Ошибка API: 429 resource has been exhausted (e.g. check quota).
2025-07-16 12:38:32,442  WARNING   Переход на ключ #1
2025-07-16 12:38:33,239  WARNING  ⚠️  Ошибка API: 429 resource has been exhausted (e.g. check quota).
2025-07-16 12:38:33,239  WARNING   Переход на ключ #2
2025-07-16 12:38:33,816  WARNING  ⚠️  Ошибка API: 429 resource has been exhausted (e.g. check quota).
2025-07-16 12:38:33,817  WARNING   Переход на ключ #1
2025-07-16 12:38:34,669  WARNING  ⚠️  Ошибка API: 429 resource has been exhausted (e.g. check quota).
2025-07-16 12:38:34,669  WARNING   Переход на ключ #2
2025-07-16 12:38:35,311  WARNING  ⚠️  Ошибка API: 429 resource has been exhausted (e.g. check quota).
2025-07-16 12:38:35,311  WARNING   Переход на ключ #1
2025-07-16 12:38:35,824  WARNING  ⚠️  Ошибка API: 429 resource has been exhausted (e.g. check quota).
2025-07-16 12:38:35,825  WARNING   Переход на ключ #2
2025-07-16 12:38:36,552  WARNING  ⚠️  Ошибка API: 429 resource has been exhausted (e.g. check quota).
2025-07-16 12:38:36,552  WARNING   Переход на ключ #1
2025-07-16 12:38:37,069  WARNING  ⚠️  Ошибка API: 429 resource has been exhausted (e.g. check quota).
2025-07-16 12:38:37,070  WARNING   Переход на ключ #2
2025-07-16 12:38:38,037  WARNING  ⚠️  Ошибка API: 429 resource has been exhausted (e.g. check quota).
2025-07-16 12:38:38,038  WARNING   Переход на ключ #1
2025-07-16 12:38:38,711  WARNING  ⚠️  Ошибка API: 429 resource has been exhausted (e.g. check quota).
2025-07-16 12:38:38,711  WARNING   Переход на ключ #2
2025-07-16 12:38:39,378  WARNING  ⚠️  Ошибка API: 429 resource has been exhausted (e.g. check quota).
2025-07-16 12:38:39,378  WARNING   Переход на ключ #1
2025-07-16 12:38:40,033  WARNING  ⚠️  Ошибка API: 429 resource has been exhausted (e.g. check quota).
2025-07-16 12:38:40,033  WARNING   Переход на ключ #2
2025-07-16 12:38:40,781  WARNING  ⚠️  Ошибка API: 429 resource has been exhausted (e.g. check quota).
2025-07-16 12:38:40,781  WARNING   Переход на ключ #1
2025-07-16 12:38:41,507  WARNING  ⚠️  Ошибка API: 429 resource has been exhausted (e.g. check quota).
2025-07-16 12:38:41,508  WARNING   Переход на ключ #2
2025-07-16 12:38:42,438  WARNING  ⚠️  Ошибка API: 429 resource has been exhausted (e.g. check quota).
2025-07-16 12:38:42,438  WARNING   Переход на ключ #1
2025-07-16 12:38:43,002  WARNING  ⚠️  Ошибка API: 429 resource has been exhausted (e.g. check quota).
2025-07-16 12:38:43,002  WARNING   Переход на ключ #2
2025-07-16 12:38:43,669  WARNING  ⚠️  Ошибка API: 429 resource has been exhausted (e.g. check quota).
2025-07-16 12:38:43,669  WARNING   Переход на ключ #1
2025-07-16 12:38:44,134  WARNING  ⚠️  Ошибка API: 429 resource has been exhausted (e.g. check quota).
2025-07-16 12:38:44,134  WARNING   Переход на ключ #2
2025-07-16 12:38:44,556  WARNING  ⚠️  Ошибка API: 429 resource has been exhausted (e.g. check quota).
2025-07-16 12:38:44,557  WARNING   Переход на ключ #1
2025-07-16 12:38:45,068  WARNING  ⚠️  Ошибка API: 429 resource has been exhausted (e.g. check quota).
2025-07-16 12:38:45,068  WARNING   Переход на ключ #2
2025-07-16 12:38:45,546  WARNING  ⚠️  Ошибка API: 429 resource has been exhausted (e.g. check quota).
2025-07-16 12:38:45,546  WARNING   Переход на ключ #1
2025-07-16 12:38:46,109  WARNING  ⚠️  Ошибка API: 429 resource has been exhausted (e.g. check quota).
2025-07-16 12:38:46,109  WARNING   Переход на ключ #2
2025-07-16 12:38:46,542  WARNING  ⚠️  Ошибка API: 429 resource has been exhausted (e.g. check quota).
2025-07-16 12:38:46,542  WARNING   Переход на ключ #1
2025-07-16 12:38:47,059  WARNING  ⚠️  Ошибка API: 429 resource has been exhausted (e.g. check quota).
2025-07-16 12:38:47,060  WARNING   Переход на ключ #2
2025-07-16 12:38:47,706  WARNING  ⚠️  Ошибка API: 429 resource has been exhausted (e.g. check quota).
2025-07-16 12:38:47,707  WARNING   Переход на ключ #1
2025-07-16 12:38:48,181  WARNING  ⚠️  Ошибка API: 429 resource has been exhausted (e.g. check quota).
2025-07-16 12:38:48,181  WARNING   Переход на ключ #2
2025-07-16 12:38:48,669  WARNING  ⚠️  Ошибка API: 429 resource has been exhausted (e.g. check quota).
2025-07-16 12:38:48,670  WARNING   Переход на ключ #1
2025-07-16 12:38:49,466  WARNING  ⚠️  Ошибка API: 429 resource has been exhausted (e.g. check quota).
2025-07-16 12:38:49,467  WARNING   Переход на ключ #2
2025-07-16 12:38:49,934  WARNING  ⚠️  Ошибка API: 429 resource has been exhausted (e.g. check quota).
2025-07-16 12:38:49,934  WARNING   Переход на ключ #1
2025-07-16 12:38:50,672  WARNING  ⚠️  Ошибка API: 429 resource has been exhausted (e.g. check quota).
2025-07-16 12:38:50,672  WARNING   Переход на ключ #2
2025-07-16 12:38:51,175  WARNING  ⚠️  Ошибка API: 429 resource has been exhausted (e.g. check quota).
2025-07-16 12:38:51,176  WARNING   Переход на ключ #1
2025-07-16 12:38:51,709  WARNING  ⚠️  Ошибка API: 429 resource has been exhausted (e.g. check quota).
2025-07-16 12:38:51,709  WARNING   Переход на ключ #2
2025-07-16 12:38:52,280  WARNING  ⚠️  Ошибка API: 429 resource has been exhausted (e.g. check quota).
2025-07-16 12:38:52,280  WARNING   Переход на ключ #1
2025-07-16 12:38:52,765  WARNING  ⚠️  Ошибка API: 429 resource has been exhausted (e.g. check quota).
2025-07-16 12:38:52,765  WARNING   Переход на ключ #2
2025-07-16 12:38:53,255  WARNING  ⚠️  Ошибка API: 429 resource has been exhausted (e.g. check quota).
2025-07-16 12:38:53,255  WARNING   Переход на ключ #1
2025-07-16 12:38:53,751  WARNING  ⚠️  Ошибка API: 429 resource has been exhausted (e.g. check quota).
2025-07-16 12:38:53,751  WARNING   Переход на ключ #2
2025-07-16 12:38:54,209  WARNING  ⚠️  Ошибка API: 429 resource has been exhausted (e.g. check quota).
2025-07-16 12:38:54,209  WARNING   Переход на ключ #1
2025-07-16 12:38:54,735  WARNING  ⚠️  Ошибка API: 429 resource has been exhausted (e.g. check quota).
2025-07-16 12:38:54,735  WARNING   Переход на ключ #2
2025-07-16 12:38:55,286  WARNING  ⚠️  Ошибка API: 429 resource has been exhausted (e.g. check quota).
2025-07-16 12:38:55,287  WARNING   Переход на ключ #1
2025-07-16 12:38:55,734  WARNING  ⚠️  Ошибка API: 429 resource has been exhausted (e.g. check quota).
2025-07-16 12:38:55,734  WARNING   Переход на ключ #2
2025-07-16 12:38:56,173  WARNING  ⚠️  Ошибка API: 429 resource has been exhausted (e.g. check quota).
2025-07-16 12:38:56,174  WARNING   Переход на ключ #1
2025-07-16 12:38:56,724  WARNING  ⚠️  Ошибка API: 429 resource has been exhausted (e.g. check quota).
2025-07-16 12:38:56,725  WARNING   Переход на ключ #2
2025-07-16 12:38:57,311  WARNING  ⚠️  Ошибка API: 429 resource has been exhausted (e.g. check quota).
2025-07-16 12:38:57,311  WARNING   Переход на ключ #1
2025-07-16 12:38:57,945  WARNING  ⚠️  Ошибка API: 429 resource has been exhausted (e.g. check quota).
2025-07-16 12:38:57,945  WARNING   Переход на ключ #2
2025-07-16 12:38:58,692  WARNING  ⚠️  Ошибка API: 429 resource has been exhausted (e.g. check quota).
2025-07-16 12:38:58,692  WARNING   Переход на ключ #1
2025-07-16 12:38:59,709  WARNING  ⚠️  Ошибка API: 429 resource has been exhausted (e.g. check quota).
2025-07-16 12:38:59,709  WARNING   Переход на ключ #2
2025-07-16 12:39:00,179  WARNING  ⚠️  Ошибка API: 429 resource has been exhausted (e.g. check quota).
2025-07-16 12:39:00,179  WARNING   Переход на ключ #1
2025-07-16 12:39:00,646  WARNING  ⚠️  Ошибка API: 429 resource has been exhausted (e.g. check quota).
2025-07-16 12:39:00,646  WARNING   Переход на ключ #2
2025-07-16 12:39:01,225  WARNING  ⚠️  Ошибка API: 429 resource has been exhausted (e.g. check quota).
2025-07-16 12:39:01,226  WARNING   Переход на ключ #1
2025-07-16 12:39:01,794  WARNING  ⚠️  Ошибка API: 429 resource has been exhausted (e.g. check quota).
2025-07-16 12:39:01,795  WARNING   Переход на ключ #2
2025-07-16 12:39:02,253  WARNING  ⚠️  Ошибка API: 429 resource has been exhausted (e.g. check quota).
2025-07-16 12:39:02,254  WARNING   Переход на ключ #1
2025-07-16 12:39:02,703  WARNING  ⚠️  Ошибка API: 429 resource has been exhausted (e.g. check quota).
2025-07-16 12:39:02,703  WARNING   Переход на ключ #2
2025-07-16 12:39:03,149  WARNING  ⚠️  Ошибка API: 429 resource has been exhausted (e.g. check quota).
2025-07-16 12:39:03,149  WARNING   Переход на ключ #1
2025-07-16 12:39:03,667  WARNING  ⚠️  Ошибка API: 429 resource has been exhausted (e.g. check quota).
2025-07-16 12:39:03,667  WARNING   Переход на ключ #2
2025-07-16 12:39:04,139  WARNING  ⚠️  Ошибка API: 429 resource has been exhausted (e.g. check quota).
2025-07-16 12:39:04,139  WARNING   Переход на ключ #1
2025-07-16 12:39:04,632  WARNING  ⚠️  Ошибка API: 429 resource has been exhausted (e.g. check quota).
2025-07-16 12:39:04,632  WARNING   Переход на ключ #2
2025-07-16 12:39:05,171  WARNING  ⚠️  Ошибка API: 429 resource has been exhausted (e.g. check quota).
2025-07-16 12:39:05,171  WARNING   Переход на ключ #1
2025-07-16 12:39:05,667  WARNING  ⚠️  Ошибка API: 429 resource has been exhausted (e.g. check quota).
2025-07-16 12:39:05,667  WARNING   Переход на ключ #2
2025-07-16 12:39:06,202  WARNING  ⚠️  Ошибка API: 429 resource has been exhausted (e.g. check quota).
2025-07-16 12:39:06,202  WARNING   Переход на ключ #1
2025-07-16 12:39:06,761  WARNING  ⚠️  Ошибка API: 429 resource has been exhausted (e.g. check quota).
2025-07-16 12:39:06,761  WARNING   Переход на ключ #2
2025-07-16 12:39:07,204  WARNING  ⚠️  Ошибка API: 429 resource has been exhausted (e.g. check quota).
2025-07-16 12:39:07,204  WARNING   Переход на ключ #1
2025-07-16 12:39:07,634  WARNING  ⚠️  Ошибка API: 429 resource has been exhausted (e.g. check quota).
2025-07-16 12:39:07,634  WARNING   Переход на ключ #2
2025-07-16 12:39:08,095  WARNING  ⚠️  Ошибка API: 429 resource has been exhausted (e.g. check quota).
2025-07-16 12:39:08,096  WARNING   Переход на ключ #1
2025-07-16 12:39:08,690  WARNING  ⚠️  Ошибка API: 429 resource has been exhausted (e.g. check quota).
2025-07-16 12:39:08,690  WARNING   Переход на ключ #2
2025-07-16 12:39:09,277  WARNING  ⚠️  Ошибка API: 429 resource has been exhausted (e.g. check quota).
2025-07-16 12:39:09,278  WARNING   Переход на ключ #1
2025-07-16 12:39:09,764  WARNING  ⚠️  Ошибка API: 429 resource has been exhausted (e.g. check quota).
2025-07-16 12:39:09,764  WARNING   Переход на ключ #2
2025-07-16 12:39:10,214  WARNING  ⚠️  Ошибка API: 429 resource has been exhausted (e.g. check quota).
2025-07-16 12:39:10,214  WARNING   Переход на ключ #1
2025-07-16 12:39:10,721  WARNING  ⚠️  Ошибка API: 429 resource has been exhausted (e.g. check quota).
2025-07-16 12:39:10,721  WARNING   Переход на ключ #2
2025-07-16 12:39:11,223  WARNING  ⚠️  Ошибка API: 429 resource has been exhausted (e.g. check quota).
2025-07-16 12:39:11,223  WARNING   Переход на ключ #1
2025-07-16 12:39:11,927  WARNING  ⚠️  Ошибка API: 429 resource has been exhausted (e.g. check quota).
2025-07-16 12:39:11,927  WARNING   Переход на ключ #2
2025-07-16 12:39:12,463  WARNING  ⚠️  Ошибка API: 429 resource has been exhausted (e.g. check quota).
2025-07-16 12:39:12,463  WARNING   Переход на ключ #1
2025-07-16 12:39:12,953  WARNING  ⚠️  Ошибка API: 429 resource has been exhausted (e.g. check quota).
2025-07-16 12:39:12,954  WARNING   Переход на ключ #2
2025-07-16 12:39:13,679  WARNING  ⚠️  Ошибка API: 429 resource has been exhausted (e.g. check quota).
2025-07-16 12:39:13,679  WARNING   Переход на ключ #1
2025-07-16 12:39:14,159  WARNING  ⚠️  Ошибка API: 429 resource has been exhausted (e.g. check quota).
2025-07-16 12:39:14,159  WARNING   Переход на ключ #2
2025-07-16 12:39:14,687  WARNING  ⚠️  Ошибка API: 429 resource has been exhausted (e.g. check quota).
2025-07-16 12:39:14,687  WARNING   Переход на ключ #1
2025-07-16 12:39:15,157  WARNING  ⚠️  Ошибка API: 429 resource has been exhausted (e.g. check quota).
2025-07-16 12:39:15,158  WARNING   Переход на ключ #2
2025-07-16 12:39:15,588  WARNING  ⚠️  Ошибка API: 429 resource has been exhausted (e.g. check quota).
2025-07-16 12:39:15,588  WARNING   Переход на ключ #1
2025-07-16 12:39:16,024  WARNING  ⚠️  Ошибка API: 429 resource has been exhausted (e.g. check quota).
2025-07-16 12:39:16,025  WARNING   Переход на ключ #2
2025-07-16 12:39:16,452  WARNING  ⚠️  Ошибка API: 429 resource has been exhausted (e.g. check quota).
2025-07-16 12:39:16,453  WARNING   Переход на ключ #1
2025-07-16 12:39:16,919  WARNING  ⚠️  Ошибка API: 429 resource has been exhausted (e.g. check quota).
2025-07-16 12:39:16,919  WARNING   Переход на ключ #2
2025-07-16 12:39:17,335  WARNING  ⚠️  Ошибка API: 429 resource has been exhausted (e.g. check quota).
2025-07-16 12:39:17,336  WARNING   Переход на ключ #1
2025-07-16 12:39:18,022  WARNING  ⚠️  Ошибка API: 429 resource has been exhausted (e.g. check quota).
2025-07-16 12:39:18,022  WARNING   Переход на ключ #2
2025-07-16 12:39:18,427  WARNING  ⚠️  Ошибка API: 429 resource has been exhausted (e.g. check quota).
2025-07-16 12:39:18,428  WARNING   Переход на ключ #1
2025-07-16 12:39:18,941  WARNING  ⚠️  Ошибка API: 429 resource has been exhausted (e.g. check quota).
2025-07-16 12:39:18,941  WARNING   Переход на ключ #2
2025-07-16 12:39:19,425  WARNING  ⚠️  Ошибка API: 429 resource has been exhausted (e.g. check quota).
2025-07-16 12:39:19,425  WARNING   Переход на ключ #1
2025-07-16 12:39:19,926  WARNING  ⚠️  Ошибка API: 429 resource has been exhausted (e.g. check quota).
2025-07-16 12:39:19,926  WARNING   Переход на ключ #2
2025-07-16 12:39:20,463  WARNING  ⚠️  Ошибка API: 429 resource has been exhausted (e.g. check quota).
2025-07-16 12:39:20,463  WARNING   Переход на ключ #1
2025-07-16 12:39:20,938  WARNING  ⚠️  Ошибка API: 429 resource has been exhausted (e.g. check quota).
2025-07-16 12:39:20,938  WARNING   Переход на ключ #2
2025-07-16 12:39:21,366  WARNING  ⚠️  Ошибка API: 429 resource has been exhausted (e.g. check quota).
2025-07-16 12:39:21,366  WARNING   Переход на ключ #1
2025-07-16 12:39:21,870  WARNING  ⚠️  Ошибка API: 429 resource has been exhausted (e.g. check quota).
2025-07-16 12:39:21,870  WARNING   Переход на ключ #2
2025-07-16 12:39:22,376  WARNING  ⚠️  Ошибка API: 429 resource has been exhausted (e.g. check quota).
2025-07-16 12:39:22,376  WARNING   Переход на ключ #1
2025-07-16 12:39:22,817  WARNING  ⚠️  Ошибка API: 429 resource has been exhausted (e.g. check quota).
2025-07-16 12:39:22,818  WARNING   Переход на ключ #2
2025-07-16 12:39:23,243  WARNING  ⚠️  Ошибка API: 429 resource has been exhausted (e.g. check quota).
2025-07-16 12:39:23,243  WARNING   Переход на ключ #1
2025-07-16 12:39:24,110  WARNING  ⚠️  Ошибка API: 429 resource has been exhausted (e.g. check quota).
2025-07-16 12:39:24,111  WARNING   Переход на ключ #2
2025-07-16 12:39:24,530  WARNING  ⚠️  Ошибка API: 429 resource has been exhausted (e.g. check quota).
2025-07-16 12:39:24,530  WARNING   Переход на ключ #1
2025-07-16 12:39:24,935  WARNING  ⚠️  Ошибка API: 429 resource has been exhausted (e.g. check quota).
2025-07-16 12:39:24,935  WARNING   Переход на ключ #2
2025-07-16 12:39:25,372  WARNING  ⚠️  Ошибка API: 429 resource has been exhausted (e.g. check quota).
2025-07-16 12:39:25,373  WARNING   Переход на ключ #1
2025-07-16 12:39:26,114  WARNING  ⚠️  Ошибка API: 429 resource has been exhausted (e.g. check quota).
2025-07-16 12:39:26,114  WARNING   Переход на ключ #2
2025-07-16 12:39:26,560  WARNING  ⚠️  Ошибка API: 429 resource has been exhausted (e.g. check quota).
2025-07-16 12:39:26,561  WARNING   Переход на ключ #1
2025-07-16 12:39:26,989  WARNING  ⚠️  Ошибка API: 429 resource has been exhausted (e.g. check quota).
2025-07-16 12:39:26,989  WARNING   Переход на ключ #2
2025-07-16 12:39:27,829  WARNING  ⚠️  Ошибка API: 429 resource has been exhausted (e.g. check quota).
2025-07-16 12:39:27,830  WARNING   Переход на ключ #1
2025-07-16 12:39:29,003  WARNING  ⚠️  Ошибка API: 429 resource has been exhausted (e.g. check quota).
2025-07-16 12:39:29,004  WARNING   Переход на ключ #2
2025-07-16 12:39:29,822  WARNING  ⚠️  Ошибка API: 429 resource has been exhausted (e.g. check quota).
2025-07-16 12:39:29,822  WARNING   Переход на ключ #1
2025-07-16 12:39:30,766  WARNING  ⚠️  Ошибка API: 429 resource has been exhausted (e.g. check quota).
2025-07-16 12:39:30,766  WARNING   Переход на ключ #2
2025-07-16 12:39:31,395  WARNING  ⚠️  Ошибка API: 429 resource has been exhausted (e.g. check quota).
2025-07-16 12:39:31,395  WARNING   Переход на ключ #1
2025-07-16 12:39:33,803  WARNING  ⚠️  Ошибка API: 429 resource has been exhausted (e.g. check quota).
2025-07-16 12:39:33,803  WARNING   Переход на ключ #2
2025-07-16 12:39:34,864  WARNING  ⚠️  Ошибка API: 429 resource has been exhausted (e.g. check quota).
2025-07-16 12:39:34,865  WARNING   Переход на ключ #1
2025-07-16 12:39:35,969  WARNING  ⚠️  Ошибка API: 429 resource has been exhausted (e.g. check quota).
2025-07-16 12:39:35,970  WARNING   Переход на ключ #2
2025-07-16 12:39:37,103  WARNING  ⚠️  Ошибка API: 429 resource has been exhausted (e.g. check quota).
2025-07-16 12:39:37,103  WARNING   Переход на ключ #1
2025-07-16 12:39:37,769  WARNING  ⚠️  Ошибка API: 429 resource has been exhausted (e.g. check quota).
2025-07-16 12:39:37,770  WARNING   Переход на ключ #2
2025-07-16 12:39:38,515  WARNING  ⚠️  Ошибка API: 429 resource has been exhausted (e.g. check quota).
2025-07-16 12:39:38,515  WARNING   Переход на ключ #1
2025-07-16 12:39:39,065  WARNING  ⚠️  Ошибка API: 429 resource has been exhausted (e.g. check quota).
2025-07-16 12:39:39,066  WARNING   Переход на ключ #2
2025-07-16 12:39:39,724  WARNING  ⚠️  Ошибка API: 429 resource has been exhausted (e.g. check quota).
2025-07-16 12:39:39,724  WARNING   Переход на ключ #1
2025-07-16 12:39:41,060  WARNING  ⚠️  Ошибка API: 429 resource has been exhausted (e.g. check quota).
2025-07-16 12:39:41,060  WARNING   Переход на ключ #2
2025-07-16 12:39:42,193  WARNING  ⚠️  Ошибка API: 429 resource has been exhausted (e.g. check quota).
2025-07-16 12:39:42,194  WARNING   Переход на ключ #1
2025-07-16 12:39:42,965  WARNING  ⚠️  Ошибка API: 429 resource has been exhausted (e.g. check quota).
2025-07-16 12:39:42,965  WARNING   Переход на ключ #2
2025-07-16 12:39:43,646  WARNING  ⚠️  Ошибка API: 429 resource has been exhausted (e.g. check quota).
2025-07-16 12:39:43,646  WARNING   Переход на ключ #1
2025-07-16 12:39:44,268  WARNING  ⚠️  Ошибка API: 429 resource has been exhausted (e.g. check quota).
2025-07-16 12:39:44,268  WARNING   Переход на ключ #2
2025-07-16 12:39:44,958  WARNING  ⚠️  Ошибка API: 429 resource has been exhausted (e.g. check quota).
2025-07-16 12:39:44,958  WARNING   Переход на ключ #1
2025-07-16 12:39:45,769  WARNING  ⚠️  Ошибка API: 429 resource has been exhausted (e.g. check quota).
2025-07-16 12:39:45,769  WARNING   Переход на ключ #2
2025-07-16 12:39:46,939  WARNING  ⚠️  Ошибка API: 429 resource has been exhausted (e.g. check quota).
2025-07-16 12:39:46,939  WARNING   Переход на ключ #1
2025-07-16 12:39:47,623  WARNING  ⚠️  Ошибка API: 429 resource has been exhausted (e.g. check quota).
2025-07-16 12:39:47,624  WARNING   Переход на ключ #2
2025-07-16 12:39:48,258  WARNING  ⚠️  Ошибка API: 429 resource has been exhausted (e.g. check quota).
2025-07-16 12:39:48,258  WARNING   Переход на ключ #1
2025-07-16 12:39:49,337  WARNING  ⚠️  Ошибка API: 429 resource has been exhausted (e.g. check quota).
2025-07-16 12:39:49,337  WARNING   Переход на ключ #2
2025-07-16 12:39:50,169  WARNING  ⚠️  Ошибка API: 429 resource has been exhausted (e.g. check quota).
2025-07-16 12:39:50,169  WARNING   Переход на ключ #1
2025-07-16 12:39:50,905  WARNING  ⚠️  Ошибка API: 429 resource has been exhausted (e.g. check quota).
2025-07-16 12:39:50,905  WARNING   Переход на ключ #2
2025-07-16 12:39:52,039  WARNING  ⚠️  Ошибка API: 429 resource has been exhausted (e.g. check quota).
2025-07-16 12:39:52,040  WARNING   Переход на ключ #1
2025-07-16 12:39:52,986  WARNING  ⚠️  Ошибка API: 429 resource has been exhausted (e.g. check quota).
2025-07-16 12:39:52,986  WARNING   Переход на ключ #2
2025-07-16 12:39:53,923  WARNING  ⚠️  Ошибка API: 429 resource has been exhausted (e.g. check quota).
2025-07-16 12:39:53,923  WARNING   Переход на ключ #1
2025-07-16 12:39:54,642  WARNING  ⚠️  Ошибка API: 429 resource has been exhausted (e.g. check quota).
2025-07-16 12:39:54,643  WARNING   Переход на ключ #2
2025-07-16 12:39:55,360  WARNING  ⚠️  Ошибка API: 429 resource has been exhausted (e.g. check quota).
2025-07-16 12:39:55,360  WARNING   Переход на ключ #1
2025-07-16 12:39:56,048  WARNING  ⚠️  Ошибка API: 429 resource has been exhausted (e.g. check quota).
2025-07-16 12:39:56,048  WARNING   Переход на ключ #2
2025-07-16 12:39:56,826  WARNING  ⚠️  Ошибка API: 429 resource has been exhausted (e.g. check quota).
2025-07-16 12:39:56,826  WARNING   Переход на ключ #1
2025-07-16 12:39:57,587  WARNING  ⚠️  Ошибка API: 429 resource has been exhausted (e.g. check quota).
2025-07-16 12:39:57,587  WARNING   Переход на ключ #2
2025-07-16 12:39:58,411  WARNING  ⚠️  Ошибка API: 429 resource has been exhausted (e.g. check quota).
2025-07-16 12:39:58,411  WARNING   Переход на ключ #1
2025-07-16 12:40:00,042  WARNING  ⚠️  Ошибка API: 429 resource has been exhausted (e.g. check quota).
2025-07-16 12:40:00,042  WARNING   Переход на ключ #2
2025-07-16 12:40:01,063  WARNING  ⚠️  Ошибка API: 429 resource has been exhausted (e.g. check quota).
2025-07-16 12:40:01,063  WARNING   Переход на ключ #1
2025-07-16 12:40:01,659  WARNING  ⚠️  Ошибка API: 429 resource has been exhausted (e.g. check quota).
2025-07-16 12:40:01,659  WARNING   Переход на ключ #2
2025-07-16 12:40:02,427  WARNING  ⚠️  Ошибка API: 429 resource has been exhausted (e.g. check quota).
2025-07-16 12:40:02,427  WARNING   Переход на ключ #1
2025-07-16 12:40:03,395  WARNING  ⚠️  Ошибка API: 429 resource has been exhausted (e.g. check quota).
2025-07-16 12:40:03,395  WARNING   Переход на ключ #2
2025-07-16 12:40:04,139  WARNING  ⚠️  Ошибка API: 429 resource has been exhausted (e.g. check quota).
2025-07-16 12:40:04,139  WARNING   Переход на ключ #1
2025-07-16 12:40:04,978  WARNING  ⚠️  Ошибка API: 429 resource has been exhausted (e.g. check quota).
2025-07-16 12:40:04,979  WARNING   Переход на ключ #2
2025-07-16 12:40:05,760  WARNING  ⚠️  Ошибка API: 429 resource has been exhausted (e.g. check quota).
2025-07-16 12:40:05,761  WARNING   Переход на ключ #1
2025-07-16 12:40:06,966  WARNING  ⚠️  Ошибка API: 429 resource has been exhausted (e.g. check quota).
2025-07-16 12:40:06,966  WARNING   Переход на ключ #2
2025-07-16 12:40:07,953  WARNING  ⚠️  Ошибка API: 429 resource has been exhausted (e.g. check quota).
2025-07-16 12:40:07,953  WARNING   Переход на ключ #1
2025-07-16 12:40:08,843  WARNING  ⚠️  Ошибка API: 429 resource has been exhausted (e.g. check quota).
2025-07-16 12:40:08,843  WARNING   Переход на ключ #2
2025-07-16 12:40:09,740  WARNING  ⚠️  Ошибка API: 429 resource has been exhausted (e.g. check quota).
2025-07-16 12:40:09,740  WARNING   Переход на ключ #1
2025-07-16 12:40:10,431  WARNING  ⚠️  Ошибка API: 429 resource has been exhausted (e.g. check quota).
2025-07-16 12:40:10,432  WARNING   Переход на ключ #2
2025-07-16 12:40:11,819  WARNING  ⚠️  Ошибка API: 429 resource has been exhausted (e.g. check quota).
2025-07-16 12:40:11,820  WARNING   Переход на ключ #1
2025-07-16 12:40:13,080  WARNING  ⚠️  Ошибка API: 429 resource has been exhausted (e.g. check quota).
2025-07-16 12:40:13,081  WARNING   Переход на ключ #2
2025-07-16 12:40:13,980  WARNING  ⚠️  Ошибка API: 429 resource has been exhausted (e.g. check quota).
2025-07-16 12:40:13,980  WARNING   Переход на ключ #1
2025-07-16 12:40:15,051  WARNING  ⚠️  Ошибка API: 429 resource has been exhausted (e.g. check quota).
2025-07-16 12:40:15,052  WARNING   Переход на ключ #2
2025-07-16 12:40:16,458  WARNING  ⚠️  Ошибка API: 429 resource has been exhausted (e.g. check quota).
2025-07-16 12:40:16,459  WARNING   Переход на ключ #1
2025-07-16 12:40:17,176  WARNING  ⚠️  Ошибка API: 429 resource has been exhausted (e.g. check quota).
2025-07-16 12:40:17,176  WARNING   Переход на ключ #2
2025-07-16 12:40:18,890  WARNING  ⚠️  Ошибка API: 429 resource has been exhausted (e.g. check quota).
2025-07-16 12:40:18,890  WARNING   Переход на ключ #1
2025-07-16 12:40:19,908  WARNING  ⚠️  Ошибка API: 429 resource has been exhausted (e.g. check quota).
2025-07-16 12:40:19,908  WARNING   Переход на ключ #2
2025-07-16 12:40:20,669  WARNING  ⚠️  Ошибка API: 429 resource has been exhausted (e.g. check quota).
2025-07-16 12:40:20,670  WARNING   Переход на ключ #1
2025-07-16 12:40:21,393  WARNING  ⚠️  Ошибка API: 429 resource has been exhausted (e.g. check quota).
2025-07-16 12:40:21,394  WARNING   Переход на ключ #2
2025-07-16 12:40:22,240  WARNING  ⚠️  Ошибка API: 429 resource has been exhausted (e.g. check quota).
2025-07-16 12:40:22,241  WARNING   Переход на ключ #1
2025-07-16 12:40:23,687  WARNING  ⚠️  Ошибка API: 429 resource has been exhausted (e.g. check quota).
2025-07-16 12:40:23,688  WARNING   Переход на ключ #2
2025-07-16 12:40:24,564  WARNING  ⚠️  Ошибка API: 429 resource has been exhausted (e.g. check quota).
2025-07-16 12:40:24,564  WARNING   Переход на ключ #1
2025-07-16 12:40:25,286  WARNING  ⚠️  Ошибка API: 429 resource has been exhausted (e.g. check quota).
2025-07-16 12:40:25,286  WARNING   Переход на ключ #2
2025-07-16 12:40:26,435  WARNING  ⚠️  Ошибка API: 429 resource has been exhausted (e.g. check quota).
2025-07-16 12:40:26,435  WARNING   Переход на ключ #1
2025-07-16 12:40:27,375  WARNING  ⚠️  Ошибка API: 429 resource has been exhausted (e.g. check quota).
2025-07-16 12:40:27,375  WARNING   Переход на ключ #2
2025-07-16 12:40:28,218  WARNING  ⚠️  Ошибка API: 429 resource has been exhausted (e.g. check quota).
2025-07-16 12:40:28,218  WARNING   Переход на ключ #1
2025-07-16 12:40:29,123  WARNING  ⚠️  Ошибка API: 429 resource has been exhausted (e.g. check quota).
2025-07-16 12:40:29,123  WARNING   Переход на ключ #2
2025-07-16 12:40:30,171  WARNING  ⚠️  Ошибка API: 429 resource has been exhausted (e.g. check quota).
2025-07-16 12:40:30,172  WARNING   Переход на ключ #1
2025-07-16 12:40:31,206  WARNING  ⚠️  Ошибка API: 429 resource has been exhausted (e.g. check quota).
2025-07-16 12:40:31,206  WARNING   Переход на ключ #2
2025-07-16 12:40:32,282  WARNING  ⚠️  Ошибка API: 429 resource has been exhausted (e.g. check quota).
2025-07-16 12:40:32,282  WARNING   Переход на ключ #1
2025-07-16 12:40:33,379  WARNING  ⚠️  Ошибка API: 429 resource has been exhausted (e.g. check quota).
2025-07-16 12:40:33,380  WARNING   Переход на ключ #2
2025-07-16 12:40:34,074  WARNING  ⚠️  Ошибка API: 429 resource has been exhausted (e.g. check quota).
2025-07-16 12:40:34,074  WARNING   Переход на ключ #1
2025-07-16 12:40:34,817  WARNING  ⚠️  Ошибка API: 429 resource has been exhausted (e.g. check quota).
2025-07-16 12:40:34,817  WARNING   Переход на ключ #2
2025-07-16 12:40:36,332  WARNING  ⚠️  Ошибка API: 429 resource has been exhausted (e.g. check quota).
2025-07-16 12:40:36,332  WARNING   Переход на ключ #1
2025-07-16 12:40:37,797  WARNING  ⚠️  Ошибка API: 429 resource has been exhausted (e.g. check quota).
2025-07-16 12:40:37,797  WARNING   Переход на ключ #2
2025-07-16 12:40:38,837  WARNING  ⚠️  Ошибка API: 429 resource has been exhausted (e.g. check quota).
2025-07-16 12:40:38,837  WARNING   Переход на ключ #1
2025-07-16 12:40:39,688  WARNING  ⚠️  Ошибка API: 429 resource has been exhausted (e.g. check quota).
2025-07-16 12:40:39,688  WARNING   Переход на ключ #2
2025-07-16 12:40:40,462  WARNING  ⚠️  Ошибка API: 429 resource has been exhausted (e.g. check quota).
2025-07-16 12:40:40,462  WARNING   Переход на ключ #1
2025-07-16 12:40:41,485  WARNING  ⚠️  Ошибка API: 429 resource has been exhausted (e.g. check quota).
2025-07-16 12:40:41,485  WARNING   Переход на ключ #2
2025-07-16 12:40:42,423  WARNING  ⚠️  Ошибка API: 429 resource has been exhausted (e.g. check quota).
2025-07-16 12:40:42,423  WARNING   Переход на ключ #1
2025-07-16 12:40:43,043  WARNING  ⚠️  Ошибка API: 429 resource has been exhausted (e.g. check quota).
2025-07-16 12:40:43,043  WARNING   Переход на ключ #2
2025-07-16 12:40:43,964  WARNING  ⚠️  Ошибка API: 429 resource has been exhausted (e.g. check quota).
2025-07-16 12:40:43,964  WARNING   Переход на ключ #1
2025-07-16 12:40:45,275  WARNING  ⚠️  Ошибка API: 429 resource has been exhausted (e.g. check quota).
2025-07-16 12:40:45,275  WARNING   Переход на ключ #2
2025-07-16 12:40:46,002  WARNING  ⚠️  Ошибка API: 429 resource has been exhausted (e.g. check quota).
2025-07-16 12:40:46,002  WARNING   Переход на ключ #1
2025-07-16 12:40:47,195  WARNING  ⚠️  Ошибка API: 429 resource has been exhausted (e.g. check quota).
2025-07-16 12:40:47,196  WARNING   Переход на ключ #2
2025-07-16 12:40:48,041  WARNING  ⚠️  Ошибка API: 429 resource has been exhausted (e.g. check quota).
2025-07-16 12:40:48,041  WARNING   Переход на ключ #1
2025-07-16 12:40:49,181  WARNING  ⚠️  Ошибка API: 429 resource has been exhausted (e.g. check quota).
2025-07-16 12:40:49,182  WARNING   Переход на ключ #2
2025-07-16 12:40:50,397  WARNING  ⚠️  Ошибка API: 429 resource has been exhausted (e.g. check quota).
2025-07-16 12:40:50,398  WARNING   Переход на ключ #1
2025-07-16 12:40:51,513  WARNING  ⚠️  Ошибка API: 429 resource has been exhausted (e.g. check quota).
2025-07-16 12:40:51,513  WARNING   Переход на ключ #2
2025-07-16 12:40:52,309  WARNING  ⚠️  Ошибка API: 429 resource has been exhausted (e.g. check quota).
2025-07-16 12:40:52,310  WARNING   Переход на ключ #1
2025-07-16 12:40:53,372  WARNING  ⚠️  Ошибка API: 429 resource has been exhausted (e.g. check quota).
2025-07-16 12:40:53,372  WARNING   Переход на ключ #2
2025-07-16 12:40:54,104  WARNING  ⚠️  Ошибка API: 429 resource has been exhausted (e.g. check quota).
2025-07-16 12:40:54,104  WARNING   Переход на ключ #1
2025-07-16 12:40:54,881  WARNING  ⚠️  Ошибка API: 429 resource has been exhausted (e.g. check quota).
2025-07-16 12:40:54,881  WARNING   Переход на ключ #2
2025-07-16 12:40:55,621  WARNING  ⚠️  Ошибка API: 429 resource has been exhausted (e.g. check quota).
2025-07-16 12:40:55,621  WARNING   Переход на ключ #1
2025-07-16 12:40:56,417  WARNING  ⚠️  Ошибка API: 429 resource has been exhausted (e.g. check quota).
2025-07-16 12:40:56,417  WARNING   Переход на ключ #2
2025-07-16 12:40:58,900  WARNING  ⚠️  Ошибка API: 429 resource has been exhausted (e.g. check quota).
2025-07-16 12:40:58,901  WARNING   Переход на ключ #1
2025-07-16 12:40:59,808  WARNING  ⚠️  Ошибка API: 429 resource has been exhausted (e.g. check quota).
2025-07-16 12:40:59,808  WARNING   Переход на ключ #2
2025-07-16 12:41:00,918  WARNING  ⚠️  Ошибка API: 429 resource has been exhausted (e.g. check quota).
2025-07-16 12:41:00,919  WARNING   Переход на ключ #1
2025-07-16 12:41:01,808  WARNING  ⚠️  Ошибка API: 429 resource has been exhausted (e.g. check quota).
2025-07-16 12:41:01,809  WARNING   Переход на ключ #2
2025-07-16 12:41:02,466  WARNING  ⚠️  Ошибка API: 429 resource has been exhausted (e.g. check quota).
2025-07-16 12:41:02,467  WARNING   Переход на ключ #1
2025-07-16 12:41:04,528  WARNING  ⚠️  Ошибка API: 429 resource has been exhausted (e.g. check quota).
2025-07-16 12:41:04,528  WARNING   Переход на ключ #2
2025-07-16 12:41:05,093  WARNING  ⚠️  Ошибка API: 429 resource has been exhausted (e.g. check quota).
2025-07-16 12:41:05,093  WARNING   Переход на ключ #1
2025-07-16 12:41:05,678  WARNING  ⚠️  Ошибка API: 429 resource has been exhausted (e.g. check quota).
2025-07-16 12:41:05,678  WARNING   Переход на ключ #2
2025-07-16 12:41:06,206  WARNING  ⚠️  Ошибка API: 429 resource has been exhausted (e.g. check quota).
2025-07-16 12:41:06,206  WARNING   Переход на ключ #1
2025-07-16 12:41:06,930  WARNING  ⚠️  Ошибка API: 429 resource has been exhausted (e.g. check quota).
2025-07-16 12:41:06,930  WARNING   Переход на ключ #2
2025-07-16 12:41:07,804  WARNING  ⚠️  Ошибка API: 429 resource has been exhausted (e.g. check quota).
2025-07-16 12:41:07,805  WARNING   Переход на ключ #1
2025-07-16 12:41:08,538  WARNING  ⚠️  Ошибка API: 429 resource has been exhausted (e.g. check quota).
2025-07-16 12:41:08,539  WARNING   Переход на ключ #2
2025-07-16 12:41:09,345  WARNING  ⚠️  Ошибка API: 429 resource has been exhausted (e.g. check quota).
2025-07-16 12:41:09,346  WARNING   Переход на ключ #1
2025-07-16 12:41:10,107  WARNING  ⚠️  Ошибка API: 429 resource has been exhausted (e.g. check quota).
2025-07-16 12:41:10,107  WARNING   Переход на ключ #2
2025-07-16 12:41:10,750  WARNING  ⚠️  Ошибка API: 429 resource has been exhausted (e.g. check quota).
2025-07-16 12:41:10,751  WARNING   Переход на ключ #1
2025-07-16 12:41:11,463  WARNING  ⚠️  Ошибка API: 429 resource has been exhausted (e.g. check quota).
2025-07-16 12:41:11,464  WARNING   Переход на ключ #2
2025-07-16 12:41:12,568  WARNING  ⚠️  Ошибка API: 429 resource has been exhausted (e.g. check quota).
2025-07-16 12:41:12,568  WARNING   Переход на ключ #1
2025-07-16 12:41:13,860  WARNING  ⚠️  Ошибка API: 429 resource has been exhausted (e.g. check quota).
2025-07-16 12:41:13,861  WARNING   Переход на ключ #2
2025-07-16 12:41:15,077  WARNING  ⚠️  Ошибка API: 429 resource has been exhausted (e.g. check quota).
2025-07-16 12:41:15,077  WARNING   Переход на ключ #1
2025-07-16 12:41:16,155  WARNING  ⚠️  Ошибка API: 429 resource has been exhausted (e.g. check quota).
2025-07-16 12:41:16,155  WARNING   Переход на ключ #2
2025-07-16 12:41:16,897  WARNING  ⚠️  Ошибка API: 429 resource has been exhausted (e.g. check quota).
2025-07-16 12:41:16,897  WARNING   Переход на ключ #1
2025-07-16 12:41:17,874  WARNING  ⚠️  Ошибка API: 429 resource has been exhausted (e.g. check quota).
2025-07-16 12:41:17,874  WARNING   Переход на ключ #2
2025-07-16 12:41:18,958  WARNING  ⚠️  Ошибка API: 429 resource has been exhausted (e.g. check quota).
2025-07-16 12:41:18,959  WARNING   Переход на ключ #1
2025-07-16 12:41:20,085  WARNING  ⚠️  Ошибка API: 429 resource has been exhausted (e.g. check quota).
2025-07-16 12:41:20,085  WARNING   Переход на ключ #2
2025-07-16 12:41:20,865  WARNING  ⚠️  Ошибка API: 429 resource has been exhausted (e.g. check quota).
2025-07-16 12:41:20,865  WARNING   Переход на ключ #1
2025-07-16 12:41:21,710  WARNING  ⚠️  Ошибка API: 429 resource has been exhausted (e.g. check quota).
2025-07-16 12:41:21,710  WARNING   Переход на ключ #2
2025-07-16 12:41:24,224  WARNING  ⚠️  Ошибка API: 429 resource has been exhausted (e.g. check quota).
2025-07-16 12:41:24,225  WARNING   Переход на ключ #1
2025-07-16 12:41:25,259  WARNING  ⚠️  Ошибка API: 429 resource has been exhausted (e.g. check quota).
2025-07-16 12:41:25,259  WARNING   Переход на ключ #2
2025-07-16 12:41:26,154  WARNING  ⚠️  Ошибка API: 429 resource has been exhausted (e.g. check quota).
2025-07-16 12:41:26,154  WARNING   Переход на ключ #1
2025-07-16 12:41:27,203  WARNING  ⚠️  Ошибка API: 429 resource has been exhausted (e.g. check quota).
2025-07-16 12:41:27,204  WARNING   Переход на ключ #2
2025-07-16 12:41:28,040  WARNING  ⚠️  Ошибка API: 429 resource has been exhausted (e.g. check quota).
2025-07-16 12:41:28,040  WARNING   Переход на ключ #1
2025-07-16 12:41:28,922  WARNING  ⚠️  Ошибка API: 429 resource has been exhausted (e.g. check quota).
2025-07-16 12:41:28,922  WARNING   Переход на ключ #2
2025-07-16 12:41:29,894  WARNING  ⚠️  Ошибка API: 429 resource has been exhausted (e.g. check quota).
2025-07-16 12:41:29,894  WARNING   Переход на ключ #1
2025-07-16 12:41:30,705  WARNING  ⚠️  Ошибка API: 429 resource has been exhausted (e.g. check quota).
2025-07-16 12:41:30,705  WARNING   Переход на ключ #2
2025-07-16 12:41:31,787  WARNING  ⚠️  Ошибка API: 429 resource has been exhausted (e.g. check quota).
2025-07-16 12:41:31,788  WARNING   Переход на ключ #1
2025-07-16 12:41:32,822  WARNING  ⚠️  Ошибка API: 429 resource has been exhausted (e.g. check quota).
2025-07-16 12:41:32,822  WARNING   Переход на ключ #2
2025-07-16 12:41:33,938  WARNING  ⚠️  Ошибка API: 429 resource has been exhausted (e.g. check quota).
2025-07-16 12:41:33,939  WARNING   Переход на ключ #1
2025-07-16 12:41:34,949  WARNING  ⚠️  Ошибка API: 429 resource has been exhausted (e.g. check quota).
2025-07-16 12:41:34,949  WARNING   Переход на ключ #2
2025-07-16 12:41:35,856  WARNING  ⚠️  Ошибка API: 429 resource has been exhausted (e.g. check quota).
2025-07-16 12:41:35,857  WARNING   Переход на ключ #1
2025-07-16 12:41:36,773  WARNING  ⚠️  Ошибка API: 429 resource has been exhausted (e.g. check quota).
2025-07-16 12:41:36,773  WARNING   Переход на ключ #2
2025-07-16 12:41:38,813  WARNING  ⚠️  Ошибка API: 429 resource has been exhausted (e.g. check quota).
2025-07-16 12:41:38,813  WARNING   Переход на ключ #1
2025-07-16 12:41:40,287  WARNING  ⚠️  Ошибка API: 429 resource has been exhausted (e.g. check quota).
2025-07-16 12:41:40,287  WARNING   Переход на ключ #2
2025-07-16 12:41:41,272  WARNING  ⚠️  Ошибка API: 429 resource has been exhausted (e.g. check quota).
2025-07-16 12:41:41,272  WARNING   Переход на ключ #1
2025-07-16 12:41:42,782  WARNING  ⚠️  Ошибка API: 429 resource has been exhausted (e.g. check quota).
2025-07-16 12:41:42,782  WARNING   Переход на ключ #2
2025-07-16 12:41:43,852  WARNING  ⚠️  Ошибка API: 429 resource has been exhausted (e.g. check quota).
2025-07-16 12:41:43,852  WARNING   Переход на ключ #1
2025-07-16 12:41:45,733  WARNING  ⚠️  Ошибка API: 429 resource has been exhausted (e.g. check quota).
2025-07-16 12:41:45,733  WARNING   Переход на ключ #2
2025-07-16 12:41:46,544  WARNING  ⚠️  Ошибка API: 429 resource has been exhausted (e.g. check quota).
2025-07-16 12:41:46,544  WARNING   Переход на ключ #1
2025-07-16 12:41:47,750  WARNING  ⚠️  Ошибка API: 429 resource has been exhausted (e.g. check quota).
2025-07-16 12:41:47,751  WARNING   Переход на ключ #2
2025-07-16 12:41:48,460  WARNING  ⚠️  Ошибка API: 429 resource has been exhausted (e.g. check quota).
2025-07-16 12:41:48,461  WARNING   Переход на ключ #1
2025-07-16 12:41:50,010  WARNING  ⚠️  Ошибка API: 429 resource has been exhausted (e.g. check quota).
2025-07-16 12:41:50,010  WARNING   Переход на ключ #2
2025-07-16 12:41:50,966  WARNING  ⚠️  Ошибка API: 429 resource has been exhausted (e.g. check quota).
2025-07-16 12:41:50,966  WARNING   Переход на ключ #1
2025-07-16 12:41:52,241  WARNING  ⚠️  Ошибка API: 429 resource has been exhausted (e.g. check quota).
2025-07-16 12:41:52,241  WARNING   Переход на ключ #2
2025-07-16 12:41:53,483  WARNING  ⚠️  Ошибка API: 429 resource has been exhausted (e.g. check quota).
2025-07-16 12:41:53,484  WARNING   Переход на ключ #1
2025-07-16 12:41:54,372  WARNING  ⚠️  Ошибка API: 429 resource has been exhausted (e.g. check quota).
2025-07-16 12:41:54,373  WARNING   Переход на ключ #2
2025-07-16 12:41:55,364  WARNING  ⚠️  Ошибка API: 429 resource has been exhausted (e.g. check quota).
2025-07-16 12:41:55,365  WARNING   Переход на ключ #1
2025-07-16 12:41:56,449  WARNING  ⚠️  Ошибка API: 429 resource has been exhausted (e.g. check quota).
2025-07-16 12:41:56,449  WARNING   Переход на ключ #2
2025-07-16 12:41:57,465  WARNING  ⚠️  Ошибка API: 429 resource has been exhausted (e.g. check quota).
2025-07-16 12:41:57,465  WARNING   Переход на ключ #1
2025-07-16 12:41:58,445  WARNING  ⚠️  Ошибка API: 429 resource has been exhausted (e.g. check quota).
2025-07-16 12:41:58,445  WARNING   Переход на ключ #2
2025-07-16 12:42:00,144  WARNING  ⚠️  Ошибка API: 429 resource has been exhausted (e.g. check quota).
2025-07-16 12:42:00,145  WARNING   Переход на ключ #1
2025-07-16 12:42:01,197  WARNING  ⚠️  Ошибка API: 429 resource has been exhausted (e.g. check quota).
2025-07-16 12:42:01,198  WARNING   Переход на ключ #2
2025-07-16 12:42:02,159  WARNING  ⚠️  Ошибка API: 429 resource has been exhausted (e.g. check quota).
2025-07-16 12:42:02,159  WARNING   Переход на ключ #1
2025-07-16 12:42:03,310  WARNING  ⚠️  Ошибка API: 429 resource has been exhausted (e.g. check quota).
2025-07-16 12:42:03,311  WARNING   Переход на ключ #2
2025-07-16 12:42:04,367  WARNING  ⚠️  Ошибка API: 429 resource has been exhausted (e.g. check quota).
2025-07-16 12:42:04,367  WARNING   Переход на ключ #1
2025-07-16 12:42:05,267  WARNING  ⚠️  Ошибка API: 429 resource has been exhausted (e.g. check quota).
2025-07-16 12:42:05,268  WARNING   Переход на ключ #2
2025-07-16 12:42:06,545  WARNING  ⚠️  Ошибка API: 429 resource has been exhausted (e.g. check quota).
2025-07-16 12:42:06,546  WARNING   Переход на ключ #1
2025-07-16 12:42:07,972  WARNING  ⚠️  Ошибка API: 429 resource has been exhausted (e.g. check quota).
2025-07-16 12:42:07,972  WARNING   Переход на ключ #2
2025-07-16 12:42:08,928  WARNING  ⚠️  Ошибка API: 429 resource has been exhausted (e.g. check quota).
2025-07-16 12:42:08,929  WARNING   Переход на ключ #1
2025-07-16 12:42:09,786  WARNING  ⚠️  Ошибка API: 429 resource has been exhausted (e.g. check quota).
2025-07-16 12:42:09,786  WARNING   Переход на ключ #2
2025-07-16 12:42:11,053  WARNING  ⚠️  Ошибка API: 429 resource has been exhausted (e.g. check quota).
2025-07-16 12:42:11,054  WARNING   Переход на ключ #1
2025-07-16 12:42:12,403  WARNING  ⚠️  Ошибка API: 429 resource has been exhausted (e.g. check quota).
2025-07-16 12:42:12,404  WARNING   Переход на ключ #2
2025-07-16 12:42:13,190  WARNING  ⚠️  Ошибка API: 429 resource has been exhausted (e.g. check quota).
2025-07-16 12:42:13,190  WARNING   Переход на ключ #1
2025-07-16 12:42:14,549  WARNING  ⚠️  Ошибка API: 429 resource has been exhausted (e.g. check quota).
2025-07-16 12:42:14,549  WARNING   Переход на ключ #2
2025-07-16 12:42:15,521  WARNING  ⚠️  Ошибка API: 429 resource has been exhausted (e.g. check quota).
2025-07-16 12:42:15,522  WARNING   Переход на ключ #1
2025-07-16 12:42:16,554  WARNING  ⚠️  Ошибка API: 429 resource has been exhausted (e.g. check quota).
2025-07-16 12:42:16,554  WARNING   Переход на ключ #2
2025-07-16 12:42:17,422  WARNING  ⚠️  Ошибка API: 429 resource has been exhausted (e.g. check quota).
2025-07-16 12:42:17,422  WARNING   Переход на ключ #1
2025-07-16 12:42:18,342  WARNING  ⚠️  Ошибка API: 429 resource has been exhausted (e.g. check quota).
2025-07-16 12:42:18,343  WARNING   Переход на ключ #2
2025-07-16 12:42:19,124  WARNING  ⚠️  Ошибка API: 429 resource has been exhausted (e.g. check quota).
2025-07-16 12:42:19,124  WARNING   Переход на ключ #1
2025-07-16 12:42:20,238  WARNING  ⚠️  Ошибка API: 429 resource has been exhausted (e.g. check quota).
2025-07-16 12:42:20,239  WARNING   Переход на ключ #2
2025-07-16 12:42:21,063  WARNING  ⚠️  Ошибка API: 429 resource has been exhausted (e.g. check quota).
2025-07-16 12:42:21,064  WARNING   Переход на ключ #1
2025-07-16 12:42:25,635  WARNING  ⚠️  Ошибка API: 429 resource has been exhausted (e.g. check quota).
2025-07-16 12:42:25,635  WARNING   Переход на ключ #2
2025-07-16 12:42:26,448  WARNING  ⚠️  Ошибка API: 429 resource has been exhausted (e.g. check quota).
2025-07-16 12:42:26,449  WARNING   Переход на ключ #1
2025-07-16 12:42:27,382  WARNING  ⚠️  Ошибка API: 429 resource has been exhausted (e.g. check quota).
2025-07-16 12:42:27,383  WARNING   Переход на ключ #2
2025-07-16 12:42:28,263  WARNING  ⚠️  Ошибка API: 429 resource has been exhausted (e.g. check quota).
2025-07-16 12:42:28,264  WARNING   Переход на ключ #1
2025-07-16 12:42:29,382  WARNING  ⚠️  Ошибка API: 429 resource has been exhausted (e.g. check quota).
2025-07-16 12:42:29,383  WARNING   Переход на ключ #2
2025-07-16 12:42:30,280  WARNING  ⚠️  Ошибка API: 429 resource has been exhausted (e.g. check quota).
2025-07-16 12:42:30,280  WARNING   Переход на ключ #1
2025-07-16 12:42:31,268  WARNING  ⚠️  Ошибка API: 429 resource has been exhausted (e.g. check quota).
2025-07-16 12:42:31,269  WARNING   Переход на ключ #2
2025-07-16 12:42:32,088  WARNING  ⚠️  Ошибка API: 429 resource has been exhausted (e.g. check quota).
2025-07-16 12:42:32,089  WARNING   Переход на ключ #1
2025-07-16 12:42:33,526  WARNING  ⚠️  Ошибка API: 429 resource has been exhausted (e.g. check quota).
2025-07-16 12:42:33,526  WARNING   Переход на ключ #2
2025-07-16 12:42:34,387  WARNING  ⚠️  Ошибка API: 429 resource has been exhausted (e.g. check quota).
2025-07-16 12:42:34,387  WARNING   Переход на ключ #1
2025-07-16 12:42:35,361  WARNING  ⚠️  Ошибка API: 429 resource has been exhausted (e.g. check quota).
2025-07-16 12:42:35,364  WARNING   Переход на ключ #2
2025-07-16 12:42:36,226  WARNING  ⚠️  Ошибка API: 429 resource has been exhausted (e.g. check quota).
2025-07-16 12:42:36,226  WARNING   Переход на ключ #1
2025-07-16 12:42:37,028  WARNING  ⚠️  Ошибка API: 429 resource has been exhausted (e.g. check quota).
2025-07-16 12:42:37,028  WARNING   Переход на ключ #2
2025-07-16 12:42:37,882  WARNING  ⚠️  Ошибка API: 429 resource has been exhausted (e.g. check quota).
2025-07-16 12:42:37,883  WARNING   Переход на ключ #1
2025-07-16 12:42:38,968  WARNING  ⚠️  Ошибка API: 429 resource has been exhausted (e.g. check quota).
2025-07-16 12:42:38,968  WARNING   Переход на ключ #2
2025-07-16 12:42:39,778  WARNING  ⚠️  Ошибка API: 429 resource has been exhausted (e.g. check quota).
2025-07-16 12:42:39,779  WARNING   Переход на ключ #1
2025-07-16 12:42:40,854  WARNING  ⚠️  Ошибка API: 429 resource has been exhausted (e.g. check quota).
2025-07-16 12:42:40,855  WARNING   Переход на ключ #2
2025-07-16 12:42:42,165  WARNING  ⚠️  Ошибка API: 429 resource has been exhausted (e.g. check quota).
2025-07-16 12:42:42,166  WARNING   Переход на ключ #1
2025-07-16 12:42:44,133  WARNING  ⚠️  Ошибка API: 429 resource has been exhausted (e.g. check quota).
2025-07-16 12:42:44,133  WARNING   Переход на ключ #2
2025-07-16 12:42:45,269  WARNING  ⚠️  Ошибка API: 429 resource has been exhausted (e.g. check quota).
2025-07-16 12:42:45,270  WARNING   Переход на ключ #1
2025-07-16 12:42:46,505  WARNING  ⚠️  Ошибка API: 429 resource has been exhausted (e.g. check quota).
2025-07-16 12:42:46,506  WARNING   Переход на ключ #2
2025-07-16 12:42:47,815  WARNING  ⚠️  Ошибка API: 429 resource has been exhausted (e.g. check quota).
2025-07-16 12:42:47,816  WARNING   Переход на ключ #1
2025-07-16 12:42:49,041  WARNING  ⚠️  Ошибка API: 429 resource has been exhausted (e.g. check quota).
2025-07-16 12:42:49,041  WARNING   Переход на ключ #2
2025-07-16 12:42:50,933  WARNING  ⚠️  Ошибка API: 429 resource has been exhausted (e.g. check quota).
2025-07-16 12:42:50,934  WARNING   Переход на ключ #1
2025-07-16 12:42:51,610  WARNING  ⚠️  Ошибка API: 429 resource has been exhausted (e.g. check quota).
2025-07-16 12:42:51,610  WARNING   Переход на ключ #2
2025-07-16 12:42:52,530  WARNING  ⚠️  Ошибка API: 429 resource has been exhausted (e.g. check quota).
2025-07-16 12:42:52,530  WARNING   Переход на ключ #1
2025-07-16 12:42:53,279  WARNING  ⚠️  Ошибка API: 429 resource has been exhausted (e.g. check quota).
2025-07-16 12:42:53,280  WARNING   Переход на ключ #2
2025-07-16 12:42:54,415  WARNING  ⚠️  Ошибка API: 429 resource has been exhausted (e.g. check quota).
2025-07-16 12:42:54,415  WARNING   Переход на ключ #1
2025-07-16 12:42:55,435  WARNING  ⚠️  Ошибка API: 429 resource has been exhausted (e.g. check quota).
2025-07-16 12:42:55,435  WARNING   Переход на ключ #2
2025-07-16 12:42:56,701  WARNING  ⚠️  Ошибка API: 429 resource has been exhausted (e.g. check quota).
2025-07-16 12:42:56,702  WARNING   Переход на ключ #1
2025-07-16 12:42:58,188  WARNING  ⚠️  Ошибка API: 429 resource has been exhausted (e.g. check quota).
2025-07-16 12:42:58,189  WARNING   Переход на ключ #2
2025-07-16 12:42:59,458  WARNING  ⚠️  Ошибка API: 429 resource has been exhausted (e.g. check quota).
2025-07-16 12:42:59,459  WARNING   Переход на ключ #1
2025-07-16 12:43:03,499  WARNING  ⚠️  Ошибка API: 429 resource has been exhausted (e.g. check quota).
2025-07-16 12:43:03,499  WARNING   Переход на ключ #2
2025-07-16 12:43:04,885  WARNING  ⚠️  Ошибка API: 429 resource has been exhausted (e.g. check quota).
2025-07-16 12:43:04,886  WARNING   Переход на ключ #1
2025-07-16 12:43:06,822  WARNING  ⚠️  Ошибка API: 429 resource has been exhausted (e.g. check quota).
2025-07-16 12:43:06,822  WARNING   Переход на ключ #2
2025-07-16 12:43:07,500  WARNING  ⚠️  Ошибка API: 429 resource has been exhausted (e.g. check quota).
2025-07-16 12:43:07,500  WARNING   Переход на ключ #1
2025-07-16 12:43:08,715  WARNING  ⚠️  Ошибка API: 429 resource has been exhausted (e.g. check quota).
2025-07-16 12:43:08,715  WARNING   Переход на ключ #2
2025-07-16 12:43:09,435  WARNING  ⚠️  Ошибка API: 429 resource has been exhausted (e.g. check quota).
2025-07-16 12:43:09,435  WARNING   Переход на ключ #1
2025-07-16 12:43:10,873  WARNING  ⚠️  Ошибка API: 429 resource has been exhausted (e.g. check quota).
2025-07-16 12:43:10,874  WARNING   Переход на ключ #2
2025-07-16 12:43:11,615  WARNING  ⚠️  Ошибка API: 429 resource has been exhausted (e.g. check quota).
2025-07-16 12:43:11,615  WARNING   Переход на ключ #1
2025-07-16 12:43:12,405  WARNING  ⚠️  Ошибка API: 429 resource has been exhausted (e.g. check quota).
2025-07-16 12:43:12,405  WARNING   Переход на ключ #2
2025-07-16 12:43:13,120  WARNING  ⚠️  Ошибка API: 429 resource has been exhausted (e.g. check quota).
2025-07-16 12:43:13,120  WARNING   Переход на ключ #1
2025-07-16 12:43:13,869  WARNING  ⚠️  Ошибка API: 429 resource has been exhausted (e.g. check quota).
2025-07-16 12:43:13,869  WARNING   Переход на ключ #2
2025-07-16 12:43:15,314  WARNING  ⚠️  Ошибка API: 429 resource has been exhausted (e.g. check quota).
2025-07-16 12:43:15,315  WARNING   Переход на ключ #1
2025-07-16 12:43:16,410  WARNING  ⚠️  Ошибка API: 429 resource has been exhausted (e.g. check quota).
2025-07-16 12:43:16,410  WARNING   Переход на ключ #2
2025-07-16 12:43:18,087  WARNING  ⚠️  Ошибка API: 429 resource has been exhausted (e.g. check quota).
2025-07-16 12:43:18,088  WARNING   Переход на ключ #1
2025-07-16 12:43:19,244  WARNING  ⚠️  Ошибка API: 429 resource has been exhausted (e.g. check quota).
2025-07-16 12:43:19,244  WARNING   Переход на ключ #2
2025-07-16 12:43:20,710  WARNING  ⚠️  Ошибка API: 429 resource has been exhausted (e.g. check quota).
2025-07-16 12:43:20,710  WARNING   Переход на ключ #1
2025-07-16 12:43:21,776  WARNING  ⚠️  Ошибка API: 429 resource has been exhausted (e.g. check quota).
2025-07-16 12:43:21,776  WARNING   Переход на ключ #2
2025-07-16 12:43:23,384  WARNING  ⚠️  Ошибка API: 429 resource has been exhausted (e.g. check quota).
2025-07-16 12:43:23,384  WARNING   Переход на ключ #1
2025-07-16 12:43:24,470  WARNING  ⚠️  Ошибка API: 429 resource has been exhausted (e.g. check quota).
2025-07-16 12:43:24,471  WARNING   Переход на ключ #2
2025-07-16 12:43:25,229  WARNING  ⚠️  Ошибка API: 429 resource has been exhausted (e.g. check quota).
2025-07-16 12:43:25,229  WARNING   Переход на ключ #1
2025-07-16 12:43:26,382  WARNING  ⚠️  Ошибка API: 429 resource has been exhausted (e.g. check quota).
2025-07-16 12:43:26,383  WARNING   Переход на ключ #2
2025-07-16 12:43:27,184  WARNING  ⚠️  Ошибка API: 429 resource has been exhausted (e.g. check quota).
2025-07-16 12:43:27,184  WARNING   Переход на ключ #1
2025-07-16 12:43:28,065  WARNING  ⚠️  Ошибка API: 429 resource has been exhausted (e.g. check quota).
2025-07-16 12:43:28,066  WARNING   Переход на ключ #2
2025-07-16 12:43:28,784  WARNING  ⚠️  Ошибка API: 429 resource has been exhausted (e.g. check quota).
2025-07-16 12:43:28,786  WARNING   Переход на ключ #1
2025-07-16 12:43:29,499  WARNING  ⚠️  Ошибка API: 429 resource has been exhausted (e.g. check quota).
2025-07-16 12:43:29,500  WARNING   Переход на ключ #2
2025-07-16 12:43:30,418  WARNING  ⚠️  Ошибка API: 429 resource has been exhausted (e.g. check quota).
2025-07-16 12:43:30,419  WARNING   Переход на ключ #1
2025-07-16 12:43:30,987  WARNING  ⚠️  Ошибка API: 429 resource has been exhausted (e.g. check quota).
2025-07-16 12:43:30,987  WARNING   Переход на ключ #2
2025-07-16 12:43:31,579  WARNING  ⚠️  Ошибка API: 429 resource has been exhausted (e.g. check quota).
2025-07-16 12:43:31,580  WARNING   Переход на ключ #1
2025-07-16 12:43:34,657  WARNING  ⚠️  Ошибка API: 429 resource has been exhausted (e.g. check quota).
2025-07-16 12:43:34,658  WARNING   Переход на ключ #2
2025-07-16 12:43:36,536  WARNING  ⚠️  Ошибка API: 429 resource has been exhausted (e.g. check quota).
2025-07-16 12:43:36,537  WARNING   Переход на ключ #1
2025-07-16 12:43:38,579  WARNING  ⚠️  Ошибка API: 429 resource has been exhausted (e.g. check quota).
2025-07-16 12:43:38,580  WARNING   Переход на ключ #2
2025-07-16 12:43:39,784  WARNING  ⚠️  Ошибка API: 429 resource has been exhausted (e.g. check quota).
2025-07-16 12:43:39,785  WARNING   Переход на ключ #1
2025-07-16 12:43:40,955  WARNING  ⚠️  Ошибка API: 429 resource has been exhausted (e.g. check quota).
2025-07-16 12:43:40,956  WARNING   Переход на ключ #2
2025-07-16 12:43:43,210  WARNING  ⚠️  Ошибка API: 429 resource has been exhausted (e.g. check quota).
2025-07-16 12:43:43,210  WARNING   Переход на ключ #1
2025-07-16 12:43:43,990  WARNING  ⚠️  Ошибка API: 429 resource has been exhausted (e.g. check quota).
2025-07-16 12:43:43,990  WARNING   Переход на ключ #2
2025-07-16 12:43:45,102  WARNING  ⚠️  Ошибка API: 429 resource has been exhausted (e.g. check quota).
2025-07-16 12:43:45,102  WARNING   Переход на ключ #1
2025-07-16 12:43:46,113  WARNING  ⚠️  Ошибка API: 429 resource has been exhausted (e.g. check quota).
2025-07-16 12:43:46,113  WARNING   Переход на ключ #2
2025-07-16 12:43:47,522  WARNING  ⚠️  Ошибка API: 429 resource has been exhausted (e.g. check quota).
2025-07-16 12:43:47,523  WARNING   Переход на ключ #1
2025-07-16 12:43:50,339  WARNING  ⚠️  Ошибка API: 429 resource has been exhausted (e.g. check quota).
2025-07-16 12:43:50,340  WARNING   Переход на ключ #2
2025-07-16 12:43:53,258  WARNING  ⚠️  Ошибка API: 429 resource has been exhausted (e.g. check quota).
2025-07-16 12:43:53,259  WARNING   Переход на ключ #1
2025-07-16 12:43:54,685  WARNING  ⚠️  Ошибка API: 429 resource has been exhausted (e.g. check quota).
2025-07-16 12:43:54,686  WARNING   Переход на ключ #2
2025-07-16 12:43:56,332  WARNING  ⚠️  Ошибка API: 429 resource has been exhausted (e.g. check quota).
2025-07-16 12:43:56,332  WARNING   Переход на ключ #1
2025-07-16 12:43:57,908  WARNING  ⚠️  Ошибка API: 429 resource has been exhausted (e.g. check quota).
2025-07-16 12:43:57,908  WARNING   Переход на ключ #2
2025-07-16 12:43:58,718  WARNING  ⚠️  Ошибка API: 429 resource has been exhausted (e.g. check quota).
2025-07-16 12:43:58,719  WARNING   Переход на ключ #1
2025-07-16 12:43:59,878  WARNING  ⚠️  Ошибка API: 429 resource has been exhausted (e.g. check quota).
2025-07-16 12:43:59,878  WARNING   Переход на ключ #2
2025-07-16 12:44:01,716  WARNING  ⚠️  Ошибка API: 429 resource has been exhausted (e.g. check quota).
2025-07-16 12:44:01,717  WARNING   Переход на ключ #1
2025-07-16 12:44:02,816  WARNING  ⚠️  Ошибка API: 429 resource has been exhausted (e.g. check quota).
2025-07-16 12:44:02,816  WARNING   Переход на ключ #2
2025-07-16 12:44:03,913  WARNING  ⚠️  Ошибка API: 429 resource has been exhausted (e.g. check quota).
2025-07-16 12:44:03,913  WARNING   Переход на ключ #1
2025-07-16 12:44:04,881  WARNING  ⚠️  Ошибка API: 429 resource has been exhausted (e.g. check quota).
2025-07-16 12:44:04,881  WARNING   Переход на ключ #2
2025-07-16 12:44:05,848  WARNING  ⚠️  Ошибка API: 429 resource has been exhausted (e.g. check quota).
2025-07-16 12:44:05,848  WARNING   Переход на ключ #1
2025-07-16 12:44:06,882  WARNING  ⚠️  Ошибка API: 429 resource has been exhausted (e.g. check quota).
2025-07-16 12:44:06,882  WARNING   Переход на ключ #2
2025-07-16 12:44:08,004  WARNING  ⚠️  Ошибка API: 429 resource has been exhausted (e.g. check quota).
2025-07-16 12:44:08,004  WARNING   Переход на ключ #1
2025-07-16 12:44:09,856  WARNING  ⚠️  Ошибка API: 429 resource has been exhausted (e.g. check quota).
2025-07-16 12:44:09,856  WARNING   Переход на ключ #2
2025-07-16 12:44:10,873  WARNING  ⚠️  Ошибка API: 429 resource has been exhausted (e.g. check quota).
2025-07-16 12:44:10,873  WARNING   Переход на ключ #1
2025-07-16 12:44:12,492  WARNING  ⚠️  Ошибка API: 429 resource has been exhausted (e.g. check quota).
2025-07-16 12:44:12,492  WARNING   Переход на ключ #2
2025-07-16 12:44:13,422  WARNING  ⚠️  Ошибка API: 429 resource has been exhausted (e.g. check quota).
2025-07-16 12:44:13,423  WARNING   Переход на ключ #1
2025-07-16 12:44:14,587  WARNING  ⚠️  Ошибка API: 429 resource has been exhausted (e.g. check quota).
2025-07-16 12:44:14,587  WARNING   Переход на ключ #2
2025-07-16 12:44:15,270  WARNING  ⚠️  Ошибка API: 429 resource has been exhausted (e.g. check quota).
2025-07-16 12:44:15,271  WARNING   Переход на ключ #1
2025-07-16 12:44:17,244  WARNING  ⚠️  Ошибка API: 429 resource has been exhausted (e.g. check quota).
2025-07-16 12:44:17,245  WARNING   Переход на ключ #2
2025-07-16 12:44:18,764  WARNING  ⚠️  Ошибка API: 429 resource has been exhausted (e.g. check quota).
2025-07-16 12:44:18,765  WARNING   Переход на ключ #1
2025-07-16 12:44:20,029  WARNING  ⚠️  Ошибка API: 429 resource has been exhausted (e.g. check quota).
2025-07-16 12:44:20,029  WARNING   Переход на ключ #2
2025-07-16 12:44:21,168  WARNING  ⚠️  Ошибка API: 429 resource has been exhausted (e.g. check quota).
2025-07-16 12:44:21,168  WARNING   Переход на ключ #1
2025-07-16 12:44:22,611  WARNING  ⚠️  Ошибка API: 429 resource has been exhausted (e.g. check quota).
2025-07-16 12:44:22,611  WARNING   Переход на ключ #2
2025-07-16 12:44:24,034  WARNING  ⚠️  Ошибка API: 429 resource has been exhausted (e.g. check quota).
2025-07-16 12:44:24,034  WARNING   Переход на ключ #1
2025-07-16 12:44:24,988  WARNING  ⚠️  Ошибка API: 429 resource has been exhausted (e.g. check quota).
2025-07-16 12:44:24,988  WARNING   Переход на ключ #2
2025-07-16 12:44:26,823  WARNING  ⚠️  Ошибка API: 429 resource has been exhausted (e.g. check quota).
2025-07-16 12:44:26,824  WARNING   Переход на ключ #1
2025-07-16 12:44:27,873  WARNING  ⚠️  Ошибка API: 429 resource has been exhausted (e.g. check quota).
2025-07-16 12:44:27,874  WARNING   Переход на ключ #2
2025-07-16 12:44:29,111  WARNING  ⚠️  Ошибка API: 429 resource has been exhausted (e.g. check quota).
2025-07-16 12:44:29,112  WARNING   Переход на ключ #1
2025-07-16 12:44:29,876  WARNING  ⚠️  Ошибка API: 429 resource has been exhausted (e.g. check quota).
2025-07-16 12:44:29,876  WARNING   Переход на ключ #2
2025-07-16 12:44:30,557  WARNING  ⚠️  Ошибка API: 429 resource has been exhausted (e.g. check quota).
2025-07-16 12:44:30,557  WARNING   Переход на ключ #1
2025-07-16 12:44:31,974  WARNING  ⚠️  Ошибка API: 429 resource has been exhausted (e.g. check quota).
2025-07-16 12:44:31,974  WARNING   Переход на ключ #2
2025-07-16 12:44:32,998  WARNING  ⚠️  Ошибка API: 429 resource has been exhausted (e.g. check quota).
2025-07-16 12:44:32,999  WARNING   Переход на ключ #1
2025-07-16 12:44:34,032  WARNING  ⚠️  Ошибка API: 429 resource has been exhausted (e.g. check quota).
2025-07-16 12:44:34,032  WARNING   Переход на ключ #2
2025-07-16 12:44:34,964  WARNING  ⚠️  Ошибка API: 429 resource has been exhausted (e.g. check quota).
2025-07-16 12:44:34,964  WARNING   Переход на ключ #1
2025-07-16 12:44:35,828  WARNING  ⚠️  Ошибка API: 429 resource has been exhausted (e.g. check quota).
2025-07-16 12:44:35,829  WARNING   Переход на ключ #2
2025-07-16 12:44:36,928  WARNING  ⚠️  Ошибка API: 429 resource has been exhausted (e.g. check quota).
2025-07-16 12:44:37,075  WARNING   Переход на ключ #1
2025-07-16 12:44:38,173  WARNING  ⚠️  Ошибка API: 429 resource has been exhausted (e.g. check quota).
2025-07-16 12:44:38,173  WARNING   Переход на ключ #2
2025-07-16 12:44:39,055  WARNING  ⚠️  Ошибка API: 429 resource has been exhausted (e.g. check quota).
2025-07-16 12:44:39,055  WARNING   Переход на ключ #1
2025-07-16 12:44:39,806  WARNING  ⚠️  Ошибка API: 429 resource has been exhausted (e.g. check quota).
2025-07-16 12:44:39,806  WARNING   Переход на ключ #2
2025-07-16 12:44:40,463  WARNING  ⚠️  Ошибка API: 429 resource has been exhausted (e.g. check quota).
2025-07-16 12:44:40,463  WARNING   Переход на ключ #1
2025-07-16 12:44:41,232  WARNING  ⚠️  Ошибка API: 429 resource has been exhausted (e.g. check quota).
2025-07-16 12:44:41,232  WARNING   Переход на ключ #2
2025-07-16 12:44:42,203  WARNING  ⚠️  Ошибка API: 429 resource has been exhausted (e.g. check quota).
2025-07-16 12:44:42,204  WARNING   Переход на ключ #1
2025-07-16 12:44:43,079  WARNING  ⚠️  Ошибка API: 429 resource has been exhausted (e.g. check quota).
2025-07-16 12:44:43,079  WARNING   Переход на ключ #2
2025-07-16 12:44:43,840  WARNING  ⚠️  Ошибка API: 429 resource has been exhausted (e.g. check quota).
2025-07-16 12:44:43,840  WARNING   Переход на ключ #1
2025-07-16 12:44:44,688  WARNING  ⚠️  Ошибка API: 429 resource has been exhausted (e.g. check quota).
2025-07-16 12:44:44,688  WARNING   Переход на ключ #2
2025-07-16 12:44:46,759  WARNING  ⚠️  Ошибка API: 429 resource has been exhausted (e.g. check quota).
2025-07-16 12:44:46,760  WARNING   Переход на ключ #1
2025-07-16 12:44:47,917  WARNING  ⚠️  Ошибка API: 429 resource has been exhausted (e.g. check quota).
2025-07-16 12:44:47,917  WARNING   Переход на ключ #2
2025-07-16 12:44:50,359  WARNING  ⚠️  Ошибка API: 429 resource has been exhausted (e.g. check quota).
2025-07-16 12:44:50,360  WARNING   Переход на ключ #1
2025-07-16 12:44:51,274  WARNING  ⚠️  Ошибка API: 429 resource has been exhausted (e.g. check quota).
2025-07-16 12:44:51,274  WARNING   Переход на ключ #2
2025-07-16 12:44:52,025  WARNING  ⚠️  Ошибка API: 429 resource has been exhausted (e.g. check quota).
2025-07-16 12:44:52,026  WARNING   Переход на ключ #1
2025-07-16 12:44:53,781  WARNING  ⚠️  Ошибка API: 429 resource has been exhausted (e.g. check quota).
2025-07-16 12:44:53,782  WARNING   Переход на ключ #2
2025-07-16 12:44:55,495  WARNING  ⚠️  Ошибка API: 429 resource has been exhausted (e.g. check quota).
2025-07-16 12:44:55,496  WARNING   Переход на ключ #1
2025-07-16 12:44:56,721  WARNING  ⚠️  Ошибка API: 429 resource has been exhausted (e.g. check quota).
2025-07-16 12:44:56,722  WARNING   Переход на ключ #2
2025-07-16 12:44:57,646  WARNING  ⚠️  Ошибка API: 429 resource has been exhausted (e.g. check quota).
2025-07-16 12:44:57,647  WARNING   Переход на ключ #1
2025-07-16 12:45:00,017  WARNING  ⚠️  Ошибка API: 429 resource has been exhausted (e.g. check quota).
2025-07-16 12:45:00,017  WARNING   Переход на ключ #2
2025-07-16 12:45:01,723  WARNING  ⚠️  Ошибка API: 429 resource has been exhausted (e.g. check quota).
2025-07-16 12:45:01,723  WARNING   Переход на ключ #1
2025-07-16 12:45:03,453  WARNING  ⚠️  Ошибка API: 429 resource has been exhausted (e.g. check quota).
2025-07-16 12:45:03,453  WARNING   Переход на ключ #2
2025-07-16 12:45:04,428  WARNING  ⚠️  Ошибка API: 429 resource has been exhausted (e.g. check quota).
2025-07-16 12:45:04,428  WARNING   Переход на ключ #1
2025-07-16 12:45:05,756  WARNING  ⚠️  Ошибка API: 429 resource has been exhausted (e.g. check quota).
2025-07-16 12:45:05,756  WARNING   Переход на ключ #2
2025-07-16 12:45:06,764  WARNING  ⚠️  Ошибка API: 429 resource has been exhausted (e.g. check quota).
2025-07-16 12:45:06,765  WARNING   Переход на ключ #1
2025-07-16 12:45:07,593  WARNING  ⚠️  Ошибка API: 429 resource has been exhausted (e.g. check quota).
2025-07-16 12:45:07,593  WARNING   Переход на ключ #2
2025-07-16 12:45:08,882  WARNING  ⚠️  Ошибка API: 429 resource has been exhausted (e.g. check quota).
2025-07-16 12:45:08,882  WARNING   Переход на ключ #1
2025-07-16 12:45:10,583  WARNING  ⚠️  Ошибка API: 429 resource has been exhausted (e.g. check quota).
2025-07-16 12:45:10,583  WARNING   Переход на ключ #2
2025-07-16 12:45:12,609  WARNING  ⚠️  Ошибка API: 429 resource has been exhausted (e.g. check quota).
2025-07-16 12:45:12,609  WARNING   Переход на ключ #1
2025-07-16 12:45:14,264  WARNING  ⚠️  Ошибка API: 429 resource has been exhausted (e.g. check quota).
2025-07-16 12:45:14,265  WARNING   Переход на ключ #2
2025-07-16 12:45:15,078  WARNING  ⚠️  Ошибка API: 429 resource has been exhausted (e.g. check quota).
2025-07-16 12:45:15,078  WARNING   Переход на ключ #1
2025-07-16 12:45:16,041  WARNING  ⚠️  Ошибка API: 429 resource has been exhausted (e.g. check quota).
2025-07-16 12:45:16,041  WARNING   Переход на ключ #2
2025-07-16 12:45:17,147  WARNING  ⚠️  Ошибка API: 429 resource has been exhausted (e.g. check quota).
2025-07-16 12:45:17,148  WARNING   Переход на ключ #1
2025-07-16 12:45:18,652  WARNING  ⚠️  Ошибка API: 429 resource has been exhausted (e.g. check quota).
2025-07-16 12:45:18,653  WARNING   Переход на ключ #2
2025-07-16 12:45:20,392  WARNING  ⚠️  Ошибка API: 429 resource has been exhausted (e.g. check quota).
2025-07-16 12:45:20,393  WARNING   Переход на ключ #1
2025-07-16 12:45:22,524  WARNING  ⚠️  Ошибка API: 429 resource has been exhausted (e.g. check quota).
2025-07-16 12:45:22,525  WARNING   Переход на ключ #2
2025-07-16 12:45:23,255  WARNING  ⚠️  Ошибка API: 429 resource has been exhausted (e.g. check quota).
2025-07-16 12:45:23,256  WARNING   Переход на ключ #1
2025-07-16 12:45:25,205  WARNING  ⚠️  Ошибка API: 429 resource has been exhausted (e.g. check quota).
2025-07-16 12:45:25,206  WARNING   Переход на ключ #2
2025-07-16 12:45:26,259  WARNING  ⚠️  Ошибка API: 429 resource has been exhausted (e.g. check quota).
2025-07-16 12:45:26,259  WARNING   Переход на ключ #1
2025-07-16 12:45:27,051  WARNING  ⚠️  Ошибка API: 429 resource has been exhausted (e.g. check quota).
2025-07-16 12:45:27,052  WARNING   Переход на ключ #2
2025-07-16 12:45:27,706  WARNING  ⚠️  Ошибка API: 429 resource has been exhausted (e.g. check quota).
2025-07-16 12:45:27,718  WARNING   Переход на ключ #1
2025-07-16 12:45:28,833  WARNING  ⚠️  Ошибка API: 429 resource has been exhausted (e.g. check quota).
2025-07-16 12:45:28,833  WARNING   Переход на ключ #2
2025-07-16 12:45:29,789  WARNING  ⚠️  Ошибка API: 429 resource has been exhausted (e.g. check quota).
2025-07-16 12:45:29,790  WARNING   Переход на ключ #1
2025-07-16 12:45:30,616  WARNING  ⚠️  Ошибка API: 429 resource has been exhausted (e.g. check quota).
2025-07-16 12:45:30,617  WARNING   Переход на ключ #2
2025-07-16 12:45:31,631  WARNING  ⚠️  Ошибка API: 429 resource has been exhausted (e.g. check quota).
2025-07-16 12:45:31,632  WARNING   Переход на ключ #1
2025-07-16 12:45:32,275  WARNING  ⚠️  Ошибка API: 429 resource has been exhausted (e.g. check quota).
2025-07-16 12:45:32,275  WARNING   Переход на ключ #2
2025-07-16 12:45:32,931  WARNING  ⚠️  Ошибка API: 429 resource has been exhausted (e.g. check quota).
2025-07-16 12:45:32,931  WARNING   Переход на ключ #1
2025-07-16 12:45:33,757  WARNING  ⚠️  Ошибка API: 429 resource has been exhausted (e.g. check quota).
2025-07-16 12:45:33,758  WARNING   Переход на ключ #2
2025-07-16 12:45:34,708  WARNING  ⚠️  Ошибка API: 429 resource has been exhausted (e.g. check quota).
2025-07-16 12:45:34,708  WARNING   Переход на ключ #1
2025-07-16 12:45:35,365  WARNING  ⚠️  Ошибка API: 429 resource has been exhausted (e.g. check quota).
2025-07-16 12:45:35,366  WARNING   Переход на ключ #2
2025-07-16 12:45:36,207  WARNING  ⚠️  Ошибка API: 429 resource has been exhausted (e.g. check quota).
2025-07-16 12:45:36,207  WARNING   Переход на ключ #1
2025-07-16 12:45:37,030  WARNING  ⚠️  Ошибка API: 429 resource has been exhausted (e.g. check quota).
2025-07-16 12:45:37,030  WARNING   Переход на ключ #2
2025-07-16 12:45:37,847  WARNING  ⚠️  Ошибка API: 429 resource has been exhausted (e.g. check quota).
2025-07-16 12:45:37,848  WARNING   Переход на ключ #1
2025-07-16 12:45:38,666  WARNING  ⚠️  Ошибка API: 429 resource has been exhausted (e.g. check quota).
2025-07-16 12:45:38,667  WARNING   Переход на ключ #2
2025-07-16 12:45:39,799  WARNING  ⚠️  Ошибка API: 429 resource has been exhausted (e.g. check quota).
2025-07-16 12:45:39,799  WARNING   Переход на ключ #1
2025-07-16 12:45:40,852  WARNING  ⚠️  Ошибка API: 429 resource has been exhausted (e.g. check quota).
2025-07-16 12:45:40,853  WARNING   Переход на ключ #2
2025-07-16 12:45:42,267  WARNING  ⚠️  Ошибка API: 429 resource has been exhausted (e.g. check quota).
2025-07-16 12:45:42,268  WARNING   Переход на ключ #1
2025-07-16 12:45:43,078  WARNING  ⚠️  Ошибка API: 429 resource has been exhausted (e.g. check quota).
2025-07-16 12:45:43,078  WARNING   Переход на ключ #2
2025-07-16 12:45:44,127  WARNING  ⚠️  Ошибка API: 429 resource has been exhausted (e.g. check quota).
2025-07-16 12:45:44,127  WARNING   Переход на ключ #1
2025-07-16 12:45:44,973  WARNING  ⚠️  Ошибка API: 429 resource has been exhausted (e.g. check quota).
2025-07-16 12:45:44,974  WARNING   Переход на ключ #2
2025-07-16 12:45:45,695  WARNING  ⚠️  Ошибка API: 429 resource has been exhausted (e.g. check quota).
2025-07-16 12:45:45,696  WARNING   Переход на ключ #1
2025-07-16 12:45:46,446  WARNING  ⚠️  Ошибка API: 429 resource has been exhausted (e.g. check quota).
2025-07-16 12:45:46,447  WARNING   Переход на ключ #2
2025-07-16 12:45:47,373  WARNING  ⚠️  Ошибка API: 429 resource has been exhausted (e.g. check quota).
2025-07-16 12:45:47,374  WARNING   Переход на ключ #1
2025-07-16 12:45:48,580  WARNING  ⚠️  Ошибка API: 429 resource has been exhausted (e.g. check quota).
2025-07-16 12:45:48,580  WARNING   Переход на ключ #2
2025-07-16 12:45:49,256  WARNING  ⚠️  Ошибка API: 429 resource has been exhausted (e.g. check quota).
2025-07-16 12:45:49,817  WARNING   Переход на ключ #1
2025-07-16 12:45:50,621  WARNING  ⚠️  Ошибка API: 429 resource has been exhausted (e.g. check quota).
2025-07-16 12:45:50,621  WARNING   Переход на ключ #2
2025-07-16 12:45:51,479  WARNING  ⚠️  Ошибка API: 429 resource has been exhausted (e.g. check quota).
2025-07-16 12:45:51,479  WARNING   Переход на ключ #1
2025-07-16 12:45:52,289  WARNING  ⚠️  Ошибка API: 429 resource has been exhausted (e.g. check quota).
2025-07-16 12:45:52,289  WARNING   Переход на ключ #2
2025-07-16 12:45:53,318  WARNING  ⚠️  Ошибка API: 429 resource has been exhausted (e.g. check quota).
2025-07-16 12:45:53,318  WARNING   Переход на ключ #1
2025-07-16 12:45:54,226  WARNING  ⚠️  Ошибка API: 429 resource has been exhausted (e.g. check quota).
2025-07-16 12:45:54,226  WARNING   Переход на ключ #2
2025-07-16 12:45:55,197  WARNING  ⚠️  Ошибка API: 429 resource has been exhausted (e.g. check quota).
2025-07-16 12:45:55,197  WARNING   Переход на ключ #1
2025-07-16 12:45:56,045  WARNING  ⚠️  Ошибка API: 429 resource has been exhausted (e.g. check quota).
2025-07-16 12:45:56,045  WARNING   Переход на ключ #2
2025-07-16 12:45:57,117  WARNING  ⚠️  Ошибка API: 429 resource has been exhausted (e.g. check quota).
2025-07-16 12:45:57,117  WARNING   Переход на ключ #1
2025-07-16 12:45:57,832  WARNING  ⚠️  Ошибка API: 429 resource has been exhausted (e.g. check quota).
2025-07-16 12:45:57,832  WARNING   Переход на ключ #2
2025-07-16 12:45:59,460  WARNING  ⚠️  Ошибка API: 429 resource has been exhausted (e.g. check quota).
2025-07-16 12:45:59,460  WARNING   Переход на ключ #1
2025-07-16 12:46:00,443  WARNING  ⚠️  Ошибка API: 429 resource has been exhausted (e.g. check quota).
2025-07-16 12:46:00,444  WARNING   Переход на ключ #2
2025-07-16 12:46:01,256  WARNING  ⚠️  Ошибка API: 429 resource has been exhausted (e.g. check quota).
2025-07-16 12:46:01,257  WARNING   Переход на ключ #1
2025-07-16 12:46:02,217  WARNING  ⚠️  Ошибка API: 429 resource has been exhausted (e.g. check quota).
2025-07-16 12:46:02,217  WARNING   Переход на ключ #2
2025-07-16 12:46:03,172  WARNING  ⚠️  Ошибка API: 429 resource has been exhausted (e.g. check quota).
2025-07-16 12:46:03,172  WARNING   Переход на ключ #1
2025-07-16 12:46:03,763  WARNING  ⚠️  Ошибка API: 429 resource has been exhausted (e.g. check quota).
2025-07-16 12:46:03,764  WARNING   Переход на ключ #2
2025-07-16 12:46:04,494  WARNING  ⚠️  Ошибка API: 429 resource has been exhausted (e.g. check quota).
2025-07-16 12:46:04,495  WARNING   Переход на ключ #1
2025-07-16 12:46:05,195  WARNING  ⚠️  Ошибка API: 429 resource has been exhausted (e.g. check quota).
2025-07-16 12:46:05,195  WARNING   Переход на ключ #2
2025-07-16 12:46:06,035  WARNING  ⚠️  Ошибка API: 429 resource has been exhausted (e.g. check quota).
2025-07-16 12:46:06,036  WARNING   Переход на ключ #1
2025-07-16 12:46:06,807  WARNING  ⚠️  Ошибка API: 429 resource has been exhausted (e.g. check quota).
2025-07-16 12:46:06,807  WARNING   Переход на ключ #2
2025-07-16 12:46:07,650  WARNING  ⚠️  Ошибка API: 429 resource has been exhausted (e.g. check quota).
2025-07-16 12:46:07,650  WARNING   Переход на ключ #1
2025-07-16 12:46:08,460  WARNING  ⚠️  Ошибка API: 429 resource has been exhausted (e.g. check quota).
2025-07-16 12:46:08,461  WARNING   Переход на ключ #2
2025-07-16 12:46:09,052  WARNING  ⚠️  Ошибка API: 429 resource has been exhausted (e.g. check quota).
2025-07-16 12:46:09,052  WARNING   Переход на ключ #1
2025-07-16 12:46:10,298  WARNING  ⚠️  Ошибка API: 429 resource has been exhausted (e.g. check quota).
2025-07-16 12:46:10,298  WARNING   Переход на ключ #2
2025-07-16 12:46:11,044  WARNING  ⚠️  Ошибка API: 429 resource has been exhausted (e.g. check quota).
2025-07-16 12:46:11,044  WARNING   Переход на ключ #1
2025-07-16 12:46:11,727  WARNING  ⚠️  Ошибка API: 429 resource has been exhausted (e.g. check quota).
2025-07-16 12:46:11,728  WARNING   Переход на ключ #2
2025-07-16 12:46:12,771  WARNING  ⚠️  Ошибка API: 429 resource has been exhausted (e.g. check quota).
2025-07-16 12:46:12,772  WARNING   Переход на ключ #1
2025-07-16 12:46:13,328  WARNING  ⚠️  Ошибка API: 429 resource has been exhausted (e.g. check quota).
2025-07-16 12:46:13,328  WARNING   Переход на ключ #2
2025-07-16 12:46:14,279  WARNING  ⚠️  Ошибка API: 429 resource has been exhausted (e.g. check quota).
2025-07-16 12:46:14,280  WARNING   Переход на ключ #1
2025-07-16 12:46:14,737  WARNING  ⚠️  Ошибка API: 429 resource has been exhausted (e.g. check quota).
2025-07-16 12:46:14,737  WARNING   Переход на ключ #2
2025-07-16 12:46:15,592  WARNING  ⚠️  Ошибка API: 429 resource has been exhausted (e.g. check quota).
2025-07-16 12:46:15,593  WARNING   Переход на ключ #1
2025-07-16 12:46:16,107  WARNING  ⚠️  Ошибка API: 429 resource has been exhausted (e.g. check quota).
2025-07-16 12:46:16,107  WARNING   Переход на ключ #2
2025-07-16 12:46:16,665  WARNING  ⚠️  Ошибка API: 429 resource has been exhausted (e.g. check quota).
2025-07-16 12:46:16,666  WARNING   Переход на ключ #1
2025-07-16 12:46:17,269  WARNING  ⚠️  Ошибка API: 429 resource has been exhausted (e.g. check quota).
2025-07-16 12:46:17,269  WARNING   Переход на ключ #2
2025-07-16 12:46:17,897  WARNING  ⚠️  Ошибка API: 429 resource has been exhausted (e.g. check quota).
2025-07-16 12:46:17,898  WARNING   Переход на ключ #1
2025-07-16 12:46:18,986  WARNING  ⚠️  Ошибка API: 429 resource has been exhausted (e.g. check quota).
2025-07-16 12:46:18,986  WARNING   Переход на ключ #2
2025-07-16 12:46:19,624  WARNING  ⚠️  Ошибка API: 429 resource has been exhausted (e.g. check quota).
2025-07-16 12:46:19,624  WARNING   Переход на ключ #1
2025-07-16 12:46:20,148  WARNING  ⚠️  Ошибка API: 429 resource has been exhausted (e.g. check quota).
2025-07-16 12:46:20,148  WARNING   Переход на ключ #2
2025-07-16 12:46:20,814  WARNING  ⚠️  Ошибка API: 429 resource has been exhausted (e.g. check quota).
2025-07-16 12:46:20,814  WARNING   Переход на ключ #1
2025-07-16 12:46:21,464  WARNING  ⚠️  Ошибка API: 429 resource has been exhausted (e.g. check quota).
2025-07-16 12:46:21,464  WARNING   Переход на ключ #2
2025-07-16 12:46:22,042  WARNING  ⚠️  Ошибка API: 429 resource has been exhausted (e.g. check quota).
2025-07-16 12:46:22,042  WARNING   Переход на ключ #1
2025-07-16 12:46:22,723  WARNING  ⚠️  Ошибка API: 429 resource has been exhausted (e.g. check quota).
2025-07-16 12:46:22,723  WARNING   Переход на ключ #2
2025-07-16 12:46:23,215  WARNING  ⚠️  Ошибка API: 429 resource has been exhausted (e.g. check quota).
2025-07-16 12:46:23,216  WARNING   Переход на ключ #1
2025-07-16 12:46:23,758  WARNING  ⚠️  Ошибка API: 429 resource has been exhausted (e.g. check quota).
2025-07-16 12:46:23,759  WARNING   Переход на ключ #2
2025-07-16 12:46:24,373  WARNING  ⚠️  Ошибка API: 429 resource has been exhausted (e.g. check quota).
2025-07-16 12:46:24,374  WARNING   Переход на ключ #1
2025-07-16 12:46:25,383  WARNING  ⚠️  Ошибка API: 429 resource has been exhausted (e.g. check quota).
2025-07-16 12:46:25,383  WARNING   Переход на ключ #2
2025-07-16 12:46:26,244  WARNING  ⚠️  Ошибка API: 429 resource has been exhausted (e.g. check quota).
2025-07-16 12:46:26,245  WARNING   Переход на ключ #1
2025-07-16 12:46:27,744  WARNING  ⚠️  Ошибка API: 429 resource has been exhausted (e.g. check quota).
2025-07-16 12:46:27,745  WARNING   Переход на ключ #2
2025-07-16 12:46:28,305  WARNING  ⚠️  Ошибка API: 429 resource has been exhausted (e.g. check quota).
2025-07-16 12:46:28,305  WARNING   Переход на ключ #1
2025-07-16 12:46:28,932  WARNING  ⚠️  Ошибка API: 429 resource has been exhausted (e.g. check quota).
2025-07-16 12:46:28,932  WARNING   Переход на ключ #2
2025-07-16 12:46:29,503  WARNING  ⚠️  Ошибка API: 429 resource has been exhausted (e.g. check quota).
2025-07-16 12:46:29,504  WARNING   Переход на ключ #1
2025-07-16 12:46:30,091  WARNING  ⚠️  Ошибка API: 429 resource has been exhausted (e.g. check quota).
2025-07-16 12:46:30,091  WARNING   Переход на ключ #2
2025-07-16 12:46:30,856  WARNING  ⚠️  Ошибка API: 429 resource has been exhausted (e.g. check quota).
2025-07-16 12:46:30,856  WARNING   Переход на ключ #1
2025-07-16 12:46:31,421  WARNING  ⚠️  Ошибка API: 429 resource has been exhausted (e.g. check quota).
2025-07-16 12:46:31,421  WARNING   Переход на ключ #2
2025-07-16 12:46:32,029  WARNING  ⚠️  Ошибка API: 429 resource has been exhausted (e.g. check quota).
2025-07-16 12:46:32,029  WARNING   Переход на ключ #1
2025-07-16 12:46:32,602  WARNING  ⚠️  Ошибка API: 429 resource has been exhausted (e.g. check quota).
2025-07-16 12:46:32,603  WARNING   Переход на ключ #2
2025-07-16 12:46:33,335  WARNING  ⚠️  Ошибка API: 429 resource has been exhausted (e.g. check quota).
2025-07-16 12:46:33,335  WARNING   Переход на ключ #1
2025-07-16 12:46:34,036  WARNING  ⚠️  Ошибка API: 429 resource has been exhausted (e.g. check quota).
2025-07-16 12:46:34,037  WARNING   Переход на ключ #2
2025-07-16 12:46:34,605  WARNING  ⚠️  Ошибка API: 429 resource has been exhausted (e.g. check quota).
2025-07-16 12:46:34,605  WARNING   Переход на ключ #1
2025-07-16 12:46:35,187  WARNING  ⚠️  Ошибка API: 429 resource has been exhausted (e.g. check quota).
2025-07-16 12:46:35,187  WARNING   Переход на ключ #2
2025-07-16 12:46:35,947  WARNING  ⚠️  Ошибка API: 429 resource has been exhausted (e.g. check quota).
2025-07-16 12:46:35,947  WARNING   Переход на ключ #1
2025-07-16 12:46:36,627  WARNING  ⚠️  Ошибка API: 429 resource has been exhausted (e.g. check quota).
2025-07-16 12:46:36,628  WARNING   Переход на ключ #2
2025-07-16 12:46:37,244  WARNING  ⚠️  Ошибка API: 429 resource has been exhausted (e.g. check quota).
2025-07-16 12:46:37,244  WARNING   Переход на ключ #1
2025-07-16 12:46:37,950  WARNING  ⚠️  Ошибка API: 429 resource has been exhausted (e.g. check quota).
2025-07-16 12:46:37,951  WARNING   Переход на ключ #2
2025-07-16 12:46:38,600  WARNING  ⚠️  Ошибка API: 429 resource has been exhausted (e.g. check quota).
2025-07-16 12:46:38,600  WARNING   Переход на ключ #1
2025-07-16 12:46:39,387  WARNING  ⚠️  Ошибка API: 429 resource has been exhausted (e.g. check quota).
2025-07-16 12:46:39,388  WARNING   Переход на ключ #2
2025-07-16 12:46:40,105  WARNING  ⚠️  Ошибка API: 429 resource has been exhausted (e.g. check quota).
2025-07-16 12:46:40,105  WARNING   Переход на ключ #1
2025-07-16 12:46:40,795  WARNING  ⚠️  Ошибка API: 429 resource has been exhausted (e.g. check quota).
2025-07-16 12:46:40,795  WARNING   Переход на ключ #2
2025-07-16 12:46:41,981  WARNING  ⚠️  Ошибка API: 429 resource has been exhausted (e.g. check quota).
2025-07-16 12:46:41,982  WARNING   Переход на ключ #1
2025-07-16 12:46:43,209  WARNING  ⚠️  Ошибка API: 429 resource has been exhausted (e.g. check quota).
2025-07-16 12:46:43,209  WARNING   Переход на ключ #2
2025-07-16 12:46:43,785  WARNING  ⚠️  Ошибка API: 429 resource has been exhausted (e.g. check quota).
2025-07-16 12:46:43,786  WARNING   Переход на ключ #1
2025-07-16 12:46:44,638  WARNING  ⚠️  Ошибка API: 429 resource has been exhausted (e.g. check quota).
2025-07-16 12:46:44,638  WARNING   Переход на ключ #2
2025-07-16 12:46:45,226  WARNING  ⚠️  Ошибка API: 429 resource has been exhausted (e.g. check quota).
2025-07-16 12:46:45,226  WARNING   Переход на ключ #1
2025-07-16 12:46:46,201  WARNING  ⚠️  Ошибка API: 429 resource has been exhausted (e.g. check quota).
2025-07-16 12:46:46,201  WARNING   Переход на ключ #2
2025-07-16 12:46:46,840  WARNING  ⚠️  Ошибка API: 429 resource has been exhausted (e.g. check quota).
2025-07-16 12:46:46,840  WARNING   Переход на ключ #1
2025-07-16 12:46:47,858  WARNING  ⚠️  Ошибка API: 429 resource has been exhausted (e.g. check quota).
2025-07-16 12:46:47,859  WARNING   Переход на ключ #2
2025-07-16 12:46:48,474  WARNING  ⚠️  Ошибка API: 429 resource has been exhausted (e.g. check quota).
2025-07-16 12:46:48,474  WARNING   Переход на ключ #1
2025-07-16 12:46:49,313  WARNING  ⚠️  Ошибка API: 429 resource has been exhausted (e.g. check quota).
2025-07-16 12:46:49,313  WARNING   Переход на ключ #2
2025-07-16 12:46:50,188  WARNING  ⚠️  Ошибка API: 429 resource has been exhausted (e.g. check quota).
2025-07-16 12:46:50,189  WARNING   Переход на ключ #1
2025-07-16 12:46:51,064  WARNING  ⚠️  Ошибка API: 429 resource has been exhausted (e.g. check quota).
2025-07-16 12:46:51,064  WARNING   Переход на ключ #2
2025-07-16 12:46:51,866  WARNING  ⚠️  Ошибка API: 429 resource has been exhausted (e.g. check quota).
2025-07-16 12:46:51,866  WARNING   Переход на ключ #1
2025-07-16 12:46:52,737  WARNING  ⚠️  Ошибка API: 429 resource has been exhausted (e.g. check quota).
2025-07-16 12:46:52,737  WARNING   Переход на ключ #2
2025-07-16 12:46:53,401  WARNING  ⚠️  Ошибка API: 429 resource has been exhausted (e.g. check quota).
2025-07-16 12:46:53,401  WARNING   Переход на ключ #1
2025-07-16 12:46:54,318  WARNING  ⚠️  Ошибка API: 429 resource has been exhausted (e.g. check quota).
2025-07-16 12:46:54,318  WARNING   Переход на ключ #2
2025-07-16 12:46:55,086  WARNING  ⚠️  Ошибка API: 429 resource has been exhausted (e.g. check quota).
2025-07-16 12:46:55,086  WARNING   Переход на ключ #1
2025-07-16 12:46:56,102  WARNING  ⚠️  Ошибка API: 429 resource has been exhausted (e.g. check quota).
2025-07-16 12:46:56,102  WARNING   Переход на ключ #2
2025-07-16 12:46:56,979  WARNING  ⚠️  Ошибка API: 429 resource has been exhausted (e.g. check quota).
2025-07-16 12:46:56,980  WARNING   Переход на ключ #1
2025-07-16 12:46:57,761  WARNING  ⚠️  Ошибка API: 429 resource has been exhausted (e.g. check quota).
2025-07-16 12:46:57,761  WARNING   Переход на ключ #2
2025-07-16 12:46:58,358  WARNING  ⚠️  Ошибка API: 429 resource has been exhausted (e.g. check quota).
2025-07-16 12:46:58,359  WARNING   Переход на ключ #1
2025-07-16 12:46:59,186  WARNING  ⚠️  Ошибка API: 429 resource has been exhausted (e.g. check quota).
2025-07-16 12:46:59,186  WARNING   Переход на ключ #2
2025-07-16 12:47:00,133  WARNING  ⚠️  Ошибка API: 429 resource has been exhausted (e.g. check quota).
2025-07-16 12:47:00,133  WARNING   Переход на ключ #1
2025-07-16 12:47:00,948  WARNING  ⚠️  Ошибка API: 429 resource has been exhausted (e.g. check quota).
2025-07-16 12:47:00,948  WARNING   Переход на ключ #2
2025-07-16 12:47:01,560  WARNING  ⚠️  Ошибка API: 429 resource has been exhausted (e.g. check quota).
2025-07-16 12:47:01,561  WARNING   Переход на ключ #1
2025-07-16 12:47:02,448  WARNING  ⚠️  Ошибка API: 429 resource has been exhausted (e.g. check quota).
2025-07-16 12:47:02,448  WARNING   Переход на ключ #2
2025-07-16 12:47:03,093  WARNING  ⚠️  Ошибка API: 429 resource has been exhausted (e.g. check quota).
2025-07-16 12:47:03,094  WARNING   Переход на ключ #1
2025-07-16 12:47:03,724  WARNING  ⚠️  Ошибка API: 429 resource has been exhausted (e.g. check quota).
2025-07-16 12:47:03,724  WARNING   Переход на ключ #2
2025-07-16 12:47:04,533  WARNING  ⚠️  Ошибка API: 429 resource has been exhausted (e.g. check quota).
2025-07-16 12:47:04,533  WARNING   Переход на ключ #1
2025-07-16 12:47:05,407  WARNING  ⚠️  Ошибка API: 429 resource has been exhausted (e.g. check quota).
2025-07-16 12:47:05,407  WARNING   Переход на ключ #2
2025-07-16 12:47:06,202  WARNING  ⚠️  Ошибка API: 429 resource has been exhausted (e.g. check quota).
2025-07-16 12:47:06,203  WARNING   Переход на ключ #1
2025-07-16 12:47:07,154  WARNING  ⚠️  Ошибка API: 429 resource has been exhausted (e.g. check quota).
2025-07-16 12:47:07,155  WARNING   Переход на ключ #2
2025-07-16 12:47:08,100  WARNING  ⚠️  Ошибка API: 429 resource has been exhausted (e.g. check quota).
2025-07-16 12:47:08,101  WARNING   Переход на ключ #1
2025-07-16 12:47:08,923  WARNING  ⚠️  Ошибка API: 429 resource has been exhausted (e.g. check quota).
2025-07-16 12:47:08,923  WARNING   Переход на ключ #2
2025-07-16 12:47:09,636  WARNING  ⚠️  Ошибка API: 429 resource has been exhausted (e.g. check quota).
2025-07-16 12:47:09,636  WARNING   Переход на ключ #1
2025-07-16 12:47:10,250  WARNING  ⚠️  Ошибка API: 429 resource has been exhausted (e.g. check quota).
2025-07-16 12:47:10,250  WARNING   Переход на ключ #2
2025-07-16 12:47:10,912  WARNING  ⚠️  Ошибка API: 429 resource has been exhausted (e.g. check quota).
2025-07-16 12:47:10,912  WARNING   Переход на ключ #1
2025-07-16 12:47:11,588  WARNING  ⚠️  Ошибка API: 429 resource has been exhausted (e.g. check quota).
2025-07-16 12:47:11,589  WARNING   Переход на ключ #2
2025-07-16 12:47:12,656  WARNING  ⚠️  Ошибка API: 429 resource has been exhausted (e.g. check quota).
2025-07-16 12:47:12,656  WARNING   Переход на ключ #1
2025-07-16 12:47:13,502  WARNING  ⚠️  Ошибка API: 429 resource has been exhausted (e.g. check quota).
2025-07-16 12:47:13,503  WARNING   Переход на ключ #2
2025-07-16 12:47:14,285  WARNING  ⚠️  Ошибка API: 429 resource has been exhausted (e.g. check quota).
2025-07-16 12:47:14,288  WARNING   Переход на ключ #1
2025-07-16 12:47:15,073  WARNING  ⚠️  Ошибка API: 429 resource has been exhausted (e.g. check quota).
2025-07-16 12:47:15,073  WARNING   Переход на ключ #2
2025-07-16 12:47:15,903  WARNING  ⚠️  Ошибка API: 429 resource has been exhausted (e.g. check quota).
2025-07-16 12:47:15,903  WARNING   Переход на ключ #1
2025-07-16 12:47:16,688  WARNING  ⚠️  Ошибка API: 429 resource has been exhausted (e.g. check quota).
2025-07-16 12:47:16,688  WARNING   Переход на ключ #2
2025-07-16 12:47:17,360  WARNING  ⚠️  Ошибка API: 429 resource has been exhausted (e.g. check quota).
2025-07-16 12:47:17,360  WARNING   Переход на ключ #1
2025-07-16 12:47:17,999  WARNING  ⚠️  Ошибка API: 429 resource has been exhausted (e.g. check quota).
2025-07-16 12:47:17,999  WARNING   Переход на ключ #2
2025-07-16 12:47:18,746  WARNING  ⚠️  Ошибка API: 429 resource has been exhausted (e.g. check quota).
2025-07-16 12:47:18,746  WARNING   Переход на ключ #1
2025-07-16 12:47:19,470  WARNING  ⚠️  Ошибка API: 429 resource has been exhausted (e.g. check quota).
2025-07-16 12:47:19,470  WARNING   Переход на ключ #2
2025-07-16 12:47:20,236  WARNING  ⚠️  Ошибка API: 429 resource has been exhausted (e.g. check quota).
2025-07-16 12:47:20,237  WARNING   Переход на ключ #1
2025-07-16 12:47:21,013  WARNING  ⚠️  Ошибка API: 429 resource has been exhausted (e.g. check quota).
2025-07-16 12:47:21,013  WARNING   Переход на ключ #2
2025-07-16 12:47:21,786  WARNING  ⚠️  Ошибка API: 429 resource has been exhausted (e.g. check quota).
2025-07-16 12:47:21,786  WARNING   Переход на ключ #1
2025-07-16 12:47:22,390  WARNING  ⚠️  Ошибка API: 429 resource has been exhausted (e.g. check quota).
2025-07-16 12:47:22,392  WARNING   Переход на ключ #2
2025-07-16 12:47:23,261  WARNING  ⚠️  Ошибка API: 429 resource has been exhausted (e.g. check quota).
2025-07-16 12:47:23,261  WARNING   Переход на ключ #1
2025-07-16 12:47:24,480  WARNING  ⚠️  Ошибка API: 429 resource has been exhausted (e.g. check quota).
2025-07-16 12:47:24,481  WARNING   Переход на ключ #2
2025-07-16 12:47:25,227  WARNING  ⚠️  Ошибка API: 429 resource has been exhausted (e.g. check quota).
2025-07-16 12:47:25,227  WARNING   Переход на ключ #1
2025-07-16 12:47:25,894  WARNING  ⚠️  Ошибка API: 429 resource has been exhausted (e.g. check quota).
2025-07-16 12:47:25,894  WARNING   Переход на ключ #2
2025-07-16 12:47:26,714  WARNING  ⚠️  Ошибка API: 429 resource has been exhausted (e.g. check quota).
2025-07-16 12:47:26,715  WARNING   Переход на ключ #1
2025-07-16 12:47:27,488  WARNING  ⚠️  Ошибка API: 429 resource has been exhausted (e.g. check quota).
2025-07-16 12:47:27,489  WARNING   Переход на ключ #2
2025-07-16 12:47:28,512  WARNING  ⚠️  Ошибка API: 429 resource has been exhausted (e.g. check quota).
2025-07-16 12:47:28,512  WARNING   Переход на ключ #1
2025-07-16 12:47:29,682  WARNING  ⚠️  Ошибка API: 429 resource has been exhausted (e.g. check quota).
2025-07-16 12:47:29,683  WARNING   Переход на ключ #2
2025-07-16 12:47:30,619  WARNING  ⚠️  Ошибка API: 429 resource has been exhausted (e.g. check quota).
2025-07-16 12:47:30,620  WARNING   Переход на ключ #1
2025-07-16 12:47:31,299  WARNING  ⚠️  Ошибка API: 429 resource has been exhausted (e.g. check quota).
2025-07-16 12:47:31,300  WARNING   Переход на ключ #2
2025-07-16 12:47:32,090  WARNING  ⚠️  Ошибка API: 429 resource has been exhausted (e.g. check quota).
2025-07-16 12:47:32,091  WARNING   Переход на ключ #1
2025-07-16 12:47:32,778  WARNING  ⚠️  Ошибка API: 429 resource has been exhausted (e.g. check quota).
2025-07-16 12:47:32,779  WARNING   Переход на ключ #2
2025-07-16 12:47:33,846  WARNING  ⚠️  Ошибка API: 429 resource has been exhausted (e.g. check quota).
2025-07-16 12:47:33,847  WARNING   Переход на ключ #1
2025-07-16 12:47:34,848  WARNING  ⚠️  Ошибка API: 429 resource has been exhausted (e.g. check quota).
2025-07-16 12:47:34,848  WARNING   Переход на ключ #2
2025-07-16 12:47:35,678  WARNING  ⚠️  Ошибка API: 429 resource has been exhausted (e.g. check quota).
2025-07-16 12:47:35,678  WARNING   Переход на ключ #1
2025-07-16 12:47:36,275  WARNING  ⚠️  Ошибка API: 429 resource has been exhausted (e.g. check quota).
2025-07-16 12:47:36,276  WARNING   Переход на ключ #2
2025-07-16 12:47:37,061  WARNING  ⚠️  Ошибка API: 429 resource has been exhausted (e.g. check quota).
2025-07-16 12:47:37,061  WARNING   Переход на ключ #1
2025-07-16 12:47:37,916  WARNING  ⚠️  Ошибка API: 429 resource has been exhausted (e.g. check quota).
2025-07-16 12:47:37,916  WARNING   Переход на ключ #2
2025-07-16 12:47:39,558  WARNING  ⚠️  Ошибка API: 429 resource has been exhausted (e.g. check quota).
2025-07-16 12:47:39,558  WARNING   Переход на ключ #1
2025-07-16 12:47:40,367  WARNING  ⚠️  Ошибка API: 429 resource has been exhausted (e.g. check quota).
2025-07-16 12:47:40,368  WARNING   Переход на ключ #2
2025-07-16 12:47:41,086  WARNING  ⚠️  Ошибка API: 429 resource has been exhausted (e.g. check quota).
2025-07-16 12:47:41,086  WARNING   Переход на ключ #1
2025-07-16 12:47:41,914  WARNING  ⚠️  Ошибка API: 429 resource has been exhausted (e.g. check quota).
2025-07-16 12:47:41,914  WARNING   Переход на ключ #2
2025-07-16 12:47:42,803  WARNING  ⚠️  Ошибка API: 429 resource has been exhausted (e.g. check quota).
2025-07-16 12:47:42,804  WARNING   Переход на ключ #1
2025-07-16 12:47:43,826  WARNING  ⚠️  Ошибка API: 429 resource has been exhausted (e.g. check quota).
2025-07-16 12:47:43,827  WARNING   Переход на ключ #2
2025-07-16 12:47:44,622  WARNING  ⚠️  Ошибка API: 429 resource has been exhausted (e.g. check quota).
2025-07-16 12:47:44,622  WARNING   Переход на ключ #1
2025-07-16 12:47:45,613  WARNING  ⚠️  Ошибка API: 429 resource has been exhausted (e.g. check quota).
2025-07-16 12:47:45,613  WARNING   Переход на ключ #2
2025-07-16 12:47:47,189  WARNING  ⚠️  Ошибка API: 429 resource has been exhausted (e.g. check quota).
2025-07-16 12:47:47,190  WARNING   Переход на ключ #1
2025-07-16 12:47:47,855  WARNING  ⚠️  Ошибка API: 429 resource has been exhausted (e.g. check quota).
2025-07-16 12:47:47,855  WARNING   Переход на ключ #2
2025-07-16 12:47:48,746  WARNING  ⚠️  Ошибка API: 429 resource has been exhausted (e.g. check quota).
2025-07-16 12:47:48,746  WARNING   Переход на ключ #1
2025-07-16 12:47:49,725  WARNING  ⚠️  Ошибка API: 429 resource has been exhausted (e.g. check quota).
2025-07-16 12:47:49,726  WARNING   Переход на ключ #2
2025-07-16 12:47:50,510  WARNING  ⚠️  Ошибка API: 429 resource has been exhausted (e.g. check quota).
2025-07-16 12:47:50,510  WARNING   Переход на ключ #1
2025-07-16 12:47:51,196  WARNING  ⚠️  Ошибка API: 429 resource has been exhausted (e.g. check quota).
2025-07-16 12:47:51,196  WARNING   Переход на ключ #2
2025-07-16 12:47:52,373  WARNING  ⚠️  Ошибка API: 429 resource has been exhausted (e.g. check quota).
2025-07-16 12:47:52,374  WARNING   Переход на ключ #1
2025-07-16 12:47:53,116  WARNING  ⚠️  Ошибка API: 429 resource has been exhausted (e.g. check quota).
2025-07-16 12:47:53,118  WARNING   Переход на ключ #2
2025-07-16 12:47:54,026  WARNING  ⚠️  Ошибка API: 429 resource has been exhausted (e.g. check quota).
2025-07-16 12:47:54,026  WARNING   Переход на ключ #1
2025-07-16 12:47:54,743  WARNING  ⚠️  Ошибка API: 429 resource has been exhausted (e.g. check quota).
2025-07-16 12:47:54,744  WARNING   Переход на ключ #2
2025-07-16 12:47:55,615  WARNING  ⚠️  Ошибка API: 429 resource has been exhausted (e.g. check quota).
2025-07-16 12:47:55,615  WARNING   Переход на ключ #1
2025-07-16 12:47:56,522  WARNING  ⚠️  Ошибка API: 429 resource has been exhausted (e.g. check quota).
2025-07-16 12:47:56,523  WARNING   Переход на ключ #2
2025-07-16 12:47:57,356  WARNING  ⚠️  Ошибка API: 429 resource has been exhausted (e.g. check quota).
2025-07-16 12:47:57,357  WARNING   Переход на ключ #1
2025-07-16 12:47:58,790  WARNING  ⚠️  Ошибка API: 429 resource has been exhausted (e.g. check quota).
2025-07-16 12:47:58,790  WARNING   Переход на ключ #2
2025-07-16 12:47:59,710  WARNING  ⚠️  Ошибка API: 429 resource has been exhausted (e.g. check quota).
2025-07-16 12:47:59,711  WARNING   Переход на ключ #1
2025-07-16 12:48:00,464  WARNING  ⚠️  Ошибка API: 429 resource has been exhausted (e.g. check quota).
2025-07-16 12:48:00,464  WARNING   Переход на ключ #2
2025-07-16 12:48:01,041  WARNING  ⚠️  Ошибка API: 429 resource has been exhausted (e.g. check quota).
2025-07-16 12:48:01,042  WARNING   Переход на ключ #1
2025-07-16 12:48:01,741  WARNING  ⚠️  Ошибка API: 429 resource has been exhausted (e.g. check quota).
2025-07-16 12:48:01,741  WARNING   Переход на ключ #2
2025-07-16 12:48:02,464  WARNING  ⚠️  Ошибка API: 429 resource has been exhausted (e.g. check quota).
2025-07-16 12:48:02,464  WARNING   Переход на ключ #1
2025-07-16 12:48:03,466  WARNING  ⚠️  Ошибка API: 429 resource has been exhausted (e.g. check quota).
2025-07-16 12:48:03,466  WARNING   Переход на ключ #2
2025-07-16 12:48:04,849  WARNING  ⚠️  Ошибка API: 429 resource has been exhausted (e.g. check quota).
2025-07-16 12:48:04,850  WARNING   Переход на ключ #1
2025-07-16 12:48:05,530  WARNING  ⚠️  Ошибка API: 429 resource has been exhausted (e.g. check quota).
2025-07-16 12:48:05,531  WARNING   Переход на ключ #2
2025-07-16 12:48:06,581  WARNING  ⚠️  Ошибка API: 429 resource has been exhausted (e.g. check quota).
2025-07-16 12:48:06,582  WARNING   Переход на ключ #1
2025-07-16 12:48:07,363  WARNING  ⚠️  Ошибка API: 429 resource has been exhausted (e.g. check quota).
2025-07-16 12:48:07,363  WARNING   Переход на ключ #2
2025-07-16 12:48:08,279  WARNING  ⚠️  Ошибка API: 429 resource has been exhausted (e.g. check quota).
2025-07-16 12:48:08,279  WARNING   Переход на ключ #1
2025-07-16 12:48:09,833  WARNING  ⚠️  Ошибка API: 429 resource has been exhausted (e.g. check quota).
2025-07-16 12:48:09,833  WARNING   Переход на ключ #2
2025-07-16 12:48:10,776  WARNING  ⚠️  Ошибка API: 429 resource has been exhausted (e.g. check quota).
2025-07-16 12:48:10,777  WARNING   Переход на ключ #1
2025-07-16 12:48:11,538  WARNING  ⚠️  Ошибка API: 429 resource has been exhausted (e.g. check quota).
2025-07-16 12:48:11,538  WARNING   Переход на ключ #2
2025-07-16 12:48:12,285  WARNING  ⚠️  Ошибка API: 429 resource has been exhausted (e.g. check quota).
2025-07-16 12:48:12,286  WARNING   Переход на ключ #1
2025-07-16 12:48:13,078  WARNING  ⚠️  Ошибка API: 429 resource has been exhausted (e.g. check quota).
2025-07-16 12:48:13,078  WARNING   Переход на ключ #2
2025-07-16 12:48:14,184  WARNING  ⚠️  Ошибка API: 429 resource has been exhausted (e.g. check quota).
2025-07-16 12:48:14,185  WARNING   Переход на ключ #1
2025-07-16 12:48:15,067  WARNING  ⚠️  Ошибка API: 429 resource has been exhausted (e.g. check quota).
2025-07-16 12:48:15,068  WARNING   Переход на ключ #2
2025-07-16 12:48:16,003  WARNING  ⚠️  Ошибка API: 429 resource has been exhausted (e.g. check quota).
2025-07-16 12:48:16,003  WARNING   Переход на ключ #1
2025-07-16 12:48:16,740  WARNING  ⚠️  Ошибка API: 429 resource has been exhausted (e.g. check quota).
2025-07-16 12:48:16,741  WARNING   Переход на ключ #2
2025-07-16 12:48:17,446  WARNING  ⚠️  Ошибка API: 429 resource has been exhausted (e.g. check quota).
2025-07-16 12:48:17,446  WARNING   Переход на ключ #1
2025-07-16 12:48:18,369  WARNING  ⚠️  Ошибка API: 429 resource has been exhausted (e.g. check quota).
2025-07-16 12:48:18,369  WARNING   Переход на ключ #2
2025-07-16 12:48:19,206  WARNING  ⚠️  Ошибка API: 429 resource has been exhausted (e.g. check quota).
2025-07-16 12:48:19,206  WARNING   Переход на ключ #1
2025-07-16 12:48:20,729  WARNING  ⚠️  Ошибка API: 429 resource has been exhausted (e.g. check quota).
2025-07-16 12:48:20,730  WARNING   Переход на ключ #2
2025-07-16 12:48:21,711  WARNING  ⚠️  Ошибка API: 429 resource has been exhausted (e.g. check quota).
2025-07-16 12:48:21,711  WARNING   Переход на ключ #1
2025-07-16 12:48:22,659  WARNING  ⚠️  Ошибка API: 429 resource has been exhausted (e.g. check quota).
2025-07-16 12:48:22,659  WARNING   Переход на ключ #2
2025-07-16 12:48:23,616  WARNING  ⚠️  Ошибка API: 429 resource has been exhausted (e.g. check quota).
2025-07-16 12:48:23,617  WARNING   Переход на ключ #1
2025-07-16 12:48:24,345  WARNING  ⚠️  Ошибка API: 429 resource has been exhausted (e.g. check quota).
2025-07-16 12:48:24,345  WARNING   Переход на ключ #2
2025-07-16 12:48:25,140  WARNING  ⚠️  Ошибка API: 429 resource has been exhausted (e.g. check quota).
2025-07-16 12:48:25,141  WARNING   Переход на ключ #1
2025-07-16 12:48:25,786  WARNING  ⚠️  Ошибка API: 429 resource has been exhausted (e.g. check quota).
2025-07-16 12:48:25,787  WARNING   Переход на ключ #2
2025-07-16 12:48:26,418  WARNING  ⚠️  Ошибка API: 429 resource has been exhausted (e.g. check quota).
2025-07-16 12:48:26,418  WARNING   Переход на ключ #1
2025-07-16 12:48:27,324  WARNING  ⚠️  Ошибка API: 429 resource has been exhausted (e.g. check quota).
2025-07-16 12:48:27,325  WARNING   Переход на ключ #2
2025-07-16 12:48:28,289  WARNING  ⚠️  Ошибка API: 429 resource has been exhausted (e.g. check quota).
2025-07-16 12:48:28,290  WARNING   Переход на ключ #1
2025-07-16 12:48:29,193  WARNING  ⚠️  Ошибка API: 429 resource has been exhausted (e.g. check quota).
2025-07-16 12:48:29,193  WARNING   Переход на ключ #2
2025-07-16 12:48:30,413  WARNING  ⚠️  Ошибка API: 429 resource has been exhausted (e.g. check quota).
2025-07-16 12:48:30,414  WARNING   Переход на ключ #1
2025-07-16 12:48:31,651  WARNING  ⚠️  Ошибка API: 429 resource has been exhausted (e.g. check quota).
2025-07-16 12:48:31,651  WARNING   Переход на ключ #2
2025-07-16 12:48:32,469  WARNING  ⚠️  Ошибка API: 429 resource has been exhausted (e.g. check quota).
2025-07-16 12:48:32,469  WARNING   Переход на ключ #1
2025-07-16 12:48:33,788  WARNING  ⚠️  Ошибка API: 429 resource has been exhausted (e.g. check quota).
2025-07-16 12:48:33,788  WARNING   Переход на ключ #2
2025-07-16 12:48:34,638  WARNING  ⚠️  Ошибка API: 429 resource has been exhausted (e.g. check quota).
2025-07-16 12:48:34,638  WARNING   Переход на ключ #1
2025-07-16 12:48:35,634  WARNING  ⚠️  Ошибка API: 429 resource has been exhausted (e.g. check quota).
2025-07-16 12:48:35,634  WARNING   Переход на ключ #2
2025-07-16 12:48:36,284  WARNING  ⚠️  Ошибка API: 429 resource has been exhausted (e.g. check quota).
2025-07-16 12:48:36,285  WARNING   Переход на ключ #1
2025-07-16 12:48:37,114  WARNING  ⚠️  Ошибка API: 429 resource has been exhausted (e.g. check quota).
2025-07-16 12:48:37,114  WARNING   Переход на ключ #2
2025-07-16 12:48:37,963  WARNING  ⚠️  Ошибка API: 429 resource has been exhausted (e.g. check quota).
2025-07-16 12:48:37,963  WARNING   Переход на ключ #1
2025-07-16 12:48:38,931  WARNING  ⚠️  Ошибка API: 429 resource has been exhausted (e.g. check quota).
2025-07-16 12:48:38,932  WARNING   Переход на ключ #2
2025-07-16 12:48:39,660  WARNING  ⚠️  Ошибка API: 429 resource has been exhausted (e.g. check quota).
2025-07-16 12:48:39,660  WARNING   Переход на ключ #1
2025-07-16 12:48:40,634  WARNING  ⚠️  Ошибка API: 429 resource has been exhausted (e.g. check quota).
2025-07-16 12:48:40,634  WARNING   Переход на ключ #2
2025-07-16 12:48:41,477  WARNING  ⚠️  Ошибка API: 429 resource has been exhausted (e.g. check quota).
2025-07-16 12:48:41,477  WARNING   Переход на ключ #1
2025-07-16 12:48:42,379  WARNING  ⚠️  Ошибка API: 429 resource has been exhausted (e.g. check quota).
2025-07-16 12:48:42,380  WARNING   Переход на ключ #2
2025-07-16 12:48:43,062  WARNING  ⚠️  Ошибка API: 429 resource has been exhausted (e.g. check quota).
2025-07-16 12:48:43,062  WARNING   Переход на ключ #1
2025-07-16 12:48:43,677  WARNING  ⚠️  Ошибка API: 429 resource has been exhausted (e.g. check quota).
2025-07-16 12:48:43,677  WARNING   Переход на ключ #2
2025-07-16 12:48:44,834  WARNING  ⚠️  Ошибка API: 429 resource has been exhausted (e.g. check quota).
2025-07-16 12:48:44,835  WARNING   Переход на ключ #1
2025-07-16 12:48:45,747  WARNING  ⚠️  Ошибка API: 429 resource has been exhausted (e.g. check quota).
2025-07-16 12:48:45,747  WARNING   Переход на ключ #2
2025-07-16 12:48:46,599  WARNING  ⚠️  Ошибка API: 429 resource has been exhausted (e.g. check quota).
2025-07-16 12:48:46,599  WARNING   Переход на ключ #1
2025-07-16 12:48:47,361  WARNING  ⚠️  Ошибка API: 429 resource has been exhausted (e.g. check quota).
2025-07-16 12:48:47,362  WARNING   Переход на ключ #2
2025-07-16 12:48:48,128  WARNING  ⚠️  Ошибка API: 429 resource has been exhausted (e.g. check quota).
2025-07-16 12:48:48,129  WARNING   Переход на ключ #1
2025-07-16 12:48:49,007  WARNING  ⚠️  Ошибка API: 429 resource has been exhausted (e.g. check quota).
2025-07-16 12:48:49,008  WARNING   Переход на ключ #2
2025-07-16 12:48:49,718  WARNING  ⚠️  Ошибка API: 429 resource has been exhausted (e.g. check quota).
2025-07-16 12:48:49,719  WARNING   Переход на ключ #1
2025-07-16 12:48:50,835  WARNING  ⚠️  Ошибка API: 429 resource has been exhausted (e.g. check quota).
2025-07-16 12:48:50,835  WARNING   Переход на ключ #2
2025-07-16 12:49:18,261  INFO   Ключ #1 активирован
2025-07-16 12:49:41,826  INFO   К обработке: 113006 записей
2025-07-16 12:49:42,436  WARNING  ⚠️  Ошибка API: 429 resource has been exhausted (e.g. check quota).
2025-07-16 12:49:42,436  WARNING   Переход на ключ #2
2025-07-16 12:49:43,031  WARNING  ⚠️  Ошибка API: 429 resource has been exhausted (e.g. check quota).
2025-07-16 12:49:43,032  WARNING   Переход на ключ #1
2025-07-16 12:49:43,501  WARNING  ⚠️  Ошибка API: 429 resource has been exhausted (e.g. check quota).
2025-07-16 12:49:43,501  WARNING   Переход на ключ #2
2025-07-16 12:49:44,748  WARNING  ⚠️  Ошибка API: 429 resource has been exhausted (e.g. check quota).
2025-07-16 12:49:44,748  WARNING   Переход на ключ #1
2025-07-16 12:50:00,617  WARNING  ⚠️  Ошибка API: 429 resource has been exhausted (e.g. check quota).
2025-07-16 12:50:00,618  WARNING   Переход на ключ #2
2025-07-16 12:50:01,847  WARNING  ⚠️  Ошибка API: 429 resource has been exhausted (e.g. check quota).
2025-07-16 12:50:01,847  WARNING   Переход на ключ #1
2025-07-16 12:50:03,387  WARNING  ⚠️  Ошибка API: 429 resource has been exhausted (e.g. check quota).
2025-07-16 12:50:03,388  WARNING   Переход на ключ #2
2025-07-16 12:50:08,787  WARNING  ⚠️  Ошибка API: 429 resource has been exhausted (e.g. check quota).
2025-07-16 12:50:08,787  WARNING   Переход на ключ #1
2025-07-16 12:50:10,070  WARNING  ⚠️  Ошибка API: 429 resource has been exhausted (e.g. check quota).
2025-07-16 12:50:10,070  WARNING   Переход на ключ #2
2025-07-16 12:50:11,977  WARNING  ⚠️  Ошибка API: 429 resource has been exhausted (e.g. check quota).
2025-07-16 12:50:11,977  WARNING   Переход на ключ #1
2025-07-16 12:50:13,474  WARNING  ⚠️  Ошибка API: 429 resource has been exhausted (e.g. check quota).
2025-07-16 12:50:13,474  WARNING   Переход на ключ #2
2025-07-16 12:50:19,289  WARNING  ⚠️  Ошибка API: 429 resource has been exhausted (e.g. check quota).
2025-07-16 12:50:19,290  WARNING   Переход на ключ #1
2025-07-16 12:50:23,184  WARNING  ⚠️  Ошибка API: 429 resource has been exhausted (e.g. check quota).
2025-07-16 12:50:23,184  WARNING   Переход на ключ #2
2025-07-16 12:50:27,896  WARNING  ⚠️  Ошибка API: 429 resource has been exhausted (e.g. check quota).
2025-07-16 12:50:27,896  WARNING   Переход на ключ #1
2025-07-16 12:50:30,050  WARNING  ⚠️  Ошибка API: 429 resource has been exhausted (e.g. check quota).
2025-07-16 12:50:30,050  WARNING   Переход на ключ #2
2025-07-16 12:50:33,316  WARNING  ⚠️  Ошибка API: 429 resource has been exhausted (e.g. check quota).
2025-07-16 12:50:33,316  WARNING   Переход на ключ #1
2025-07-16 12:50:41,188  WARNING  ⚠️  Ошибка API: 429 resource has been exhausted (e.g. check quota).
2025-07-16 12:50:41,189  WARNING   Переход на ключ #2
2025-07-16 12:50:44,429  WARNING  ⚠️  Ошибка API: 429 resource has been exhausted (e.g. check quota).
2025-07-16 12:50:44,429  WARNING   Переход на ключ #1
2025-07-16 12:50:45,163  WARNING  ⚠️  Ошибка API: 429 resource has been exhausted (e.g. check quota).
2025-07-16 12:50:45,164  WARNING   Переход на ключ #2
2025-07-16 12:50:45,653  WARNING  ⚠️  Ошибка API: 429 resource has been exhausted (e.g. check quota).
2025-07-16 12:50:45,653  WARNING   Переход на ключ #1
2025-07-16 12:50:46,062  WARNING  ⚠️  Ошибка API: 429 resource has been exhausted (e.g. check quota).
2025-07-16 12:50:46,062  WARNING   Переход на ключ #2
2025-07-16 12:50:46,447  WARNING  ⚠️  Ошибка API: 429 resource has been exhausted (e.g. check quota).
2025-07-16 12:50:46,447  WARNING   Переход на ключ #1
2025-07-16 12:50:47,339  WARNING  ⚠️  Ошибка API: 429 resource has been exhausted (e.g. check quota).
2025-07-16 12:50:47,339  WARNING   Переход на ключ #2
2025-07-16 12:50:47,763  WARNING  ⚠️  Ошибка API: 429 resource has been exhausted (e.g. check quota).
2025-07-16 12:50:47,763  WARNING   Переход на ключ #1
2025-07-16 12:50:48,313  WARNING  ⚠️  Ошибка API: 429 resource has been exhausted (e.g. check quota).
2025-07-16 12:50:48,313  WARNING   Переход на ключ #2
2025-07-16 12:50:48,766  WARNING  ⚠️  Ошибка API: 429 resource has been exhausted (e.g. check quota).
2025-07-16 12:50:48,766  WARNING   Переход на ключ #1
2025-07-16 12:50:49,252  WARNING  ⚠️  Ошибка API: 429 resource has been exhausted (e.g. check quota).
2025-07-16 12:50:49,253  WARNING   Переход на ключ #2
2025-07-16 12:50:49,676  WARNING  ⚠️  Ошибка API: 429 resource has been exhausted (e.g. check quota).
2025-07-16 12:50:49,676  WARNING   Переход на ключ #1
2025-07-16 12:50:50,141  WARNING  ⚠️  Ошибка API: 429 resource has been exhausted (e.g. check quota).
2025-07-16 12:50:50,141  WARNING   Переход на ключ #2
2025-07-16 12:50:51,024  WARNING  ⚠️  Ошибка API: 429 resource has been exhausted (e.g. check quota).
2025-07-16 12:50:51,024  WARNING   Переход на ключ #1
2025-07-16 12:50:51,423  WARNING  ⚠️  Ошибка API: 429 resource has been exhausted (e.g. check quota).
2025-07-16 12:50:51,423  WARNING   Переход на ключ #2
2025-07-16 12:50:51,889  WARNING  ⚠️  Ошибка API: 429 resource has been exhausted (e.g. check quota).
2025-07-16 12:50:51,890  WARNING   Переход на ключ #1
2025-07-16 12:50:52,289  WARNING  ⚠️  Ошибка API: 429 resource has been exhausted (e.g. check quota).
2025-07-16 12:50:52,290  WARNING   Переход на ключ #2
2025-07-16 12:50:52,792  WARNING  ⚠️  Ошибка API: 429 resource has been exhausted (e.g. check quota).
2025-07-16 12:50:52,792  WARNING   Переход на ключ #1
2025-07-16 12:50:53,507  WARNING  ⚠️  Ошибка API: 429 resource has been exhausted (e.g. check quota).
2025-07-16 12:50:53,508  WARNING   Переход на ключ #2
2025-07-16 12:50:53,947  WARNING  ⚠️  Ошибка API: 429 resource has been exhausted (e.g. check quota).
2025-07-16 12:50:53,947  WARNING   Переход на ключ #1
2025-07-16 12:50:54,501  WARNING  ⚠️  Ошибка API: 429 resource has been exhausted (e.g. check quota).
2025-07-16 12:50:54,502  WARNING   Переход на ключ #2
2025-07-16 12:50:54,959  WARNING  ⚠️  Ошибка API: 429 resource has been exhausted (e.g. check quota).
2025-07-16 12:50:54,960  WARNING   Переход на ключ #1
2025-07-16 12:50:55,394  WARNING  ⚠️  Ошибка API: 429 resource has been exhausted (e.g. check quota).
2025-07-16 12:50:55,395  WARNING   Переход на ключ #2
2025-07-16 12:50:55,929  WARNING  ⚠️  Ошибка API: 429 resource has been exhausted (e.g. check quota).
2025-07-16 12:50:55,930  WARNING   Переход на ключ #1
2025-07-16 12:50:56,343  WARNING  ⚠️  Ошибка API: 429 resource has been exhausted (e.g. check quota).
2025-07-16 12:50:56,343  WARNING   Переход на ключ #2
2025-07-16 12:50:56,798  WARNING  ⚠️  Ошибка API: 429 resource has been exhausted (e.g. check quota).
2025-07-16 12:50:56,799  WARNING   Переход на ключ #1
2025-07-16 12:50:57,260  WARNING  ⚠️  Ошибка API: 429 resource has been exhausted (e.g. check quota).
2025-07-16 12:50:57,260  WARNING   Переход на ключ #2
2025-07-16 12:50:57,705  WARNING  ⚠️  Ошибка API: 429 resource has been exhausted (e.g. check quota).
2025-07-16 12:50:57,705  WARNING   Переход на ключ #1
2025-07-16 12:50:58,269  WARNING  ⚠️  Ошибка API: 429 resource has been exhausted (e.g. check quota).
2025-07-16 12:50:58,269  WARNING   Переход на ключ #2
2025-07-16 12:50:58,702  WARNING  ⚠️  Ошибка API: 429 resource has been exhausted (e.g. check quota).
2025-07-16 12:50:58,703  WARNING   Переход на ключ #1
2025-07-16 12:50:59,197  WARNING  ⚠️  Ошибка API: 429 resource has been exhausted (e.g. check quota).
2025-07-16 12:50:59,197  WARNING   Переход на ключ #2
2025-07-16 12:50:59,798  WARNING  ⚠️  Ошибка API: 429 resource has been exhausted (e.g. check quota).
2025-07-16 12:50:59,798  WARNING   Переход на ключ #1
2025-07-16 12:51:00,220  WARNING  ⚠️  Ошибка API: 429 resource has been exhausted (e.g. check quota).
2025-07-16 12:51:00,220  WARNING   Переход на ключ #2
2025-07-16 12:51:00,688  WARNING  ⚠️  Ошибка API: 429 resource has been exhausted (e.g. check quota).
2025-07-16 12:51:00,689  WARNING   Переход на ключ #1
2025-07-16 12:51:01,138  WARNING  ⚠️  Ошибка API: 429 resource has been exhausted (e.g. check quota).
2025-07-16 12:51:01,139  WARNING   Переход на ключ #2
2025-07-16 12:51:01,588  WARNING  ⚠️  Ошибка API: 429 resource has been exhausted (e.g. check quota).
2025-07-16 12:51:01,588  WARNING   Переход на ключ #1
2025-07-16 12:51:02,130  WARNING  ⚠️  Ошибка API: 429 resource has been exhausted (e.g. check quota).
2025-07-16 12:51:02,130  WARNING   Переход на ключ #2
2025-07-16 12:51:02,616  WARNING  ⚠️  Ошибка API: 429 resource has been exhausted (e.g. check quota).
2025-07-16 12:51:02,616  WARNING   Переход на ключ #1
2025-07-16 12:51:03,089  WARNING  ⚠️  Ошибка API: 429 resource has been exhausted (e.g. check quota).
2025-07-16 12:51:03,089  WARNING   Переход на ключ #2
2025-07-16 12:51:03,486  WARNING  ⚠️  Ошибка API: 429 resource has been exhausted (e.g. check quota).
2025-07-16 12:51:03,487  WARNING   Переход на ключ #1
2025-07-16 12:51:03,918  WARNING  ⚠️  Ошибка API: 429 resource has been exhausted (e.g. check quota).
2025-07-16 12:51:03,918  WARNING   Переход на ключ #2
2025-07-16 12:51:05,325  WARNING  ⚠️  Ошибка API: 429 resource has been exhausted (e.g. check quota).
2025-07-16 12:51:05,326  WARNING   Переход на ключ #1
2025-07-16 12:51:05,804  WARNING  ⚠️  Ошибка API: 429 resource has been exhausted (e.g. check quota).
2025-07-16 12:51:05,804  WARNING   Переход на ключ #2
2025-07-16 12:51:06,262  WARNING  ⚠️  Ошибка API: 429 resource has been exhausted (e.g. check quota).
2025-07-16 12:51:06,262  WARNING   Переход на ключ #1
2025-07-16 12:51:06,680  WARNING  ⚠️  Ошибка API: 429 resource has been exhausted (e.g. check quota).
2025-07-16 12:51:06,681  WARNING   Переход на ключ #2
2025-07-16 12:51:07,133  WARNING  ⚠️  Ошибка API: 429 resource has been exhausted (e.g. check quota).
2025-07-16 12:51:07,133  WARNING   Переход на ключ #1
2025-07-16 12:51:07,604  WARNING  ⚠️  Ошибка API: 429 resource has been exhausted (e.g. check quota).
2025-07-16 12:51:07,605  WARNING   Переход на ключ #2
2025-07-16 12:51:08,450  WARNING  ⚠️  Ошибка API: 429 resource has been exhausted (e.g. check quota).
2025-07-16 12:51:08,450  WARNING   Переход на ключ #1
2025-07-16 12:51:08,903  WARNING  ⚠️  Ошибка API: 429 resource has been exhausted (e.g. check quota).
2025-07-16 12:51:08,904  WARNING   Переход на ключ #2
2025-07-16 12:51:09,291  WARNING  ⚠️  Ошибка API: 429 resource has been exhausted (e.g. check quota).
2025-07-16 12:51:09,291  WARNING   Переход на ключ #1
2025-07-16 12:51:09,734  WARNING  ⚠️  Ошибка API: 429 resource has been exhausted (e.g. check quota).
2025-07-16 12:51:09,734  WARNING   Переход на ключ #2
2025-07-16 12:51:10,135  WARNING  ⚠️  Ошибка API: 429 resource has been exhausted (e.g. check quota).
2025-07-16 12:51:10,135  WARNING   Переход на ключ #1
2025-07-16 12:51:10,678  WARNING  ⚠️  Ошибка API: 429 resource has been exhausted (e.g. check quota).
2025-07-16 12:51:10,678  WARNING   Переход на ключ #2
2025-07-16 12:51:11,086  WARNING  ⚠️  Ошибка API: 429 resource has been exhausted (e.g. check quota).
2025-07-16 12:51:11,086  WARNING   Переход на ключ #1
2025-07-16 12:51:11,545  WARNING  ⚠️  Ошибка API: 429 resource has been exhausted (e.g. check quota).
2025-07-16 12:51:11,545  WARNING   Переход на ключ #2
2025-07-16 12:51:11,981  WARNING  ⚠️  Ошибка API: 429 resource has been exhausted (e.g. check quota).
2025-07-16 12:51:11,981  WARNING   Переход на ключ #1
2025-07-16 12:51:12,474  WARNING  ⚠️  Ошибка API: 429 resource has been exhausted (e.g. check quota).
2025-07-16 12:51:12,474  WARNING   Переход на ключ #2
2025-07-16 12:51:12,932  WARNING  ⚠️  Ошибка API: 429 resource has been exhausted (e.g. check quota).
2025-07-16 12:51:12,933  WARNING   Переход на ключ #1
2025-07-16 12:51:13,393  WARNING  ⚠️  Ошибка API: 429 resource has been exhausted (e.g. check quota).
2025-07-16 12:51:13,393  WARNING   Переход на ключ #2
2025-07-16 12:51:13,820  WARNING  ⚠️  Ошибка API: 429 resource has been exhausted (e.g. check quota).
2025-07-16 12:51:13,820  WARNING   Переход на ключ #1
2025-07-16 12:51:14,214  WARNING  ⚠️  Ошибка API: 429 resource has been exhausted (e.g. check quota).
2025-07-16 12:51:14,214  WARNING   Переход на ключ #2
2025-07-16 12:51:14,585  WARNING  ⚠️  Ошибка API: 429 resource has been exhausted (e.g. check quota).
2025-07-16 12:51:14,586  WARNING   Переход на ключ #1
2025-07-16 12:51:15,070  WARNING  ⚠️  Ошибка API: 429 resource has been exhausted (e.g. check quota).
2025-07-16 12:51:15,070  WARNING   Переход на ключ #2
2025-07-16 12:51:15,528  WARNING  ⚠️  Ошибка API: 429 resource has been exhausted (e.g. check quota).
2025-07-16 12:51:15,528  WARNING   Переход на ключ #1
2025-07-16 12:51:15,939  WARNING  ⚠️  Ошибка API: 429 resource has been exhausted (e.g. check quota).
2025-07-16 12:51:15,940  WARNING   Переход на ключ #2
2025-07-16 12:51:16,395  WARNING  ⚠️  Ошибка API: 429 resource has been exhausted (e.g. check quota).
2025-07-16 12:51:16,396  WARNING   Переход на ключ #1
2025-07-16 12:51:16,876  WARNING  ⚠️  Ошибка API: 429 resource has been exhausted (e.g. check quota).
2025-07-16 12:51:16,876  WARNING   Переход на ключ #2
2025-07-16 12:51:17,257  WARNING  ⚠️  Ошибка API: 429 resource has been exhausted (e.g. check quota).
2025-07-16 12:51:17,258  WARNING   Переход на ключ #1
2025-07-16 12:51:17,681  WARNING  ⚠️  Ошибка API: 429 resource has been exhausted (e.g. check quota).
2025-07-16 12:51:17,681  WARNING   Переход на ключ #2
2025-07-16 12:51:18,103  WARNING  ⚠️  Ошибка API: 429 resource has been exhausted (e.g. check quota).
2025-07-16 12:51:18,104  WARNING   Переход на ключ #1
2025-07-16 12:51:18,571  WARNING  ⚠️  Ошибка API: 429 resource has been exhausted (e.g. check quota).
2025-07-16 12:51:18,571  WARNING   Переход на ключ #2
2025-07-16 12:51:18,970  WARNING  ⚠️  Ошибка API: 429 resource has been exhausted (e.g. check quota).
2025-07-16 12:51:18,970  WARNING   Переход на ключ #1
2025-07-16 12:51:19,438  WARNING  ⚠️  Ошибка API: 429 resource has been exhausted (e.g. check quota).
2025-07-16 12:51:19,438  WARNING   Переход на ключ #2
2025-07-16 12:51:19,896  WARNING  ⚠️  Ошибка API: 429 resource has been exhausted (e.g. check quota).
2025-07-16 12:51:19,896  WARNING   Переход на ключ #1
2025-07-16 12:51:20,414  WARNING  ⚠️  Ошибка API: 429 resource has been exhausted (e.g. check quota).
2025-07-16 12:51:20,415  WARNING   Переход на ключ #2
2025-07-16 12:51:20,879  WARNING  ⚠️  Ошибка API: 429 resource has been exhausted (e.g. check quota).
2025-07-16 12:51:20,879  WARNING   Переход на ключ #1
2025-07-16 12:51:21,383  WARNING  ⚠️  Ошибка API: 429 resource has been exhausted (e.g. check quota).
2025-07-16 12:51:21,383  WARNING   Переход на ключ #2
2025-07-16 12:51:21,941  WARNING  ⚠️  Ошибка API: 429 resource has been exhausted (e.g. check quota).
2025-07-16 12:51:21,941  WARNING   Переход на ключ #1
2025-07-16 12:51:22,561  WARNING  ⚠️  Ошибка API: 429 resource has been exhausted (e.g. check quota).
2025-07-16 12:51:22,561  WARNING   Переход на ключ #2
2025-07-16 12:51:22,963  WARNING  ⚠️  Ошибка API: 429 resource has been exhausted (e.g. check quota).
2025-07-16 12:51:22,963  WARNING   Переход на ключ #1
2025-07-16 12:51:23,398  WARNING  ⚠️  Ошибка API: 429 resource has been exhausted (e.g. check quota).
2025-07-16 12:51:23,398  WARNING   Переход на ключ #2
2025-07-16 12:51:23,780  WARNING  ⚠️  Ошибка API: 429 resource has been exhausted (e.g. check quota).
2025-07-16 12:51:23,780  WARNING   Переход на ключ #1
2025-07-16 12:51:24,194  WARNING  ⚠️  Ошибка API: 429 resource has been exhausted (e.g. check quota).
2025-07-16 12:51:24,194  WARNING   Переход на ключ #2
2025-07-16 12:51:24,688  WARNING  ⚠️  Ошибка API: 429 resource has been exhausted (e.g. check quota).
2025-07-16 12:51:24,689  WARNING   Переход на ключ #1
2025-07-16 12:51:25,089  WARNING  ⚠️  Ошибка API: 429 resource has been exhausted (e.g. check quota).
2025-07-16 12:51:25,090  WARNING   Переход на ключ #2
2025-07-16 12:51:25,535  WARNING  ⚠️  Ошибка API: 429 resource has been exhausted (e.g. check quota).
2025-07-16 12:51:25,535  WARNING   Переход на ключ #1
2025-07-16 12:51:26,148  WARNING  ⚠️  Ошибка API: 429 resource has been exhausted (e.g. check quota).
2025-07-16 12:51:26,149  WARNING   Переход на ключ #2
2025-07-16 12:51:26,565  WARNING  ⚠️  Ошибка API: 429 resource has been exhausted (e.g. check quota).
2025-07-16 12:51:26,566  WARNING   Переход на ключ #1
2025-07-16 12:51:27,012  WARNING  ⚠️  Ошибка API: 429 resource has been exhausted (e.g. check quota).
2025-07-16 12:51:27,012  WARNING   Переход на ключ #2
2025-07-16 12:51:27,497  WARNING  ⚠️  Ошибка API: 429 resource has been exhausted (e.g. check quota).
2025-07-16 12:51:27,497  WARNING   Переход на ключ #1
2025-07-16 12:51:27,892  WARNING  ⚠️  Ошибка API: 429 resource has been exhausted (e.g. check quota).
2025-07-16 12:51:27,892  WARNING   Переход на ключ #2
2025-07-16 12:51:28,344  WARNING  ⚠️  Ошибка API: 429 resource has been exhausted (e.g. check quota).
2025-07-16 12:51:28,344  WARNING   Переход на ключ #1
2025-07-16 12:51:28,727  WARNING  ⚠️  Ошибка API: 429 resource has been exhausted (e.g. check quota).
2025-07-16 12:51:28,727  WARNING   Переход на ключ #2
2025-07-16 12:51:29,222  WARNING  ⚠️  Ошибка API: 429 resource has been exhausted (e.g. check quota).
2025-07-16 12:51:29,222  WARNING   Переход на ключ #1
2025-07-16 12:51:29,792  WARNING  ⚠️  Ошибка API: 429 resource has been exhausted (e.g. check quota).
2025-07-16 12:51:29,792  WARNING   Переход на ключ #2
2025-07-16 12:51:30,381  WARNING  ⚠️  Ошибка API: 429 resource has been exhausted (e.g. check quota).
2025-07-16 12:51:30,381  WARNING   Переход на ключ #1
2025-07-16 12:51:30,918  WARNING  ⚠️  Ошибка API: 429 resource has been exhausted (e.g. check quota).
2025-07-16 12:51:30,918  WARNING   Переход на ключ #2
2025-07-16 12:51:31,425  WARNING  ⚠️  Ошибка API: 429 resource has been exhausted (e.g. check quota).
2025-07-16 12:51:31,425  WARNING   Переход на ключ #1
2025-07-16 12:51:32,058  WARNING  ⚠️  Ошибка API: 429 resource has been exhausted (e.g. check quota).
2025-07-16 12:51:32,059  WARNING   Переход на ключ #2
2025-07-16 12:51:32,594  WARNING  ⚠️  Ошибка API: 429 resource has been exhausted (e.g. check quota).
2025-07-16 12:51:32,594  WARNING   Переход на ключ #1
2025-07-16 12:51:33,486  WARNING  ⚠️  Ошибка API: 429 resource has been exhausted (e.g. check quota).
2025-07-16 12:51:33,487  WARNING   Переход на ключ #2
2025-07-16 12:51:34,053  WARNING  ⚠️  Ошибка API: 429 resource has been exhausted (e.g. check quota).
2025-07-16 12:51:34,054  WARNING   Переход на ключ #1
2025-07-16 12:51:34,526  WARNING  ⚠️  Ошибка API: 429 resource has been exhausted (e.g. check quota).
2025-07-16 12:51:34,526  WARNING   Переход на ключ #2
2025-07-16 12:51:35,008  WARNING  ⚠️  Ошибка API: 429 resource has been exhausted (e.g. check quota).
2025-07-16 12:51:35,009  WARNING   Переход на ключ #1
2025-07-16 12:51:35,599  WARNING  ⚠️  Ошибка API: 429 resource has been exhausted (e.g. check quota).
2025-07-16 12:51:35,599  WARNING   Переход на ключ #2
2025-07-16 12:51:36,253  WARNING  ⚠️  Ошибка API: 429 resource has been exhausted (e.g. check quota).
2025-07-16 12:51:36,254  WARNING   Переход на ключ #1
2025-07-16 12:51:36,858  WARNING  ⚠️  Ошибка API: 429 resource has been exhausted (e.g. check quota).
2025-07-16 12:51:36,858  WARNING   Переход на ключ #2
2025-07-16 12:51:37,416  WARNING  ⚠️  Ошибка API: 429 resource has been exhausted (e.g. check quota).
2025-07-16 12:51:37,416  WARNING   Переход на ключ #1
2025-07-16 12:51:37,958  WARNING  ⚠️  Ошибка API: 429 resource has been exhausted (e.g. check quota).
2025-07-16 12:51:37,958  WARNING   Переход на ключ #2
2025-07-16 12:51:38,445  WARNING  ⚠️  Ошибка API: 429 resource has been exhausted (e.g. check quota).
2025-07-16 12:51:38,445  WARNING   Переход на ключ #1
2025-07-16 12:51:39,040  WARNING  ⚠️  Ошибка API: 429 resource has been exhausted (e.g. check quota).
2025-07-16 12:51:39,040  WARNING   Переход на ключ #2
2025-07-16 12:51:39,517  WARNING  ⏹️  Получен Ctrl-C, останавливаемся корректно…
2025-07-16 12:51:39,518  WARNING  ⚠️  Ошибка API: 429 resource has been exhausted (e.g. check quota).
2025-07-16 12:51:39,518  WARNING   Переход на ключ #1
2025-07-16 12:52:13,668  INFO   Завершено. Добавлено эмбеддингов: 0
2025-07-16 13:08:44,743  INFO  🔑 Ключ #1 активирован
2025-07-16 13:09:06,676  INFO  🎯 К обработке: 113006 записей
2025-07-16 13:09:07,606  WARNING  ⚠️  Ошибка API: 429 resource has been exhausted (e.g. check quota).
2025-07-16 13:09:07,606  WARNING  🔄 Переход на ключ #2
2025-07-16 13:09:08,230  WARNING  ⚠️  Ошибка API: 429 resource has been exhausted (e.g. check quota).
2025-07-16 13:09:08,230  WARNING  🔄 Переход на ключ #1
2025-07-16 13:09:08,764  WARNING  ⚠️  Ошибка API: 429 resource has been exhausted (e.g. check quota).
2025-07-16 13:09:08,764  WARNING  🔄 Переход на ключ #2
2025-07-16 13:09:09,170  WARNING  ⚠️  Ошибка API: 429 resource has been exhausted (e.g. check quota).
2025-07-16 13:09:09,170  WARNING  🔄 Переход на ключ #1
2025-07-16 13:09:09,687  WARNING  ⚠️  Ошибка API: 429 resource has been exhausted (e.g. check quota).
2025-07-16 13:09:09,687  WARNING  🔄 Переход на ключ #2
2025-07-16 13:09:11,014  WARNING  ⚠️  Ошибка API: 429 resource has been exhausted (e.g. check quota).
2025-07-16 13:09:11,015  WARNING  🔄 Переход на ключ #1
2025-07-16 13:09:11,529  WARNING  ⚠️  Ошибка API: 429 resource has been exhausted (e.g. check quota).
2025-07-16 13:09:11,530  WARNING  🔄 Переход на ключ #2
2025-07-16 13:09:12,049  WARNING  ⚠️  Ошибка API: 429 resource has been exhausted (e.g. check quota).
2025-07-16 13:09:12,049  WARNING  🔄 Переход на ключ #1
2025-07-16 13:09:12,449  WARNING  ⚠️  Ошибка API: 429 resource has been exhausted (e.g. check quota).
2025-07-16 13:09:12,450  WARNING  🔄 Переход на ключ #2
2025-07-16 13:09:12,982  WARNING  ⚠️  Ошибка API: 429 resource has been exhausted (e.g. check quota).
2025-07-16 13:09:12,982  WARNING  🔄 Переход на ключ #1
2025-07-16 13:09:13,512  WARNING  ⚠️  Ошибка API: 429 resource has been exhausted (e.g. check quota).
2025-07-16 13:09:13,512  WARNING  🔄 Переход на ключ #2
2025-07-16 13:09:13,904  WARNING  ⚠️  Ошибка API: 429 resource has been exhausted (e.g. check quota).
2025-07-16 13:09:13,904  WARNING  🔄 Переход на ключ #1
2025-07-16 13:09:14,440  WARNING  ⏹️  Получен Ctrl-C, останавливаемся корректно…
2025-07-16 13:09:14,448  WARNING  ⚠️  Ошибка API: 429 resource has been exhausted (e.g. check quota).
2025-07-16 13:09:14,449  WARNING  🔄 Переход на ключ #2
2025-07-16 13:09:51,165  INFO  🏁 Завершено. Добавлено эмбеддингов: 0
