2025-07-16 09:53:14,287 - INFO - Загружено 2 API-ключей
2025-07-16 09:53:14,288 - INFO - Используется API-ключ #1
2025-07-16 09:53:14,288 - INFO - 🔄 Восстановление из backup файла...
2025-07-16 09:53:27,590 - INFO - ✅ Backup файл валиден, содержит 115377 записей
2025-07-16 09:53:28,764 - INFO - Поврежденный файл сохранен как .corrupted
2025-07-16 09:53:34,913 - INFO - ✅ Файл восстановлен из backup
2025-07-16 09:53:35,939 - INFO - 🚀 Начало процесса дозаписи эмбеддингов
2025-07-16 09:53:48,719 - INFO - 📊 Всего записей: 115377
2025-07-16 09:53:48,800 - INFO - 🔍 Найдено 115208 записей без эмбеддингов
2025-07-16 09:53:48,800 - INFO - 🔄 Обрабатываем запись 169 (1/115208)
2025-07-16 09:53:49,933 - INFO - ✅ Эмбеддинг создан для записи 169
2025-07-16 09:53:50,134 - INFO - 🔄 Обрабатываем запись 170 (2/115208)
2025-07-16 09:53:50,860 - INFO - ✅ Эмбеддинг создан для записи 170
2025-07-16 09:53:51,061 - INFO - 🔄 Обрабатываем запись 171 (3/115208)
2025-07-16 09:53:51,541 - INFO - ✅ Эмбеддинг создан для записи 171
2025-07-16 09:53:51,741 - INFO - 🔄 Обрабатываем запись 172 (4/115208)
2025-07-16 09:53:52,243 - INFO - ✅ Эмбеддинг создан для записи 172
2025-07-16 09:53:52,444 - INFO - 🔄 Обрабатываем запись 173 (5/115208)
2025-07-16 09:53:52,889 - INFO - ✅ Эмбеддинг создан для записи 173
2025-07-16 09:53:53,090 - INFO - 🔄 Обрабатываем запись 174 (6/115208)
2025-07-16 09:53:53,556 - INFO - ✅ Эмбеддинг создан для записи 174
2025-07-16 09:53:53,759 - INFO - 🔄 Обрабатываем запись 175 (7/115208)
2025-07-16 09:53:54,482 - INFO - ✅ Эмбеддинг создан для записи 175
2025-07-16 09:53:54,682 - INFO - 🔄 Обрабатываем запись 176 (8/115208)
2025-07-16 09:53:55,437 - INFO - ✅ Эмбеддинг создан для записи 176
2025-07-16 09:53:55,638 - INFO - 🔄 Обрабатываем запись 177 (9/115208)
2025-07-16 09:53:56,387 - INFO - ✅ Эмбеддинг создан для записи 177
2025-07-16 09:53:56,588 - INFO - 🔄 Обрабатываем запись 178 (10/115208)
2025-07-16 09:53:56,998 - INFO - ✅ Эмбеддинг создан для записи 178
2025-07-16 09:53:57,199 - INFO - 🔄 Обрабатываем запись 179 (11/115208)
2025-07-16 09:53:57,902 - INFO - ✅ Эмбеддинг создан для записи 179
2025-07-16 09:53:58,103 - INFO - 🔄 Обрабатываем запись 180 (12/115208)
2025-07-16 09:53:58,567 - INFO - ✅ Эмбеддинг создан для записи 180
2025-07-16 09:53:58,767 - INFO - 🔄 Обрабатываем запись 181 (13/115208)
2025-07-16 09:53:59,493 - INFO - ✅ Эмбеддинг создан для записи 181
2025-07-16 09:53:59,694 - INFO - 🔄 Обрабатываем запись 182 (14/115208)
2025-07-16 09:54:00,431 - INFO - ✅ Эмбеддинг создан для записи 182
2025-07-16 09:54:00,632 - INFO - 🔄 Обрабатываем запись 183 (15/115208)
2025-07-16 09:54:01,062 - INFO - ✅ Эмбеддинг создан для записи 183
2025-07-16 09:54:01,262 - INFO - 🔄 Обрабатываем запись 184 (16/115208)
2025-07-16 09:54:02,020 - INFO - ✅ Эмбеддинг создан для записи 184
2025-07-16 09:54:02,221 - INFO - 🔄 Обрабатываем запись 185 (17/115208)
2025-07-16 09:54:02,980 - INFO - ✅ Эмбеддинг создан для записи 185
2025-07-16 09:54:03,181 - INFO - 🔄 Обрабатываем запись 186 (18/115208)
2025-07-16 09:54:03,617 - INFO - ✅ Эмбеддинг создан для записи 186
2025-07-16 09:54:03,818 - INFO - 🔄 Обрабатываем запись 187 (19/115208)
2025-07-16 09:54:04,563 - INFO - ✅ Эмбеддинг создан для записи 187
2025-07-16 09:54:04,764 - INFO - 🔄 Обрабатываем запись 188 (20/115208)
2025-07-16 09:54:05,482 - INFO - ✅ Эмбеддинг создан для записи 188
2025-07-16 09:54:05,682 - INFO - 🔄 Обрабатываем запись 189 (21/115208)
2025-07-16 09:54:06,104 - INFO - ✅ Эмбеддинг создан для записи 189
2025-07-16 09:54:06,306 - INFO - 🔄 Обрабатываем запись 190 (22/115208)
2025-07-16 09:54:07,148 - INFO - ✅ Эмбеддинг создан для записи 190
2025-07-16 09:54:07,349 - INFO - 🔄 Обрабатываем запись 191 (23/115208)
2025-07-16 09:54:07,785 - INFO - ✅ Эмбеддинг создан для записи 191
2025-07-16 09:54:07,986 - INFO - 🔄 Обрабатываем запись 192 (24/115208)
2025-07-16 09:54:08,742 - INFO - ✅ Эмбеддинг создан для записи 192
2025-07-16 09:54:08,944 - INFO - 🔄 Обрабатываем запись 193 (25/115208)
2025-07-16 09:54:09,340 - INFO - ✅ Эмбеддинг создан для записи 193
2025-07-16 09:54:09,540 - INFO - 🔄 Обрабатываем запись 194 (26/115208)
2025-07-16 09:54:10,266 - INFO - ✅ Эмбеддинг создан для записи 194
2025-07-16 09:54:10,468 - INFO - 🔄 Обрабатываем запись 195 (27/115208)
2025-07-16 09:54:11,230 - INFO - ✅ Эмбеддинг создан для записи 195
2025-07-16 09:54:11,432 - INFO - 🔄 Обрабатываем запись 196 (28/115208)
2025-07-16 09:54:12,185 - INFO - ✅ Эмбеддинг создан для записи 196
2025-07-16 09:54:12,386 - INFO - 🔄 Обрабатываем запись 197 (29/115208)
2025-07-16 09:54:13,108 - INFO - ✅ Эмбеддинг создан для записи 197
2025-07-16 09:54:13,308 - INFO - 🔄 Обрабатываем запись 198 (30/115208)
2025-07-16 09:54:13,728 - INFO - ✅ Эмбеддинг создан для записи 198
2025-07-16 09:54:13,928 - INFO - 🔄 Обрабатываем запись 199 (31/115208)
2025-07-16 09:54:14,660 - INFO - ✅ Эмбеддинг создан для записи 199
2025-07-16 09:54:14,861 - INFO - 🔄 Обрабатываем запись 200 (32/115208)
2025-07-16 09:54:15,572 - INFO - ✅ Эмбеддинг создан для записи 200
2025-07-16 09:54:15,773 - INFO - 🔄 Обрабатываем запись 201 (33/115208)
2025-07-16 09:54:16,504 - INFO - ✅ Эмбеддинг создан для записи 201
2025-07-16 09:54:16,704 - INFO - 🔄 Обрабатываем запись 202 (34/115208)
2025-07-16 09:54:17,133 - INFO - ✅ Эмбеддинг создан для записи 202
2025-07-16 09:54:17,334 - INFO - 🔄 Обрабатываем запись 203 (35/115208)
2025-07-16 09:54:18,094 - INFO - ✅ Эмбеддинг создан для записи 203
2025-07-16 09:54:18,295 - INFO - 🔄 Обрабатываем запись 204 (36/115208)
2025-07-16 09:54:18,701 - INFO - ✅ Эмбеддинг создан для записи 204
2025-07-16 09:54:18,902 - INFO - 🔄 Обрабатываем запись 205 (37/115208)
2025-07-16 09:54:19,622 - INFO - ✅ Эмбеддинг создан для записи 205
2025-07-16 09:54:19,823 - INFO - 🔄 Обрабатываем запись 206 (38/115208)
2025-07-16 09:54:20,276 - INFO - ✅ Эмбеддинг создан для записи 206
2025-07-16 09:54:20,479 - INFO - 🔄 Обрабатываем запись 207 (39/115208)
2025-07-16 09:54:21,186 - INFO - ✅ Эмбеддинг создан для записи 207
2025-07-16 09:54:21,387 - INFO - 🔄 Обрабатываем запись 208 (40/115208)
2025-07-16 09:54:22,159 - INFO - ✅ Эмбеддинг создан для записи 208
2025-07-16 09:54:22,360 - INFO - 🔄 Обрабатываем запись 209 (41/115208)
2025-07-16 09:54:22,764 - INFO - ✅ Эмбеддинг создан для записи 209
2025-07-16 09:54:22,964 - INFO - 🔄 Обрабатываем запись 210 (42/115208)
2025-07-16 09:54:23,384 - INFO - ✅ Эмбеддинг создан для записи 210
2025-07-16 09:54:23,585 - INFO - 🔄 Обрабатываем запись 211 (43/115208)
2025-07-16 09:54:23,998 - INFO - ✅ Эмбеддинг создан для записи 211
2025-07-16 09:54:24,198 - INFO - 🔄 Обрабатываем запись 212 (44/115208)
2025-07-16 09:54:24,935 - INFO - ✅ Эмбеддинг создан для записи 212
2025-07-16 09:54:25,136 - INFO - 🔄 Обрабатываем запись 213 (45/115208)
2025-07-16 09:54:25,839 - INFO - ✅ Эмбеддинг создан для записи 213
2025-07-16 09:54:26,040 - INFO - 🔄 Обрабатываем запись 214 (46/115208)
2025-07-16 09:54:26,448 - INFO - ✅ Эмбеддинг создан для записи 214
2025-07-16 09:54:26,649 - INFO - 🔄 Обрабатываем запись 215 (47/115208)
2025-07-16 09:54:27,381 - INFO - ✅ Эмбеддинг создан для записи 215
2025-07-16 09:54:27,582 - INFO - 🔄 Обрабатываем запись 216 (48/115208)
2025-07-16 09:54:28,270 - INFO - ✅ Эмбеддинг создан для записи 216
2025-07-16 09:54:28,470 - INFO - 🔄 Обрабатываем запись 217 (49/115208)
2025-07-16 09:54:28,856 - INFO - ✅ Эмбеддинг создан для записи 217
2025-07-16 09:54:29,057 - INFO - 🔄 Обрабатываем запись 218 (50/115208)
2025-07-16 09:54:29,443 - INFO - ✅ Эмбеддинг создан для записи 218
2025-07-16 09:54:29,644 - INFO - 🔄 Обрабатываем запись 219 (51/115208)
2025-07-16 09:54:30,132 - INFO - ✅ Эмбеддинг создан для записи 219
2025-07-16 09:54:30,333 - INFO - 🔄 Обрабатываем запись 220 (52/115208)
2025-07-16 09:54:31,067 - INFO - ✅ Эмбеддинг создан для записи 220
2025-07-16 09:54:31,268 - INFO - 🔄 Обрабатываем запись 221 (53/115208)
2025-07-16 09:54:31,681 - INFO - ✅ Эмбеддинг создан для записи 221
2025-07-16 09:54:31,881 - INFO - 🔄 Обрабатываем запись 222 (54/115208)
2025-07-16 09:54:32,284 - INFO - ✅ Эмбеддинг создан для записи 222
2025-07-16 09:54:32,485 - INFO - 🔄 Обрабатываем запись 223 (55/115208)
2025-07-16 09:54:32,866 - INFO - ✅ Эмбеддинг создан для записи 223
2025-07-16 09:54:33,066 - INFO - 🔄 Обрабатываем запись 224 (56/115208)
2025-07-16 09:54:33,466 - INFO - ✅ Эмбеддинг создан для записи 224
2025-07-16 09:54:33,667 - INFO - 🔄 Обрабатываем запись 225 (57/115208)
2025-07-16 09:54:34,074 - INFO - ✅ Эмбеддинг создан для записи 225
2025-07-16 09:54:34,275 - INFO - 🔄 Обрабатываем запись 226 (58/115208)
2025-07-16 09:54:34,990 - INFO - ✅ Эмбеддинг создан для записи 226
2025-07-16 09:54:35,190 - INFO - 🔄 Обрабатываем запись 227 (59/115208)
2025-07-16 09:54:35,597 - INFO - ✅ Эмбеддинг создан для записи 227
2025-07-16 09:54:35,798 - INFO - 🔄 Обрабатываем запись 228 (60/115208)
2025-07-16 09:54:36,493 - INFO - ✅ Эмбеддинг создан для записи 228
2025-07-16 09:54:36,694 - INFO - 🔄 Обрабатываем запись 229 (61/115208)
2025-07-16 09:54:37,110 - INFO - ✅ Эмбеддинг создан для записи 229
2025-07-16 09:54:37,311 - INFO - 🔄 Обрабатываем запись 230 (62/115208)
2025-07-16 09:54:38,052 - INFO - ✅ Эмбеддинг создан для записи 230
2025-07-16 09:54:38,253 - INFO - 🔄 Обрабатываем запись 231 (63/115208)
2025-07-16 09:54:38,769 - INFO - ✅ Эмбеддинг создан для записи 231
2025-07-16 09:54:38,970 - INFO - 🔄 Обрабатываем запись 232 (64/115208)
2025-07-16 09:54:39,409 - INFO - ✅ Эмбеддинг создан для записи 232
2025-07-16 09:54:39,610 - INFO - 🔄 Обрабатываем запись 233 (65/115208)
2025-07-16 09:54:40,330 - INFO - ✅ Эмбеддинг создан для записи 233
2025-07-16 09:54:40,531 - INFO - 🔄 Обрабатываем запись 234 (66/115208)
2025-07-16 09:54:41,255 - INFO - ✅ Эмбеддинг создан для записи 234
2025-07-16 09:54:41,455 - INFO - 🔄 Обрабатываем запись 235 (67/115208)
2025-07-16 09:54:42,159 - INFO - ✅ Эмбеддинг создан для записи 235
2025-07-16 09:54:42,359 - INFO - 🔄 Обрабатываем запись 236 (68/115208)
2025-07-16 09:54:43,083 - INFO - ✅ Эмбеддинг создан для записи 236
2025-07-16 09:54:43,284 - INFO - 🔄 Обрабатываем запись 237 (69/115208)
2025-07-16 09:54:43,706 - INFO - ✅ Эмбеддинг создан для записи 237
2025-07-16 09:54:43,907 - INFO - 🔄 Обрабатываем запись 238 (70/115208)
2025-07-16 09:54:44,599 - INFO - ✅ Эмбеддинг создан для записи 238
2025-07-16 09:54:44,800 - INFO - 🔄 Обрабатываем запись 239 (71/115208)
2025-07-16 09:54:45,204 - INFO - ✅ Эмбеддинг создан для записи 239
2025-07-16 09:54:45,405 - INFO - 🔄 Обрабатываем запись 240 (72/115208)
2025-07-16 09:54:45,805 - INFO - ✅ Эмбеддинг создан для записи 240
2025-07-16 09:54:46,006 - INFO - 🔄 Обрабатываем запись 241 (73/115208)
2025-07-16 09:54:46,428 - INFO - ✅ Эмбеддинг создан для записи 241
2025-07-16 09:54:46,629 - INFO - 🔄 Обрабатываем запись 242 (74/115208)
2025-07-16 09:54:47,377 - INFO - ✅ Эмбеддинг создан для записи 242
2025-07-16 09:54:47,578 - INFO - 🔄 Обрабатываем запись 243 (75/115208)
2025-07-16 09:54:48,308 - INFO - ✅ Эмбеддинг создан для записи 243
2025-07-16 09:54:48,509 - INFO - 🔄 Обрабатываем запись 244 (76/115208)
2025-07-16 09:54:48,891 - INFO - ✅ Эмбеддинг создан для записи 244
2025-07-16 09:54:49,091 - INFO - 🔄 Обрабатываем запись 245 (77/115208)
2025-07-16 09:54:49,482 - INFO - ✅ Эмбеддинг создан для записи 245
2025-07-16 09:54:49,683 - INFO - 🔄 Обрабатываем запись 246 (78/115208)
2025-07-16 09:54:50,378 - INFO - ✅ Эмбеддинг создан для записи 246
2025-07-16 09:54:50,579 - INFO - 🔄 Обрабатываем запись 247 (79/115208)
2025-07-16 09:54:51,006 - INFO - ✅ Эмбеддинг создан для записи 247
2025-07-16 09:54:51,207 - INFO - 🔄 Обрабатываем запись 248 (80/115208)
2025-07-16 09:54:51,648 - INFO - ✅ Эмбеддинг создан для записи 248
2025-07-16 09:54:51,849 - INFO - 🔄 Обрабатываем запись 249 (81/115208)
2025-07-16 09:54:52,261 - INFO - ✅ Эмбеддинг создан для записи 249
2025-07-16 09:54:52,461 - INFO - 🔄 Обрабатываем запись 250 (82/115208)
2025-07-16 09:54:53,181 - INFO - ✅ Эмбеддинг создан для записи 250
2025-07-16 09:54:53,382 - INFO - 🔄 Обрабатываем запись 251 (83/115208)
2025-07-16 09:54:53,760 - INFO - ✅ Эмбеддинг создан для записи 251
2025-07-16 09:54:53,961 - INFO - 🔄 Обрабатываем запись 252 (84/115208)
2025-07-16 09:54:54,694 - INFO - ✅ Эмбеддинг создан для записи 252
2025-07-16 09:54:54,897 - INFO - 🔄 Обрабатываем запись 253 (85/115208)
2025-07-16 09:54:55,290 - INFO - ✅ Эмбеддинг создан для записи 253
2025-07-16 09:54:55,491 - INFO - 🔄 Обрабатываем запись 254 (86/115208)
2025-07-16 09:54:55,892 - INFO - ✅ Эмбеддинг создан для записи 254
2025-07-16 09:54:56,093 - INFO - 🔄 Обрабатываем запись 255 (87/115208)
2025-07-16 09:54:56,483 - INFO - ✅ Эмбеддинг создан для записи 255
2025-07-16 09:54:56,687 - INFO - 🔄 Обрабатываем запись 256 (88/115208)
2025-07-16 09:54:57,393 - INFO - ✅ Эмбеддинг создан для записи 256
2025-07-16 09:54:57,594 - INFO - 🔄 Обрабатываем запись 257 (89/115208)
2025-07-16 09:54:58,031 - INFO - ✅ Эмбеддинг создан для записи 257
2025-07-16 09:54:58,232 - INFO - 🔄 Обрабатываем запись 258 (90/115208)
2025-07-16 09:54:58,970 - INFO - ✅ Эмбеддинг создан для записи 258
2025-07-16 09:54:59,171 - INFO - 🔄 Обрабатываем запись 259 (91/115208)
2025-07-16 09:54:59,972 - INFO - ✅ Эмбеддинг создан для записи 259
2025-07-16 09:55:00,173 - INFO - 🔄 Обрабатываем запись 260 (92/115208)
2025-07-16 09:55:00,586 - INFO - ✅ Эмбеддинг создан для записи 260
2025-07-16 09:55:00,787 - INFO - 🔄 Обрабатываем запись 261 (93/115208)
2025-07-16 09:55:01,194 - INFO - ✅ Эмбеддинг создан для записи 261
2025-07-16 09:55:01,395 - INFO - 🔄 Обрабатываем запись 262 (94/115208)
2025-07-16 09:55:01,794 - INFO - ✅ Эмбеддинг создан для записи 262
2025-07-16 09:55:01,995 - INFO - 🔄 Обрабатываем запись 263 (95/115208)
2025-07-16 09:55:02,840 - INFO - ✅ Эмбеддинг создан для записи 263
2025-07-16 09:55:03,040 - INFO - 🔄 Обрабатываем запись 264 (96/115208)
2025-07-16 09:55:03,445 - INFO - ✅ Эмбеддинг создан для записи 264
2025-07-16 09:55:03,646 - INFO - 🔄 Обрабатываем запись 265 (97/115208)
2025-07-16 09:55:04,088 - INFO - ✅ Эмбеддинг создан для записи 265
2025-07-16 09:55:04,289 - INFO - 🔄 Обрабатываем запись 266 (98/115208)
2025-07-16 09:55:04,692 - INFO - ✅ Эмбеддинг создан для записи 266
2025-07-16 09:55:04,893 - INFO - 🔄 Обрабатываем запись 267 (99/115208)
2025-07-16 09:55:05,620 - INFO - ✅ Эмбеддинг создан для записи 267
2025-07-16 09:55:05,820 - INFO - 🔄 Обрабатываем запись 268 (100/115208)
2025-07-16 09:55:06,535 - INFO - ✅ Эмбеддинг создан для записи 268
2025-07-16 09:55:30,522 - INFO - 💾 Данные безопасно сохранены
2025-07-16 09:55:30,524 - INFO - 💾 Сохранено после 100 записей
2025-07-16 09:55:30,724 - INFO - 🔄 Обрабатываем запись 269 (101/115208)
2025-07-16 09:55:31,126 - INFO - ✅ Эмбеддинг создан для записи 269
2025-07-16 09:55:31,327 - INFO - 🔄 Обрабатываем запись 270 (102/115208)
2025-07-16 09:55:32,030 - INFO - ✅ Эмбеддинг создан для записи 270
2025-07-16 09:55:32,231 - INFO - 🔄 Обрабатываем запись 271 (103/115208)
2025-07-16 09:55:32,692 - INFO - ✅ Эмбеддинг создан для записи 271
2025-07-16 09:55:32,898 - INFO - 🔄 Обрабатываем запись 272 (104/115208)
2025-07-16 09:55:33,354 - INFO - ✅ Эмбеддинг создан для записи 272
2025-07-16 09:55:33,555 - INFO - 🔄 Обрабатываем запись 273 (105/115208)
2025-07-16 09:55:33,954 - INFO - ✅ Эмбеддинг создан для записи 273
2025-07-16 09:55:34,155 - INFO - 🔄 Обрабатываем запись 274 (106/115208)
2025-07-16 09:55:34,856 - INFO - ✅ Эмбеддинг создан для записи 274
2025-07-16 09:55:35,056 - INFO - 🔄 Обрабатываем запись 275 (107/115208)
2025-07-16 09:55:35,771 - INFO - ✅ Эмбеддинг создан для записи 275
2025-07-16 09:55:35,972 - INFO - 🔄 Обрабатываем запись 276 (108/115208)
2025-07-16 09:55:36,683 - INFO - ✅ Эмбеддинг создан для записи 276
2025-07-16 09:55:36,886 - INFO - 🔄 Обрабатываем запись 277 (109/115208)
2025-07-16 09:55:37,598 - INFO - ✅ Эмбеддинг создан для записи 277
2025-07-16 09:55:37,799 - INFO - 🔄 Обрабатываем запись 278 (110/115208)
2025-07-16 09:55:38,226 - INFO - ✅ Эмбеддинг создан для записи 278
2025-07-16 09:55:38,427 - INFO - 🔄 Обрабатываем запись 279 (111/115208)
2025-07-16 09:55:39,165 - INFO - ✅ Эмбеддинг создан для записи 279
2025-07-16 09:55:39,366 - INFO - 🔄 Обрабатываем запись 280 (112/115208)
2025-07-16 09:55:40,142 - INFO - ✅ Эмбеддинг создан для записи 280
2025-07-16 09:55:40,343 - INFO - 🔄 Обрабатываем запись 281 (113/115208)
2025-07-16 09:55:41,072 - INFO - ✅ Эмбеддинг создан для записи 281
2025-07-16 09:55:41,272 - INFO - 🔄 Обрабатываем запись 282 (114/115208)
2025-07-16 09:55:42,023 - INFO - ✅ Эмбеддинг создан для записи 282
2025-07-16 09:55:42,224 - INFO - 🔄 Обрабатываем запись 283 (115/115208)
2025-07-16 09:55:42,692 - INFO - ✅ Эмбеддинг создан для записи 283
2025-07-16 09:55:42,893 - INFO - 🔄 Обрабатываем запись 284 (116/115208)
2025-07-16 09:55:43,621 - INFO - ✅ Эмбеддинг создан для записи 284
2025-07-16 09:55:43,822 - INFO - 🔄 Обрабатываем запись 285 (117/115208)
2025-07-16 09:55:44,608 - INFO - ✅ Эмбеддинг создан для записи 285
2025-07-16 09:55:44,809 - INFO - 🔄 Обрабатываем запись 286 (118/115208)
2025-07-16 09:55:45,239 - INFO - ✅ Эмбеддинг создан для записи 286
2025-07-16 09:55:45,440 - INFO - 🔄 Обрабатываем запись 287 (119/115208)
2025-07-16 09:55:46,224 - INFO - ✅ Эмбеддинг создан для записи 287
2025-07-16 09:55:46,426 - INFO - 🔄 Обрабатываем запись 288 (120/115208)
2025-07-16 09:55:47,160 - INFO - ✅ Эмбеддинг создан для записи 288
2025-07-16 09:55:47,361 - INFO - 🔄 Обрабатываем запись 289 (121/115208)
2025-07-16 09:55:48,089 - INFO - ✅ Эмбеддинг создан для записи 289
2025-07-16 09:55:48,290 - INFO - 🔄 Обрабатываем запись 290 (122/115208)
2025-07-16 09:55:48,684 - INFO - ✅ Эмбеддинг создан для записи 290
2025-07-16 09:55:48,885 - INFO - 🔄 Обрабатываем запись 291 (123/115208)
2025-07-16 09:55:49,392 - INFO - ✅ Эмбеддинг создан для записи 291
2025-07-16 09:55:49,594 - INFO - 🔄 Обрабатываем запись 292 (124/115208)
2025-07-16 09:55:50,332 - INFO - ✅ Эмбеддинг создан для записи 292
2025-07-16 09:55:50,533 - INFO - 🔄 Обрабатываем запись 293 (125/115208)
2025-07-16 09:55:50,994 - INFO - ✅ Эмбеддинг создан для записи 293
2025-07-16 09:55:51,195 - INFO - 🔄 Обрабатываем запись 294 (126/115208)
2025-07-16 09:55:51,895 - INFO - ✅ Эмбеддинг создан для записи 294
2025-07-16 09:55:52,098 - INFO - 🔄 Обрабатываем запись 295 (127/115208)
2025-07-16 09:55:52,857 - INFO - ✅ Эмбеддинг создан для записи 295
2025-07-16 09:55:53,058 - INFO - 🔄 Обрабатываем запись 296 (128/115208)
2025-07-16 09:55:53,795 - INFO - ✅ Эмбеддинг создан для записи 296
2025-07-16 09:55:53,996 - INFO - 🔄 Обрабатываем запись 297 (129/115208)
2025-07-16 09:55:54,778 - INFO - ✅ Эмбеддинг создан для записи 297
2025-07-16 09:55:54,978 - INFO - 🔄 Обрабатываем запись 298 (130/115208)
2025-07-16 09:55:55,742 - INFO - ✅ Эмбеддинг создан для записи 298
2025-07-16 09:55:55,943 - INFO - 🔄 Обрабатываем запись 299 (131/115208)
2025-07-16 09:55:56,687 - INFO - ✅ Эмбеддинг создан для записи 299
2025-07-16 09:55:56,888 - INFO - 🔄 Обрабатываем запись 300 (132/115208)
2025-07-16 09:55:57,619 - INFO - ✅ Эмбеддинг создан для записи 300
2025-07-16 09:55:57,822 - INFO - 🔄 Обрабатываем запись 301 (133/115208)
2025-07-16 09:55:58,523 - INFO - ✅ Эмбеддинг создан для записи 301
2025-07-16 09:55:58,724 - INFO - 🔄 Обрабатываем запись 302 (134/115208)
2025-07-16 09:55:59,147 - INFO - ✅ Эмбеддинг создан для записи 302
2025-07-16 09:55:59,348 - INFO - 🔄 Обрабатываем запись 303 (135/115208)
2025-07-16 09:56:00,167 - INFO - ✅ Эмбеддинг создан для записи 303
2025-07-16 09:56:00,370 - INFO - 🔄 Обрабатываем запись 304 (136/115208)
2025-07-16 09:56:00,821 - INFO - ✅ Эмбеддинг создан для записи 304
2025-07-16 09:56:01,021 - INFO - 🔄 Обрабатываем запись 305 (137/115208)
2025-07-16 09:56:01,755 - INFO - ✅ Эмбеддинг создан для записи 305
2025-07-16 09:56:01,956 - INFO - 🔄 Обрабатываем запись 306 (138/115208)
2025-07-16 09:56:02,377 - INFO - ✅ Эмбеддинг создан для записи 306
2025-07-16 09:56:02,578 - INFO - 🔄 Обрабатываем запись 307 (139/115208)
2025-07-16 09:56:03,359 - INFO - ✅ Эмбеддинг создан для записи 307
2025-07-16 09:56:03,559 - INFO - 🔄 Обрабатываем запись 308 (140/115208)
2025-07-16 09:56:04,426 - INFO - ✅ Эмбеддинг создан для записи 308
2025-07-16 09:56:04,627 - INFO - 🔄 Обрабатываем запись 309 (141/115208)
2025-07-16 09:56:05,036 - INFO - ✅ Эмбеддинг создан для записи 309
2025-07-16 09:56:05,236 - INFO - 🔄 Обрабатываем запись 310 (142/115208)
2025-07-16 09:56:05,628 - INFO - ✅ Эмбеддинг создан для записи 310
2025-07-16 09:56:05,829 - INFO - 🔄 Обрабатываем запись 311 (143/115208)
2025-07-16 09:56:06,254 - INFO - ✅ Эмбеддинг создан для записи 311
2025-07-16 09:56:06,455 - INFO - 🔄 Обрабатываем запись 312 (144/115208)
2025-07-16 09:56:07,173 - INFO - ✅ Эмбеддинг создан для записи 312
2025-07-16 09:56:07,374 - INFO - 🔄 Обрабатываем запись 313 (145/115208)
2025-07-16 09:56:08,114 - INFO - ✅ Эмбеддинг создан для записи 313
2025-07-16 09:56:08,315 - INFO - 🔄 Обрабатываем запись 314 (146/115208)
2025-07-16 09:56:08,752 - INFO - ✅ Эмбеддинг создан для записи 314
2025-07-16 09:56:08,954 - INFO - 🔄 Обрабатываем запись 315 (147/115208)
2025-07-16 09:56:09,605 - INFO - ✅ Эмбеддинг создан для записи 315
2025-07-16 09:56:09,806 - INFO - 🔄 Обрабатываем запись 316 (148/115208)
2025-07-16 09:56:10,459 - INFO - ✅ Эмбеддинг создан для записи 316
2025-07-16 09:56:10,660 - INFO - 🔄 Обрабатываем запись 317 (149/115208)
2025-07-16 09:56:11,356 - INFO - ✅ Эмбеддинг создан для записи 317
2025-07-16 09:56:11,557 - INFO - 🔄 Обрабатываем запись 318 (150/115208)
2025-07-16 09:56:11,977 - INFO - ✅ Эмбеддинг создан для записи 318
2025-07-16 09:56:12,178 - INFO - 🔄 Обрабатываем запись 319 (151/115208)
2025-07-16 09:56:12,582 - INFO - ✅ Эмбеддинг создан для записи 319
2025-07-16 09:56:12,782 - INFO - 🔄 Обрабатываем запись 320 (152/115208)
2025-07-16 09:56:13,481 - INFO - ✅ Эмбеддинг создан для записи 320
2025-07-16 09:56:13,682 - INFO - 🔄 Обрабатываем запись 321 (153/115208)
2025-07-16 09:56:14,004 - INFO - ✅ Эмбеддинг создан для записи 321
2025-07-16 09:56:14,205 - INFO - 🔄 Обрабатываем запись 322 (154/115208)
2025-07-16 09:56:14,611 - INFO - ✅ Эмбеддинг создан для записи 322
2025-07-16 09:56:14,811 - INFO - 🔄 Обрабатываем запись 323 (155/115208)
2025-07-16 09:56:15,546 - INFO - ✅ Эмбеддинг создан для записи 323
2025-07-16 09:56:15,748 - INFO - 🔄 Обрабатываем запись 324 (156/115208)
2025-07-16 09:56:16,141 - INFO - ✅ Эмбеддинг создан для записи 324
2025-07-16 09:56:16,342 - INFO - 🔄 Обрабатываем запись 325 (157/115208)
2025-07-16 09:56:16,788 - INFO - ✅ Эмбеддинг создан для записи 325
2025-07-16 09:56:16,988 - INFO - 🔄 Обрабатываем запись 326 (158/115208)
2025-07-16 09:56:17,695 - INFO - ✅ Эмбеддинг создан для записи 326
2025-07-16 09:56:17,896 - INFO - 🔄 Обрабатываем запись 327 (159/115208)
2025-07-16 09:56:18,598 - INFO - ✅ Эмбеддинг создан для записи 327
2025-07-16 09:56:18,799 - INFO - 🔄 Обрабатываем запись 328 (160/115208)
2025-07-16 09:56:19,503 - INFO - ✅ Эмбеддинг создан для записи 328
2025-07-16 09:56:19,703 - INFO - 🔄 Обрабатываем запись 329 (161/115208)
2025-07-16 09:56:20,025 - INFO - ✅ Эмбеддинг создан для записи 329
2025-07-16 09:56:20,226 - INFO - 🔄 Обрабатываем запись 330 (162/115208)
2025-07-16 09:56:20,944 - INFO - ✅ Эмбеддинг создан для записи 330
2025-07-16 09:56:21,146 - INFO - 🔄 Обрабатываем запись 331 (163/115208)
2025-07-16 09:56:21,539 - INFO - ✅ Эмбеддинг создан для записи 331
2025-07-16 09:56:21,741 - INFO - 🔄 Обрабатываем запись 332 (164/115208)
2025-07-16 09:56:22,053 - INFO - ✅ Эмбеддинг создан для записи 332
2025-07-16 09:56:22,257 - INFO - 🔄 Обрабатываем запись 333 (165/115208)
2025-07-16 09:56:22,643 - INFO - ✅ Эмбеддинг создан для записи 333
2025-07-16 09:56:22,844 - INFO - 🔄 Обрабатываем запись 334 (166/115208)
2025-07-16 09:56:23,455 - INFO - ✅ Эмбеддинг создан для записи 334
2025-07-16 09:56:23,655 - INFO - 🔄 Обрабатываем запись 335 (167/115208)
2025-07-16 09:56:23,981 - INFO - ✅ Эмбеддинг создан для записи 335
2025-07-16 09:56:24,182 - INFO - 🔄 Обрабатываем запись 336 (168/115208)
2025-07-16 09:56:24,877 - INFO - ✅ Эмбеддинг создан для записи 336
2025-07-16 09:56:25,077 - INFO - 🔄 Обрабатываем запись 337 (169/115208)
2025-07-16 09:56:25,810 - INFO - ✅ Эмбеддинг создан для записи 337
2025-07-16 09:56:26,011 - INFO - 🔄 Обрабатываем запись 338 (170/115208)
2025-07-16 09:56:26,737 - INFO - ✅ Эмбеддинг создан для записи 338
2025-07-16 09:56:26,938 - INFO - 🔄 Обрабатываем запись 339 (171/115208)
2025-07-16 09:56:27,264 - INFO - ✅ Эмбеддинг создан для записи 339
2025-07-16 09:56:27,464 - INFO - 🔄 Обрабатываем запись 340 (172/115208)
2025-07-16 09:56:27,893 - INFO - ✅ Эмбеддинг создан для записи 340
2025-07-16 09:56:28,094 - INFO - 🔄 Обрабатываем запись 341 (173/115208)
2025-07-16 09:56:28,489 - INFO - ✅ Эмбеддинг создан для записи 341
2025-07-16 09:56:28,690 - INFO - 🔄 Обрабатываем запись 342 (174/115208)
2025-07-16 09:56:29,390 - INFO - ✅ Эмбеддинг создан для записи 342
2025-07-16 09:56:29,592 - INFO - 🔄 Обрабатываем запись 343 (175/115208)
2025-07-16 09:56:30,214 - INFO - ✅ Эмбеддинг создан для записи 343
2025-07-16 09:56:30,416 - INFO - 🔄 Обрабатываем запись 344 (176/115208)
2025-07-16 09:56:30,822 - INFO - ✅ Эмбеддинг создан для записи 344
2025-07-16 09:56:31,023 - INFO - 🔄 Обрабатываем запись 345 (177/115208)
2025-07-16 09:56:31,412 - INFO - ✅ Эмбеддинг создан для записи 345
2025-07-16 09:56:31,613 - INFO - 🔄 Обрабатываем запись 346 (178/115208)
2025-07-16 09:56:32,317 - INFO - ✅ Эмбеддинг создан для записи 346
2025-07-16 09:56:32,518 - INFO - 🔄 Обрабатываем запись 347 (179/115208)
2025-07-16 09:56:32,930 - INFO - ✅ Эмбеддинг создан для записи 347
2025-07-16 09:56:33,142 - INFO - 🔄 Обрабатываем запись 348 (180/115208)
2025-07-16 09:56:33,550 - INFO - ✅ Эмбеддинг создан для записи 348
2025-07-16 09:56:33,751 - INFO - 🔄 Обрабатываем запись 349 (181/115208)
2025-07-16 09:56:34,155 - INFO - ✅ Эмбеддинг создан для записи 349
2025-07-16 09:56:34,355 - INFO - 🔄 Обрабатываем запись 350 (182/115208)
2025-07-16 09:56:35,280 - INFO - ✅ Эмбеддинг создан для записи 350
2025-07-16 09:56:35,481 - INFO - 🔄 Обрабатываем запись 351 (183/115208)
2025-07-16 09:56:36,277 - INFO - ✅ Эмбеддинг создан для записи 351
2025-07-16 09:56:36,481 - INFO - 🔄 Обрабатываем запись 352 (184/115208)
2025-07-16 09:56:37,224 - INFO - ✅ Эмбеддинг создан для записи 352
2025-07-16 09:56:37,425 - INFO - 🔄 Обрабатываем запись 353 (185/115208)
2025-07-16 09:56:38,063 - INFO - ✅ Эмбеддинг создан для записи 353
2025-07-16 09:56:38,263 - INFO - 🔄 Обрабатываем запись 354 (186/115208)
2025-07-16 09:56:38,600 - INFO - ✅ Эмбеддинг создан для записи 354
2025-07-16 09:56:38,800 - INFO - 🔄 Обрабатываем запись 355 (187/115208)
2025-07-16 09:56:39,214 - INFO - ✅ Эмбеддинг создан для записи 355
2025-07-16 09:56:39,415 - INFO - 🔄 Обрабатываем запись 356 (188/115208)
2025-07-16 09:56:40,161 - INFO - ✅ Эмбеддинг создан для записи 356
2025-07-16 09:56:40,362 - INFO - 🔄 Обрабатываем запись 357 (189/115208)
2025-07-16 09:56:41,086 - INFO - ✅ Эмбеддинг создан для записи 357
2025-07-16 09:56:41,286 - INFO - 🔄 Обрабатываем запись 358 (190/115208)
2025-07-16 09:56:42,075 - INFO - ✅ Эмбеддинг создан для записи 358
2025-07-16 09:56:42,276 - INFO - 🔄 Обрабатываем запись 359 (191/115208)
2025-07-16 09:56:42,625 - INFO - ✅ Эмбеддинг создан для записи 359
2025-07-16 09:56:42,825 - INFO - 🔄 Обрабатываем запись 360 (192/115208)
2025-07-16 09:56:43,297 - INFO - ✅ Эмбеддинг создан для записи 360
2025-07-16 09:56:43,497 - INFO - 🔄 Обрабатываем запись 361 (193/115208)
2025-07-16 09:56:43,918 - INFO - ✅ Эмбеддинг создан для записи 361
2025-07-16 09:56:44,119 - INFO - 🔄 Обрабатываем запись 362 (194/115208)
2025-07-16 09:56:44,814 - INFO - ✅ Эмбеддинг создан для записи 362
2025-07-16 09:56:45,014 - INFO - 🔄 Обрабатываем запись 363 (195/115208)
2025-07-16 09:56:45,716 - INFO - ✅ Эмбеддинг создан для записи 363
2025-07-16 09:56:45,917 - INFO - 🔄 Обрабатываем запись 364 (196/115208)
2025-07-16 09:56:46,715 - INFO - ✅ Эмбеддинг создан для записи 364
2025-07-16 09:56:46,916 - INFO - 🔄 Обрабатываем запись 365 (197/115208)
2025-07-16 09:56:47,558 - INFO - ✅ Эмбеддинг создан для записи 365
2025-07-16 09:56:47,758 - INFO - 🔄 Обрабатываем запись 366 (198/115208)
2025-07-16 09:56:48,150 - INFO - ✅ Эмбеддинг создан для записи 366
2025-07-16 09:56:48,350 - INFO - 🔄 Обрабатываем запись 367 (199/115208)
2025-07-16 09:56:49,067 - INFO - ✅ Эмбеддинг создан для записи 367
2025-07-16 09:56:49,267 - INFO - 🔄 Обрабатываем запись 368 (200/115208)
2025-07-16 09:56:49,974 - INFO - ✅ Эмбеддинг создан для записи 368
2025-07-16 09:57:16,796 - INFO - 💾 Данные безопасно сохранены
2025-07-16 09:57:16,797 - INFO - 💾 Сохранено после 200 записей
2025-07-16 09:57:16,997 - INFO - 🔄 Обрабатываем запись 369 (201/115208)
2025-07-16 09:57:17,434 - INFO - ✅ Эмбеддинг создан для записи 369
2025-07-16 09:57:17,635 - INFO - 🔄 Обрабатываем запись 370 (202/115208)
2025-07-16 09:57:18,239 - INFO - ✅ Эмбеддинг создан для записи 370
2025-07-16 09:57:18,442 - INFO - 🔄 Обрабатываем запись 371 (203/115208)
2025-07-16 09:57:18,831 - INFO - ✅ Эмбеддинг создан для записи 371
2025-07-16 09:57:19,031 - INFO - 🔄 Обрабатываем запись 372 (204/115208)
2025-07-16 09:57:19,468 - INFO - ✅ Эмбеддинг создан для записи 372
2025-07-16 09:57:19,670 - INFO - 🔄 Обрабатываем запись 373 (205/115208)
2025-07-16 09:57:20,077 - INFO - ✅ Эмбеддинг создан для записи 373
2025-07-16 09:57:20,278 - INFO - 🔄 Обрабатываем запись 374 (206/115208)
2025-07-16 09:57:20,682 - INFO - ✅ Эмбеддинг создан для записи 374
2025-07-16 09:57:20,883 - INFO - 🔄 Обрабатываем запись 375 (207/115208)
2025-07-16 09:57:21,613 - INFO - ✅ Эмбеддинг создан для записи 375
2025-07-16 09:57:21,814 - INFO - 🔄 Обрабатываем запись 376 (208/115208)
2025-07-16 09:57:22,503 - INFO - ✅ Эмбеддинг создан для записи 376
2025-07-16 09:57:22,704 - INFO - 🔄 Обрабатываем запись 377 (209/115208)
2025-07-16 09:57:23,399 - INFO - ✅ Эмбеддинг создан для записи 377
2025-07-16 09:57:23,599 - INFO - 🔄 Обрабатываем запись 378 (210/115208)
2025-07-16 09:57:23,979 - INFO - ✅ Эмбеддинг создан для записи 378
2025-07-16 09:57:24,182 - INFO - 🔄 Обрабатываем запись 379 (211/115208)
2025-07-16 09:57:24,829 - INFO - ✅ Эмбеддинг создан для записи 379
2025-07-16 09:57:25,032 - INFO - 🔄 Обрабатываем запись 380 (212/115208)
2025-07-16 09:57:25,765 - INFO - ✅ Эмбеддинг создан для записи 380
2025-07-16 09:57:25,966 - INFO - 🔄 Обрабатываем запись 381 (213/115208)
2025-07-16 09:57:26,737 - INFO - ✅ Эмбеддинг создан для записи 381
2025-07-16 09:57:26,938 - INFO - 🔄 Обрабатываем запись 382 (214/115208)
2025-07-16 09:57:27,674 - INFO - ✅ Эмбеддинг создан для записи 382
2025-07-16 09:57:27,876 - INFO - 🔄 Обрабатываем запись 383 (215/115208)
2025-07-16 09:57:28,295 - INFO - ✅ Эмбеддинг создан для записи 383
2025-07-16 09:57:28,497 - INFO - 🔄 Обрабатываем запись 384 (216/115208)
2025-07-16 09:57:29,231 - INFO - ✅ Эмбеддинг создан для записи 384
2025-07-16 09:57:29,432 - INFO - 🔄 Обрабатываем запись 385 (217/115208)
2025-07-16 09:57:30,125 - INFO - ✅ Эмбеддинг создан для записи 385
2025-07-16 09:57:30,326 - INFO - 🔄 Обрабатываем запись 386 (218/115208)
2025-07-16 09:57:30,975 - INFO - ✅ Эмбеддинг создан для записи 386
2025-07-16 09:57:31,176 - INFO - 🔄 Обрабатываем запись 387 (219/115208)
2025-07-16 09:57:31,825 - INFO - ✅ Эмбеддинг создан для записи 387
2025-07-16 09:57:32,027 - INFO - 🔄 Обрабатываем запись 388 (220/115208)
2025-07-16 09:57:32,727 - INFO - ✅ Эмбеддинг создан для записи 388
2025-07-16 09:57:32,928 - INFO - 🔄 Обрабатываем запись 389 (221/115208)
2025-07-16 09:57:33,323 - INFO - ✅ Эмбеддинг создан для записи 389
2025-07-16 09:57:33,524 - INFO - 🔄 Обрабатываем запись 390 (222/115208)
2025-07-16 09:57:33,960 - INFO - ✅ Эмбеддинг создан для записи 390
2025-07-16 09:57:34,161 - INFO - 🔄 Обрабатываем запись 391 (223/115208)
2025-07-16 09:57:34,572 - INFO - ✅ Эмбеддинг создан для записи 391
2025-07-16 09:57:34,774 - INFO - 🔄 Обрабатываем запись 392 (224/115208)
2025-07-16 09:57:35,406 - INFO - ✅ Эмбеддинг создан для записи 392
2025-07-16 09:57:35,607 - INFO - 🔄 Обрабатываем запись 393 (225/115208)
2025-07-16 09:57:35,934 - INFO - ✅ Эмбеддинг создан для записи 393
2025-07-16 09:57:36,134 - INFO - 🔄 Обрабатываем запись 394 (226/115208)
2025-07-16 09:57:36,845 - INFO - ✅ Эмбеддинг создан для записи 394
2025-07-16 09:57:37,046 - INFO - 🔄 Обрабатываем запись 395 (227/115208)
2025-07-16 09:57:37,746 - INFO - ✅ Эмбеддинг создан для записи 395
2025-07-16 09:57:37,950 - INFO - 🔄 Обрабатываем запись 396 (228/115208)
2025-07-16 09:57:38,657 - INFO - ✅ Эмбеддинг создан для записи 396
2025-07-16 09:57:38,858 - INFO - 🔄 Обрабатываем запись 397 (229/115208)
2025-07-16 09:57:39,611 - INFO - ✅ Эмбеддинг создан для записи 397
2025-07-16 09:57:39,811 - INFO - 🔄 Обрабатываем запись 398 (230/115208)
2025-07-16 09:57:40,526 - INFO - ✅ Эмбеддинг создан для записи 398
2025-07-16 09:57:40,726 - INFO - 🔄 Обрабатываем запись 399 (231/115208)
2025-07-16 09:57:41,478 - INFO - ✅ Эмбеддинг создан для записи 399
2025-07-16 09:57:41,678 - INFO - 🔄 Обрабатываем запись 400 (232/115208)
2025-07-16 09:57:42,388 - INFO - ✅ Эмбеддинг создан для записи 400
2025-07-16 09:57:42,589 - INFO - 🔄 Обрабатываем запись 401 (233/115208)
2025-07-16 09:57:43,313 - INFO - ✅ Эмбеддинг создан для записи 401
2025-07-16 09:57:43,514 - INFO - 🔄 Обрабатываем запись 402 (234/115208)
2025-07-16 09:57:43,919 - INFO - ✅ Эмбеддинг создан для записи 402
2025-07-16 09:57:44,119 - INFO - 🔄 Обрабатываем запись 403 (235/115208)
2025-07-16 09:57:44,832 - INFO - ✅ Эмбеддинг создан для записи 403
2025-07-16 09:57:45,032 - INFO - 🔄 Обрабатываем запись 404 (236/115208)
2025-07-16 09:57:45,455 - INFO - ✅ Эмбеддинг создан для записи 404
2025-07-16 09:57:45,656 - INFO - 🔄 Обрабатываем запись 405 (237/115208)
2025-07-16 09:57:46,376 - INFO - ✅ Эмбеддинг создан для записи 405
2025-07-16 09:57:46,577 - INFO - 🔄 Обрабатываем запись 406 (238/115208)
2025-07-16 09:57:46,972 - INFO - ✅ Эмбеддинг создан для записи 406
2025-07-16 09:57:47,172 - INFO - 🔄 Обрабатываем запись 407 (239/115208)
2025-07-16 09:57:47,947 - INFO - ✅ Эмбеддинг создан для записи 407
2025-07-16 09:57:48,148 - INFO - 🔄 Обрабатываем запись 408 (240/115208)
2025-07-16 09:57:48,828 - INFO - ✅ Эмбеддинг создан для записи 408
2025-07-16 09:57:49,029 - INFO - 🔄 Обрабатываем запись 409 (241/115208)
2025-07-16 09:57:49,404 - INFO - ✅ Эмбеддинг создан для записи 409
2025-07-16 09:57:49,604 - INFO - 🔄 Обрабатываем запись 410 (242/115208)
2025-07-16 09:57:50,009 - INFO - ✅ Эмбеддинг создан для записи 410
2025-07-16 09:57:50,210 - INFO - 🔄 Обрабатываем запись 411 (243/115208)
2025-07-16 09:57:50,622 - INFO - ✅ Эмбеддинг создан для записи 411
2025-07-16 09:57:50,822 - INFO - 🔄 Обрабатываем запись 412 (244/115208)
2025-07-16 09:57:51,560 - INFO - ✅ Эмбеддинг создан для записи 412
2025-07-16 09:57:51,760 - INFO - 🔄 Обрабатываем запись 413 (245/115208)
2025-07-16 09:57:52,201 - INFO - ✅ Эмбеддинг создан для записи 413
2025-07-16 09:57:52,402 - INFO - 🔄 Обрабатываем запись 414 (246/115208)
2025-07-16 09:57:52,808 - INFO - ✅ Эмбеддинг создан для записи 414
2025-07-16 09:57:53,008 - INFO - 🔄 Обрабатываем запись 415 (247/115208)
2025-07-16 09:57:53,606 - INFO - ✅ Эмбеддинг создан для записи 415
2025-07-16 09:57:53,807 - INFO - 🔄 Обрабатываем запись 416 (248/115208)
2025-07-16 09:57:54,499 - INFO - ✅ Эмбеддинг создан для записи 416
2025-07-16 09:57:54,700 - INFO - 🔄 Обрабатываем запись 417 (249/115208)
2025-07-16 09:57:55,387 - INFO - ✅ Эмбеддинг создан для записи 417
2025-07-16 09:57:55,588 - INFO - 🔄 Обрабатываем запись 418 (250/115208)
2025-07-16 09:57:56,306 - INFO - ✅ Эмбеддинг создан для записи 418
2025-07-16 09:57:56,507 - INFO - 🔄 Обрабатываем запись 419 (251/115208)
2025-07-16 09:57:56,882 - INFO - ✅ Эмбеддинг создан для записи 419
2025-07-16 09:57:57,082 - INFO - 🔄 Обрабатываем запись 420 (252/115208)
2025-07-16 09:57:57,802 - INFO - ✅ Эмбеддинг создан для записи 420
2025-07-16 09:57:58,004 - INFO - 🔄 Обрабатываем запись 421 (253/115208)
2025-07-16 09:57:58,301 - INFO - ✅ Эмбеддинг создан для записи 421
2025-07-16 09:57:58,501 - INFO - 🔄 Обрабатываем запись 422 (254/115208)
2025-07-16 09:57:58,889 - INFO - ✅ Эмбеддинг создан для записи 422
2025-07-16 09:57:59,090 - INFO - 🔄 Обрабатываем запись 423 (255/115208)
2025-07-16 09:57:59,777 - INFO - ✅ Эмбеддинг создан для записи 423
2025-07-16 09:57:59,978 - INFO - 🔄 Обрабатываем запись 424 (256/115208)
2025-07-16 09:58:00,374 - INFO - ✅ Эмбеддинг создан для записи 424
2025-07-16 09:58:00,574 - INFO - 🔄 Обрабатываем запись 425 (257/115208)
2025-07-16 09:58:00,983 - INFO - ✅ Эмбеддинг создан для записи 425
2025-07-16 09:58:01,183 - INFO - 🔄 Обрабатываем запись 426 (258/115208)
2025-07-16 09:58:01,570 - INFO - ✅ Эмбеддинг создан для записи 426
2025-07-16 09:58:01,771 - INFO - 🔄 Обрабатываем запись 427 (259/115208)
2025-07-16 09:58:02,495 - INFO - ✅ Эмбеддинг создан для записи 427
2025-07-16 09:58:02,696 - INFO - 🔄 Обрабатываем запись 428 (260/115208)
2025-07-16 09:58:03,429 - INFO - ✅ Эмбеддинг создан для записи 428
2025-07-16 09:58:03,629 - INFO - 🔄 Обрабатываем запись 429 (261/115208)
2025-07-16 09:58:03,969 - INFO - ✅ Эмбеддинг создан для записи 429
2025-07-16 09:58:04,170 - INFO - 🔄 Обрабатываем запись 430 (262/115208)
2025-07-16 09:58:04,762 - INFO - ✅ Эмбеддинг создан для записи 430
2025-07-16 09:58:04,962 - INFO - 🔄 Обрабатываем запись 431 (263/115208)
2025-07-16 09:58:05,367 - INFO - ✅ Эмбеддинг создан для записи 431
2025-07-16 09:58:05,568 - INFO - 🔄 Обрабатываем запись 432 (264/115208)
2025-07-16 09:58:05,963 - INFO - ✅ Эмбеддинг создан для записи 432
2025-07-16 09:58:06,163 - INFO - 🔄 Обрабатываем запись 433 (265/115208)
2025-07-16 09:58:06,566 - INFO - ✅ Эмбеддинг создан для записи 433
2025-07-16 09:58:06,766 - INFO - 🔄 Обрабатываем запись 434 (266/115208)
2025-07-16 09:58:07,455 - INFO - ✅ Эмбеддинг создан для записи 434
2025-07-16 09:58:07,656 - INFO - 🔄 Обрабатываем запись 435 (267/115208)
2025-07-16 09:58:08,350 - INFO - ✅ Эмбеддинг создан для записи 435
2025-07-16 09:58:08,550 - INFO - 🔄 Обрабатываем запись 436 (268/115208)
2025-07-16 09:58:09,247 - INFO - ✅ Эмбеддинг создан для записи 436
2025-07-16 09:58:09,449 - INFO - 🔄 Обрабатываем запись 437 (269/115208)
2025-07-16 09:58:09,756 - INFO - ✅ Эмбеддинг создан для записи 437
2025-07-16 09:58:09,957 - INFO - 🔄 Обрабатываем запись 438 (270/115208)
2025-07-16 09:58:10,664 - INFO - ✅ Эмбеддинг создан для записи 438
2025-07-16 09:58:10,865 - INFO - 🔄 Обрабатываем запись 439 (271/115208)
2025-07-16 09:58:11,256 - INFO - ✅ Эмбеддинг создан для записи 439
2025-07-16 09:58:11,456 - INFO - 🔄 Обрабатываем запись 440 (272/115208)
2025-07-16 09:58:11,861 - INFO - ✅ Эмбеддинг создан для записи 440
2025-07-16 09:58:12,062 - INFO - 🔄 Обрабатываем запись 441 (273/115208)
2025-07-16 09:58:12,473 - INFO - ✅ Эмбеддинг создан для записи 441
2025-07-16 09:58:12,674 - INFO - 🔄 Обрабатываем запись 442 (274/115208)
2025-07-16 09:58:13,417 - INFO - ✅ Эмбеддинг создан для записи 442
2025-07-16 09:58:13,617 - INFO - 🔄 Обрабатываем запись 443 (275/115208)
2025-07-16 09:58:14,345 - INFO - ✅ Эмбеддинг создан для записи 443
2025-07-16 09:58:14,546 - INFO - 🔄 Обрабатываем запись 444 (276/115208)
2025-07-16 09:58:14,947 - INFO - ✅ Эмбеддинг создан для записи 444
2025-07-16 09:58:15,147 - INFO - 🔄 Обрабатываем запись 445 (277/115208)
2025-07-16 09:58:15,540 - INFO - ✅ Эмбеддинг создан для записи 445
2025-07-16 09:58:15,740 - INFO - 🔄 Обрабатываем запись 446 (278/115208)
2025-07-16 09:58:16,451 - INFO - ✅ Эмбеддинг создан для записи 446
2025-07-16 09:58:16,651 - INFO - 🔄 Обрабатываем запись 447 (279/115208)
2025-07-16 09:58:17,055 - INFO - ✅ Эмбеддинг создан для записи 447
2025-07-16 09:58:17,255 - INFO - 🔄 Обрабатываем запись 448 (280/115208)
2025-07-16 09:58:17,653 - INFO - ✅ Эмбеддинг создан для записи 448
2025-07-16 09:58:17,854 - INFO - 🔄 Обрабатываем запись 449 (281/115208)
2025-07-16 09:58:18,294 - INFO - ✅ Эмбеддинг создан для записи 449
2025-07-16 09:58:18,495 - INFO - 🔄 Обрабатываем запись 450 (282/115208)
2025-07-16 09:58:19,190 - INFO - ✅ Эмбеддинг создан для записи 450
2025-07-16 09:58:19,390 - INFO - 🔄 Обрабатываем запись 451 (283/115208)
2025-07-16 09:58:19,771 - INFO - ✅ Эмбеддинг создан для записи 451
2025-07-16 09:58:19,972 - INFO - 🔄 Обрабатываем запись 452 (284/115208)
2025-07-16 09:58:20,667 - INFO - ✅ Эмбеддинг создан для записи 452
2025-07-16 09:58:20,868 - INFO - 🔄 Обрабатываем запись 453 (285/115208)
2025-07-16 09:58:21,252 - INFO - ✅ Эмбеддинг создан для записи 453
2025-07-16 09:58:21,453 - INFO - 🔄 Обрабатываем запись 454 (286/115208)
2025-07-16 09:58:22,181 - INFO - ✅ Эмбеддинг создан для записи 454
2025-07-16 09:58:22,381 - INFO - 🔄 Обрабатываем запись 455 (287/115208)
2025-07-16 09:58:22,778 - INFO - ✅ Эмбеддинг создан для записи 455
2025-07-16 09:58:22,978 - INFO - 🔄 Обрабатываем запись 456 (288/115208)
2025-07-16 09:58:23,690 - INFO - ✅ Эмбеддинг создан для записи 456
2025-07-16 09:58:23,890 - INFO - 🔄 Обрабатываем запись 457 (289/115208)
2025-07-16 09:58:24,495 - INFO - ✅ Эмбеддинг создан для записи 457
2025-07-16 09:58:24,695 - INFO - 🔄 Обрабатываем запись 458 (290/115208)
2025-07-16 09:58:25,292 - INFO - ✅ Эмбеддинг создан для записи 458
2025-07-16 09:58:25,493 - INFO - 🔄 Обрабатываем запись 459 (291/115208)
2025-07-16 09:58:26,191 - INFO - ✅ Эмбеддинг создан для записи 459
2025-07-16 09:58:26,392 - INFO - 🔄 Обрабатываем запись 460 (292/115208)
2025-07-16 09:58:26,779 - INFO - ✅ Эмбеддинг создан для записи 460
2025-07-16 09:58:26,980 - INFO - 🔄 Обрабатываем запись 461 (293/115208)
2025-07-16 09:58:27,363 - INFO - ✅ Эмбеддинг создан для записи 461
2025-07-16 09:58:27,564 - INFO - 🔄 Обрабатываем запись 462 (294/115208)
2025-07-16 09:58:28,257 - INFO - ✅ Эмбеддинг создан для записи 462
2025-07-16 09:58:28,457 - INFO - 🔄 Обрабатываем запись 463 (295/115208)
2025-07-16 09:58:29,150 - INFO - ✅ Эмбеддинг создан для записи 463
2025-07-16 09:58:29,351 - INFO - 🔄 Обрабатываем запись 464 (296/115208)
2025-07-16 09:58:29,742 - INFO - ✅ Эмбеддинг создан для записи 464
2025-07-16 09:58:29,942 - INFO - 🔄 Обрабатываем запись 465 (297/115208)
2025-07-16 09:58:30,233 - INFO - ✅ Эмбеддинг создан для записи 465
2025-07-16 09:58:30,434 - INFO - 🔄 Обрабатываем запись 466 (298/115208)
2025-07-16 09:58:30,810 - INFO - ✅ Эмбеддинг создан для записи 466
2025-07-16 09:58:31,010 - INFO - 🔄 Обрабатываем запись 467 (299/115208)
2025-07-16 09:58:31,686 - INFO - ✅ Эмбеддинг создан для записи 467
2025-07-16 09:58:31,886 - INFO - 🔄 Обрабатываем запись 468 (300/115208)
2025-07-16 09:58:32,580 - INFO - ✅ Эмбеддинг создан для записи 468
2025-07-16 09:58:50,261 - INFO - 💾 Данные безопасно сохранены
2025-07-16 09:58:50,261 - INFO - 💾 Сохранено после 300 записей
2025-07-16 09:58:50,461 - INFO - 🔄 Обрабатываем запись 469 (301/115208)
2025-07-16 09:58:50,867 - INFO - ✅ Эмбеддинг создан для записи 469
2025-07-16 09:58:51,068 - INFO - 🔄 Обрабатываем запись 470 (302/115208)
2025-07-16 09:58:51,778 - INFO - ✅ Эмбеддинг создан для записи 470
2025-07-16 09:58:51,979 - INFO - 🔄 Обрабатываем запись 471 (303/115208)
2025-07-16 09:58:52,367 - INFO - ✅ Эмбеддинг создан для записи 471
2025-07-16 09:58:52,567 - INFO - 🔄 Обрабатываем запись 472 (304/115208)
2025-07-16 09:58:52,866 - INFO - ✅ Эмбеддинг создан для записи 472
2025-07-16 09:58:53,066 - INFO - 🔄 Обрабатываем запись 473 (305/115208)
2025-07-16 09:58:53,664 - INFO - ✅ Эмбеддинг создан для записи 473
2025-07-16 09:58:53,867 - INFO - 🔄 Обрабатываем запись 474 (306/115208)
2025-07-16 09:58:54,572 - INFO - ✅ Эмбеддинг создан для записи 474
2025-07-16 09:58:54,773 - INFO - 🔄 Обрабатываем запись 475 (307/115208)
2025-07-16 09:58:55,469 - INFO - ✅ Эмбеддинг создан для записи 475
2025-07-16 09:58:55,669 - INFO - 🔄 Обрабатываем запись 476 (308/115208)
2025-07-16 09:58:56,451 - INFO - ✅ Эмбеддинг создан для записи 476
2025-07-16 09:58:56,651 - INFO - 🔄 Обрабатываем запись 477 (309/115208)
2025-07-16 09:58:57,338 - INFO - ✅ Эмбеддинг создан для записи 477
2025-07-16 09:58:57,538 - INFO - 🔄 Обрабатываем запись 478 (310/115208)
2025-07-16 09:58:57,963 - INFO - ✅ Эмбеддинг создан для записи 478
2025-07-16 09:58:58,164 - INFO - 🔄 Обрабатываем запись 479 (311/115208)
2025-07-16 09:58:58,865 - INFO - ✅ Эмбеддинг создан для записи 479
2025-07-16 09:58:59,065 - INFO - 🔄 Обрабатываем запись 480 (312/115208)
2025-07-16 09:58:59,458 - INFO - ✅ Эмбеддинг создан для записи 480
2025-07-16 09:58:59,659 - INFO - 🔄 Обрабатываем запись 481 (313/115208)
2025-07-16 09:59:00,292 - INFO - ✅ Эмбеддинг создан для записи 481
2025-07-16 09:59:00,492 - INFO - 🔄 Обрабатываем запись 482 (314/115208)
2025-07-16 09:59:01,191 - INFO - ✅ Эмбеддинг создан для записи 482
2025-07-16 09:59:01,392 - INFO - 🔄 Обрабатываем запись 483 (315/115208)
2025-07-16 09:59:01,873 - INFO - ✅ Эмбеддинг создан для записи 483
2025-07-16 09:59:02,073 - INFO - 🔄 Обрабатываем запись 484 (316/115208)
2025-07-16 09:59:02,444 - INFO - ✅ Эмбеддинг создан для записи 484
2025-07-16 09:59:02,645 - INFO - 🔄 Обрабатываем запись 485 (317/115208)
2025-07-16 09:59:03,055 - INFO - ✅ Эмбеддинг создан для записи 485
2025-07-16 09:59:03,255 - INFO - 🔄 Обрабатываем запись 486 (318/115208)
2025-07-16 09:59:03,652 - INFO - ✅ Эмбеддинг создан для записи 486
2025-07-16 09:59:03,852 - INFO - 🔄 Обрабатываем запись 487 (319/115208)
2025-07-16 09:59:04,445 - INFO - ✅ Эмбеддинг создан для записи 487
2025-07-16 09:59:04,645 - INFO - 🔄 Обрабатываем запись 488 (320/115208)
2025-07-16 09:59:05,347 - INFO - ✅ Эмбеддинг создан для записи 488
2025-07-16 09:59:05,548 - INFO - 🔄 Обрабатываем запись 489 (321/115208)
2025-07-16 09:59:06,227 - INFO - ✅ Эмбеддинг создан для записи 489
2025-07-16 09:59:06,427 - INFO - 🔄 Обрабатываем запись 490 (322/115208)
2025-07-16 09:59:06,745 - INFO - ✅ Эмбеддинг создан для записи 490
2025-07-16 09:59:06,946 - INFO - 🔄 Обрабатываем запись 491 (323/115208)
2025-07-16 09:59:07,278 - INFO - ✅ Эмбеддинг создан для записи 491
2025-07-16 09:59:07,479 - INFO - 🔄 Обрабатываем запись 492 (324/115208)
2025-07-16 09:59:08,203 - INFO - ✅ Эмбеддинг создан для записи 492
2025-07-16 09:59:08,404 - INFO - 🔄 Обрабатываем запись 493 (325/115208)
2025-07-16 09:59:08,718 - INFO - ✅ Эмбеддинг создан для записи 493
2025-07-16 09:59:08,918 - INFO - 🔄 Обрабатываем запись 494 (326/115208)
2025-07-16 09:59:09,297 - INFO - ✅ Эмбеддинг создан для записи 494
2025-07-16 09:59:09,498 - INFO - 🔄 Обрабатываем запись 495 (327/115208)
2025-07-16 09:59:10,185 - INFO - ✅ Эмбеддинг создан для записи 495
2025-07-16 09:59:10,385 - INFO - 🔄 Обрабатываем запись 496 (328/115208)
2025-07-16 09:59:10,799 - INFO - ✅ Эмбеддинг создан для записи 496
2025-07-16 09:59:11,000 - INFO - 🔄 Обрабатываем запись 497 (329/115208)
2025-07-16 09:59:11,420 - INFO - ✅ Эмбеддинг создан для записи 497
2025-07-16 09:59:11,621 - INFO - 🔄 Обрабатываем запись 498 (330/115208)
2025-07-16 09:59:12,371 - INFO - ✅ Эмбеддинг создан для записи 498
2025-07-16 09:59:12,572 - INFO - 🔄 Обрабатываем запись 499 (331/115208)
2025-07-16 09:59:13,257 - INFO - ✅ Эмбеддинг создан для записи 499
2025-07-16 09:59:13,458 - INFO - 🔄 Обрабатываем запись 500 (332/115208)
2025-07-16 09:59:14,045 - INFO - ✅ Эмбеддинг создан для записи 500
2025-07-16 09:59:14,246 - INFO - 🔄 Обрабатываем запись 501 (333/115208)
2025-07-16 09:59:14,840 - INFO - ✅ Эмбеддинг создан для записи 501
2025-07-16 09:59:15,040 - INFO - 🔄 Обрабатываем запись 502 (334/115208)
2025-07-16 09:59:15,494 - INFO - ✅ Эмбеддинг создан для записи 502
2025-07-16 09:59:15,694 - INFO - 🔄 Обрабатываем запись 503 (335/115208)
2025-07-16 09:59:16,433 - INFO - ✅ Эмбеддинг создан для записи 503
2025-07-16 09:59:16,634 - INFO - 🔄 Обрабатываем запись 504 (336/115208)
2025-07-16 09:59:17,039 - INFO - ✅ Эмбеддинг создан для записи 504
2025-07-16 09:59:17,239 - INFO - 🔄 Обрабатываем запись 505 (337/115208)
2025-07-16 09:59:17,617 - INFO - ✅ Эмбеддинг создан для записи 505
2025-07-16 09:59:17,817 - INFO - 🔄 Обрабатываем запись 506 (338/115208)
2025-07-16 09:59:18,106 - INFO - ✅ Эмбеддинг создан для записи 506
2025-07-16 09:59:18,306 - INFO - 🔄 Обрабатываем запись 507 (339/115208)
2025-07-16 09:59:19,073 - INFO - ✅ Эмбеддинг создан для записи 507
2025-07-16 09:59:19,274 - INFO - 🔄 Обрабатываем запись 508 (340/115208)
2025-07-16 09:59:19,992 - INFO - ✅ Эмбеддинг создан для записи 508
2025-07-16 09:59:20,193 - INFO - 🔄 Обрабатываем запись 509 (341/115208)
2025-07-16 09:59:20,580 - INFO - ✅ Эмбеддинг создан для записи 509
2025-07-16 09:59:20,781 - INFO - 🔄 Обрабатываем запись 510 (342/115208)
2025-07-16 09:59:21,186 - INFO - ✅ Эмбеддинг создан для записи 510
2025-07-16 09:59:21,387 - INFO - 🔄 Обрабатываем запись 511 (343/115208)
2025-07-16 09:59:21,785 - INFO - ✅ Эмбеддинг создан для записи 511
2025-07-16 09:59:21,985 - INFO - 🔄 Обрабатываем запись 512 (344/115208)
2025-07-16 09:59:22,374 - INFO - ✅ Эмбеддинг создан для записи 512
2025-07-16 09:59:22,574 - INFO - 🔄 Обрабатываем запись 513 (345/115208)
2025-07-16 09:59:22,862 - INFO - ✅ Эмбеддинг создан для записи 513
2025-07-16 09:59:23,062 - INFO - 🔄 Обрабатываем запись 514 (346/115208)
2025-07-16 09:59:23,447 - INFO - ✅ Эмбеддинг создан для записи 514
2025-07-16 09:59:23,648 - INFO - 🔄 Обрабатываем запись 515 (347/115208)
2025-07-16 09:59:24,370 - INFO - ✅ Эмбеддинг создан для записи 515
2025-07-16 09:59:24,570 - INFO - 🔄 Обрабатываем запись 516 (348/115208)
2025-07-16 09:59:25,259 - INFO - ✅ Эмбеддинг создан для записи 516
2025-07-16 09:59:25,459 - INFO - 🔄 Обрабатываем запись 517 (349/115208)
2025-07-16 09:59:25,750 - INFO - ✅ Эмбеддинг создан для записи 517
2025-07-16 09:59:25,951 - INFO - 🔄 Обрабатываем запись 518 (350/115208)
2025-07-16 09:59:26,333 - INFO - ✅ Эмбеддинг создан для записи 518
2025-07-16 09:59:26,534 - INFO - 🔄 Обрабатываем запись 519 (351/115208)
2025-07-16 09:59:26,925 - INFO - ✅ Эмбеддинг создан для записи 519
2025-07-16 09:59:27,126 - INFO - 🔄 Обрабатываем запись 520 (352/115208)
2025-07-16 09:59:27,814 - INFO - ✅ Эмбеддинг создан для записи 520
2025-07-16 09:59:28,014 - INFO - 🔄 Обрабатываем запись 521 (353/115208)
2025-07-16 09:59:28,399 - INFO - ✅ Эмбеддинг создан для записи 521
2025-07-16 09:59:28,600 - INFO - 🔄 Обрабатываем запись 522 (354/115208)
2025-07-16 09:59:28,994 - INFO - ✅ Эмбеддинг создан для записи 522
2025-07-16 09:59:29,195 - INFO - 🔄 Обрабатываем запись 523 (355/115208)
2025-07-16 09:59:29,569 - INFO - ✅ Эмбеддинг создан для записи 523
2025-07-16 09:59:29,770 - INFO - 🔄 Обрабатываем запись 524 (356/115208)
2025-07-16 09:59:30,141 - INFO - ✅ Эмбеддинг создан для записи 524
2025-07-16 09:59:30,341 - INFO - 🔄 Обрабатываем запись 525 (357/115208)
2025-07-16 09:59:30,734 - INFO - ✅ Эмбеддинг создан для записи 525
2025-07-16 09:59:30,934 - INFO - 🔄 Обрабатываем запись 526 (358/115208)
2025-07-16 09:59:31,318 - INFO - ✅ Эмбеддинг создан для записи 526
2025-07-16 09:59:31,519 - INFO - 🔄 Обрабатываем запись 527 (359/115208)
2025-07-16 09:59:32,203 - INFO - ✅ Эмбеддинг создан для записи 527
2025-07-16 09:59:32,404 - INFO - 🔄 Обрабатываем запись 528 (360/115208)
2025-07-16 09:59:33,082 - INFO - ✅ Эмбеддинг создан для записи 528
2025-07-16 09:59:33,283 - INFO - 🔄 Обрабатываем запись 529 (361/115208)
2025-07-16 09:59:33,661 - INFO - ✅ Эмбеддинг создан для записи 529
2025-07-16 09:59:33,861 - INFO - 🔄 Обрабатываем запись 530 (362/115208)
2025-07-16 09:59:34,543 - INFO - ✅ Эмбеддинг создан для записи 530
2025-07-16 09:59:34,744 - INFO - 🔄 Обрабатываем запись 531 (363/115208)
2025-07-16 09:59:35,128 - INFO - ✅ Эмбеддинг создан для записи 531
2025-07-16 09:59:35,328 - INFO - 🔄 Обрабатываем запись 532 (364/115208)
2025-07-16 09:59:35,715 - INFO - ✅ Эмбеддинг создан для записи 532
2025-07-16 09:59:35,916 - INFO - 🔄 Обрабатываем запись 533 (365/115208)
2025-07-16 09:59:36,605 - INFO - ✅ Эмбеддинг создан для записи 533
2025-07-16 09:59:36,806 - INFO - 🔄 Обрабатываем запись 534 (366/115208)
2025-07-16 09:59:37,507 - INFO - ✅ Эмбеддинг создан для записи 534
2025-07-16 09:59:37,708 - INFO - 🔄 Обрабатываем запись 535 (367/115208)
2025-07-16 09:59:38,428 - INFO - ✅ Эмбеддинг создан для записи 535
2025-07-16 09:59:38,629 - INFO - 🔄 Обрабатываем запись 536 (368/115208)
2025-07-16 09:59:39,331 - INFO - ✅ Эмбеддинг создан для записи 536
2025-07-16 09:59:39,532 - INFO - 🔄 Обрабатываем запись 537 (369/115208)
2025-07-16 09:59:39,917 - INFO - ✅ Эмбеддинг создан для записи 537
2025-07-16 09:59:40,118 - INFO - 🔄 Обрабатываем запись 538 (370/115208)
2025-07-16 09:59:40,817 - INFO - ✅ Эмбеддинг создан для записи 538
2025-07-16 09:59:41,018 - INFO - 🔄 Обрабатываем запись 539 (371/115208)
2025-07-16 09:59:41,416 - INFO - ✅ Эмбеддинг создан для записи 539
2025-07-16 09:59:41,617 - INFO - 🔄 Обрабатываем запись 540 (372/115208)
2025-07-16 09:59:42,015 - INFO - ✅ Эмбеддинг создан для записи 540
2025-07-16 09:59:42,216 - INFO - 🔄 Обрабатываем запись 541 (373/115208)
2025-07-16 09:59:42,616 - INFO - ✅ Эмбеддинг создан для записи 541
2025-07-16 09:59:42,817 - INFO - 🔄 Обрабатываем запись 542 (374/115208)
2025-07-16 09:59:43,112 - INFO - ✅ Эмбеддинг создан для записи 542
2025-07-16 09:59:43,312 - INFO - 🔄 Обрабатываем запись 543 (375/115208)
2025-07-16 09:59:44,000 - INFO - ✅ Эмбеддинг создан для записи 543
2025-07-16 09:59:44,201 - INFO - 🔄 Обрабатываем запись 544 (376/115208)
2025-07-16 09:59:44,582 - INFO - ✅ Эмбеддинг создан для записи 544
2025-07-16 09:59:44,783 - INFO - 🔄 Обрабатываем запись 545 (377/115208)
2025-07-16 09:59:45,167 - INFO - ✅ Эмбеддинг создан для записи 545
2025-07-16 09:59:45,367 - INFO - 🔄 Обрабатываем запись 546 (378/115208)
2025-07-16 09:59:46,069 - INFO - ✅ Эмбеддинг создан для записи 546
2025-07-16 09:59:46,269 - INFO - 🔄 Обрабатываем запись 547 (379/115208)
2025-07-16 09:59:46,681 - INFO - ✅ Эмбеддинг создан для записи 547
2025-07-16 09:59:46,882 - INFO - 🔄 Обрабатываем запись 548 (380/115208)
2025-07-16 09:59:47,260 - INFO - ✅ Эмбеддинг создан для записи 548
2025-07-16 09:59:47,461 - INFO - 🔄 Обрабатываем запись 549 (381/115208)
2025-07-16 09:59:47,846 - INFO - ✅ Эмбеддинг создан для записи 549
2025-07-16 09:59:48,047 - INFO - 🔄 Обрабатываем запись 550 (382/115208)
2025-07-16 09:59:48,766 - INFO - ✅ Эмбеддинг создан для записи 550
2025-07-16 09:59:48,966 - INFO - 🔄 Обрабатываем запись 551 (383/115208)
2025-07-16 09:59:49,343 - INFO - ✅ Эмбеддинг создан для записи 551
2025-07-16 09:59:49,544 - INFO - 🔄 Обрабатываем запись 552 (384/115208)
2025-07-16 09:59:50,237 - INFO - ✅ Эмбеддинг создан для записи 552
2025-07-16 09:59:50,438 - INFO - 🔄 Обрабатываем запись 553 (385/115208)
2025-07-16 09:59:50,871 - INFO - ✅ Эмбеддинг создан для записи 553
2025-07-16 09:59:51,071 - INFO - 🔄 Обрабатываем запись 554 (386/115208)
2025-07-16 09:59:51,449 - INFO - ✅ Эмбеддинг создан для записи 554
2025-07-16 09:59:51,649 - INFO - 🔄 Обрабатываем запись 555 (387/115208)
2025-07-16 09:59:52,028 - INFO - ✅ Эмбеддинг создан для записи 555
2025-07-16 09:59:52,228 - INFO - 🔄 Обрабатываем запись 556 (388/115208)
2025-07-16 09:59:52,952 - INFO - ✅ Эмбеддинг создан для записи 556
2025-07-16 09:59:53,152 - INFO - 🔄 Обрабатываем запись 557 (389/115208)
2025-07-16 09:59:53,433 - INFO - ✅ Эмбеддинг создан для записи 557
2025-07-16 09:59:53,634 - INFO - 🔄 Обрабатываем запись 558 (390/115208)
2025-07-16 09:59:54,245 - INFO - ✅ Эмбеддинг создан для записи 558
2025-07-16 09:59:54,446 - INFO - 🔄 Обрабатываем запись 559 (391/115208)
2025-07-16 09:59:55,158 - INFO - ✅ Эмбеддинг создан для записи 559
2025-07-16 09:59:55,358 - INFO - 🔄 Обрабатываем запись 560 (392/115208)
2025-07-16 09:59:55,792 - INFO - ✅ Эмбеддинг создан для записи 560
2025-07-16 09:59:55,993 - INFO - 🔄 Обрабатываем запись 561 (393/115208)
2025-07-16 09:59:56,377 - INFO - ✅ Эмбеддинг создан для записи 561
2025-07-16 09:59:56,577 - INFO - 🔄 Обрабатываем запись 562 (394/115208)
2025-07-16 09:59:56,904 - INFO - ✅ Эмбеддинг создан для записи 562
2025-07-16 09:59:57,105 - INFO - 🔄 Обрабатываем запись 563 (395/115208)
2025-07-16 09:59:57,699 - INFO - ✅ Эмбеддинг создан для записи 563
2025-07-16 09:59:57,899 - INFO - 🔄 Обрабатываем запись 564 (396/115208)
2025-07-16 09:59:58,330 - INFO - ✅ Эмбеддинг создан для записи 564
2025-07-16 09:59:58,530 - INFO - 🔄 Обрабатываем запись 565 (397/115208)
2025-07-16 09:59:58,932 - INFO - ✅ Эмбеддинг создан для записи 565
2025-07-16 09:59:59,132 - INFO - 🔄 Обрабатываем запись 566 (398/115208)
2025-07-16 09:59:59,552 - INFO - ✅ Эмбеддинг создан для записи 566
2025-07-16 09:59:59,752 - INFO - 🔄 Обрабатываем запись 567 (399/115208)
2025-07-16 10:00:00,453 - INFO - ✅ Эмбеддинг создан для записи 567
2025-07-16 10:00:00,653 - INFO - 🔄 Обрабатываем запись 568 (400/115208)
2025-07-16 10:00:01,348 - INFO - ✅ Эмбеддинг создан для записи 568
2025-07-16 10:00:28,447 - INFO - 💾 Данные безопасно сохранены
2025-07-16 10:00:28,448 - INFO - 💾 Сохранено после 400 записей
2025-07-16 10:00:28,649 - INFO - 🔄 Обрабатываем запись 569 (401/115208)
2025-07-16 10:00:29,285 - INFO - ✅ Эмбеддинг создан для записи 569
2025-07-16 10:00:29,485 - INFO - 🔄 Обрабатываем запись 570 (402/115208)
2025-07-16 10:00:29,850 - INFO - ✅ Эмбеддинг создан для записи 570
2025-07-16 10:00:30,050 - INFO - 🔄 Обрабатываем запись 571 (403/115208)
2025-07-16 10:00:30,441 - INFO - ✅ Эмбеддинг создан для записи 571
2025-07-16 10:00:30,642 - INFO - 🔄 Обрабатываем запись 572 (404/115208)
2025-07-16 10:00:31,047 - INFO - ✅ Эмбеддинг создан для записи 572
2025-07-16 10:00:31,248 - INFO - 🔄 Обрабатываем запись 573 (405/115208)
2025-07-16 10:00:31,678 - INFO - ✅ Эмбеддинг создан для записи 573
2025-07-16 10:00:31,879 - INFO - 🔄 Обрабатываем запись 574 (406/115208)
2025-07-16 10:00:32,299 - INFO - ✅ Эмбеддинг создан для записи 574
2025-07-16 10:00:32,501 - INFO - 🔄 Обрабатываем запись 575 (407/115208)
2025-07-16 10:00:33,134 - INFO - ✅ Эмбеддинг создан для записи 575
2025-07-16 10:00:33,335 - INFO - 🔄 Обрабатываем запись 576 (408/115208)
2025-07-16 10:00:34,043 - INFO - ✅ Эмбеддинг создан для записи 576
2025-07-16 10:00:34,243 - INFO - 🔄 Обрабатываем запись 577 (409/115208)
2025-07-16 10:00:34,928 - INFO - ✅ Эмбеддинг создан для записи 577
2025-07-16 10:00:35,129 - INFO - 🔄 Обрабатываем запись 578 (410/115208)
2025-07-16 10:00:35,525 - INFO - ✅ Эмбеддинг создан для записи 578
2025-07-16 10:00:35,726 - INFO - 🔄 Обрабатываем запись 579 (411/115208)
2025-07-16 10:00:36,496 - INFO - ✅ Эмбеддинг создан для записи 579
2025-07-16 10:00:36,697 - INFO - 🔄 Обрабатываем запись 580 (412/115208)
2025-07-16 10:00:37,122 - INFO - ✅ Эмбеддинг создан для записи 580
2025-07-16 10:00:37,330 - INFO - 🔄 Обрабатываем запись 581 (413/115208)
2025-07-16 10:00:38,063 - INFO - ✅ Эмбеддинг создан для записи 581
2025-07-16 10:00:38,264 - INFO - 🔄 Обрабатываем запись 582 (414/115208)
2025-07-16 10:00:39,003 - INFO - ✅ Эмбеддинг создан для записи 582
2025-07-16 10:00:39,203 - INFO - 🔄 Обрабатываем запись 583 (415/115208)
2025-07-16 10:00:39,635 - INFO - ✅ Эмбеддинг создан для записи 583
2025-07-16 10:00:39,838 - INFO - 🔄 Обрабатываем запись 584 (416/115208)
2025-07-16 10:00:40,164 - INFO - ✅ Эмбеддинг создан для записи 584
2025-07-16 10:00:40,365 - INFO - 🔄 Обрабатываем запись 585 (417/115208)
2025-07-16 10:00:40,721 - INFO - ✅ Эмбеддинг создан для записи 585
2025-07-16 10:00:40,922 - INFO - 🔄 Обрабатываем запись 586 (418/115208)
2025-07-16 10:00:41,324 - INFO - ✅ Эмбеддинг создан для записи 586
2025-07-16 10:00:41,525 - INFO - 🔄 Обрабатываем запись 587 (419/115208)
2025-07-16 10:00:42,264 - INFO - ✅ Эмбеддинг создан для записи 587
2025-07-16 10:00:42,464 - INFO - 🔄 Обрабатываем запись 588 (420/115208)
2025-07-16 10:00:43,174 - INFO - ✅ Эмбеддинг создан для записи 588
2025-07-16 10:00:43,375 - INFO - 🔄 Обрабатываем запись 589 (421/115208)
2025-07-16 10:00:43,814 - INFO - ✅ Эмбеддинг создан для записи 589
2025-07-16 10:00:44,014 - INFO - 🔄 Обрабатываем запись 590 (422/115208)
2025-07-16 10:00:44,446 - INFO - ✅ Эмбеддинг создан для записи 590
2025-07-16 10:00:44,646 - INFO - 🔄 Обрабатываем запись 591 (423/115208)
2025-07-16 10:00:45,065 - INFO - ✅ Эмбеддинг создан для записи 591
2025-07-16 10:00:45,266 - INFO - 🔄 Обрабатываем запись 592 (424/115208)
2025-07-16 10:00:45,993 - INFO - ✅ Эмбеддинг создан для записи 592
2025-07-16 10:00:46,194 - INFO - 🔄 Обрабатываем запись 593 (425/115208)
2025-07-16 10:00:46,604 - INFO - ✅ Эмбеддинг создан для записи 593
2025-07-16 10:00:46,805 - INFO - 🔄 Обрабатываем запись 594 (426/115208)
2025-07-16 10:00:47,229 - INFO - ✅ Эмбеддинг создан для записи 594
2025-07-16 10:00:47,429 - INFO - 🔄 Обрабатываем запись 595 (427/115208)
2025-07-16 10:00:47,715 - INFO - ✅ Эмбеддинг создан для записи 595
2025-07-16 10:00:47,916 - INFO - 🔄 Обрабатываем запись 596 (428/115208)
2025-07-16 10:00:48,380 - INFO - ✅ Эмбеддинг создан для записи 596
2025-07-16 10:00:48,580 - INFO - 🔄 Обрабатываем запись 597 (429/115208)
2025-07-16 10:00:48,983 - INFO - ✅ Эмбеддинг создан для записи 597
2025-07-16 10:00:49,184 - INFO - 🔄 Обрабатываем запись 598 (430/115208)
2025-07-16 10:00:49,610 - INFO - ✅ Эмбеддинг создан для записи 598
2025-07-16 10:00:49,811 - INFO - 🔄 Обрабатываем запись 599 (431/115208)
2025-07-16 10:00:50,538 - INFO - ✅ Эмбеддинг создан для записи 599
2025-07-16 10:00:50,738 - INFO - 🔄 Обрабатываем запись 600 (432/115208)
2025-07-16 10:00:51,454 - INFO - ✅ Эмбеддинг создан для записи 600
2025-07-16 10:00:51,656 - INFO - 🔄 Обрабатываем запись 601 (433/115208)
2025-07-16 10:00:52,377 - INFO - ✅ Эмбеддинг создан для записи 601
2025-07-16 10:00:52,579 - INFO - 🔄 Обрабатываем запись 602 (434/115208)
2025-07-16 10:00:52,967 - INFO - ✅ Эмбеддинг создан для записи 602
2025-07-16 10:00:53,167 - INFO - 🔄 Обрабатываем запись 603 (435/115208)
2025-07-16 10:00:53,925 - INFO - ✅ Эмбеддинг создан для записи 603
2025-07-16 10:00:54,126 - INFO - 🔄 Обрабатываем запись 604 (436/115208)
2025-07-16 10:00:54,578 - INFO - ✅ Эмбеддинг создан для записи 604
2025-07-16 10:00:54,779 - INFO - 🔄 Обрабатываем запись 605 (437/115208)
2025-07-16 10:00:55,222 - INFO - ✅ Эмбеддинг создан для записи 605
2025-07-16 10:00:55,424 - INFO - 🔄 Обрабатываем запись 606 (438/115208)
2025-07-16 10:00:55,846 - INFO - ✅ Эмбеддинг создан для записи 606
2025-07-16 10:00:56,047 - INFO - 🔄 Обрабатываем запись 607 (439/115208)
2025-07-16 10:00:56,390 - INFO - ✅ Эмбеддинг создан для записи 607
2025-07-16 10:00:56,592 - INFO - 🔄 Обрабатываем запись 608 (440/115208)
2025-07-16 10:00:56,943 - INFO - ✅ Эмбеддинг создан для записи 608
2025-07-16 10:00:57,146 - INFO - 🔄 Обрабатываем запись 609 (441/115208)
2025-07-16 10:00:57,600 - INFO - ✅ Эмбеддинг создан для записи 609
2025-07-16 10:00:57,804 - INFO - 🔄 Обрабатываем запись 610 (442/115208)
2025-07-16 10:00:58,240 - INFO - ✅ Эмбеддинг создан для записи 610
2025-07-16 10:00:58,441 - INFO - 🔄 Обрабатываем запись 611 (443/115208)
2025-07-16 10:00:58,864 - INFO - ✅ Эмбеддинг создан для записи 611
2025-07-16 10:00:59,065 - INFO - 🔄 Обрабатываем запись 612 (444/115208)
2025-07-16 10:00:59,560 - INFO - ✅ Эмбеддинг создан для записи 612
2025-07-16 10:00:59,763 - INFO - 🔄 Обрабатываем запись 613 (445/115208)
2025-07-16 10:01:00,223 - INFO - ✅ Эмбеддинг создан для записи 613
2025-07-16 10:01:00,425 - INFO - 🔄 Обрабатываем запись 614 (446/115208)
2025-07-16 10:01:00,899 - INFO - ✅ Эмбеддинг создан для записи 614
2025-07-16 10:01:01,100 - INFO - 🔄 Обрабатываем запись 615 (447/115208)
2025-07-16 10:01:01,815 - INFO - ✅ Эмбеддинг создан для записи 615
2025-07-16 10:01:02,016 - INFO - 🔄 Обрабатываем запись 616 (448/115208)
2025-07-16 10:01:02,793 - INFO - ✅ Эмбеддинг создан для записи 616
2025-07-16 10:01:02,994 - INFO - 🔄 Обрабатываем запись 617 (449/115208)
2025-07-16 10:01:03,811 - INFO - ✅ Эмбеддинг создан для записи 617
2025-07-16 10:01:04,012 - INFO - 🔄 Обрабатываем запись 618 (450/115208)
2025-07-16 10:01:04,787 - INFO - ✅ Эмбеддинг создан для записи 618
2025-07-16 10:01:04,988 - INFO - 🔄 Обрабатываем запись 619 (451/115208)
2025-07-16 10:01:05,639 - INFO - ✅ Эмбеддинг создан для записи 619
2025-07-16 10:01:05,840 - INFO - 🔄 Обрабатываем запись 620 (452/115208)
2025-07-16 10:01:06,612 - INFO - ✅ Эмбеддинг создан для записи 620
2025-07-16 10:01:06,812 - INFO - 🔄 Обрабатываем запись 621 (453/115208)
2025-07-16 10:01:07,259 - INFO - ✅ Эмбеддинг создан для записи 621
2025-07-16 10:01:07,460 - INFO - 🔄 Обрабатываем запись 622 (454/115208)
2025-07-16 10:01:08,203 - INFO - ✅ Эмбеддинг создан для записи 622
2025-07-16 10:01:08,403 - INFO - 🔄 Обрабатываем запись 623 (455/115208)
2025-07-16 10:01:08,753 - INFO - ✅ Эмбеддинг создан для записи 623
2025-07-16 10:01:08,954 - INFO - 🔄 Обрабатываем запись 624 (456/115208)
2025-07-16 10:01:09,332 - INFO - ✅ Эмбеддинг создан для записи 624
2025-07-16 10:01:09,533 - INFO - 🔄 Обрабатываем запись 625 (457/115208)
2025-07-16 10:01:09,923 - INFO - ✅ Эмбеддинг создан для записи 625
2025-07-16 10:01:10,123 - INFO - 🔄 Обрабатываем запись 626 (458/115208)
2025-07-16 10:01:10,520 - INFO - ✅ Эмбеддинг создан для записи 626
2025-07-16 10:01:10,721 - INFO - 🔄 Обрабатываем запись 627 (459/115208)
2025-07-16 10:01:11,437 - INFO - ✅ Эмбеддинг создан для записи 627
2025-07-16 10:01:11,638 - INFO - 🔄 Обрабатываем запись 628 (460/115208)
2025-07-16 10:01:12,380 - INFO - ✅ Эмбеддинг создан для записи 628
2025-07-16 10:01:12,580 - INFO - 🔄 Обрабатываем запись 629 (461/115208)
2025-07-16 10:01:13,308 - INFO - ✅ Эмбеддинг создан для записи 629
2025-07-16 10:01:13,508 - INFO - 🔄 Обрабатываем запись 630 (462/115208)
2025-07-16 10:01:13,898 - INFO - ✅ Эмбеддинг создан для записи 630
2025-07-16 10:01:14,098 - INFO - 🔄 Обрабатываем запись 631 (463/115208)
2025-07-16 10:01:14,825 - INFO - ✅ Эмбеддинг создан для записи 631
2025-07-16 10:01:15,025 - INFO - 🔄 Обрабатываем запись 632 (464/115208)
2025-07-16 10:01:15,439 - INFO - ✅ Эмбеддинг создан для записи 632
2025-07-16 10:01:15,639 - INFO - 🔄 Обрабатываем запись 633 (465/115208)
2025-07-16 10:01:16,337 - INFO - ✅ Эмбеддинг создан для записи 633
2025-07-16 10:01:16,538 - INFO - 🔄 Обрабатываем запись 634 (466/115208)
2025-07-16 10:01:17,264 - INFO - ✅ Эмбеддинг создан для записи 634
2025-07-16 10:01:17,465 - INFO - 🔄 Обрабатываем запись 635 (467/115208)
2025-07-16 10:01:18,144 - INFO - ✅ Эмбеддинг создан для записи 635
2025-07-16 10:01:18,345 - INFO - 🔄 Обрабатываем запись 636 (468/115208)
2025-07-16 10:01:18,735 - INFO - ✅ Эмбеддинг создан для записи 636
2025-07-16 10:01:18,935 - INFO - 🔄 Обрабатываем запись 637 (469/115208)
2025-07-16 10:01:19,664 - INFO - ✅ Эмбеддинг создан для записи 637
2025-07-16 10:01:19,864 - INFO - 🔄 Обрабатываем запись 638 (470/115208)
2025-07-16 10:01:20,255 - INFO - ✅ Эмбеддинг создан для записи 638
2025-07-16 10:01:20,456 - INFO - 🔄 Обрабатываем запись 639 (471/115208)
2025-07-16 10:01:21,167 - INFO - ✅ Эмбеддинг создан для записи 639
2025-07-16 10:01:21,369 - INFO - 🔄 Обрабатываем запись 640 (472/115208)
2025-07-16 10:01:21,772 - INFO - ✅ Эмбеддинг создан для записи 640
2025-07-16 10:01:21,973 - INFO - 🔄 Обрабатываем запись 641 (473/115208)
2025-07-16 10:01:22,361 - INFO - ✅ Эмбеддинг создан для записи 641
2025-07-16 10:01:22,562 - INFO - 🔄 Обрабатываем запись 642 (474/115208)
2025-07-16 10:01:22,946 - INFO - ✅ Эмбеддинг создан для записи 642
2025-07-16 10:01:23,146 - INFO - 🔄 Обрабатываем запись 643 (475/115208)
2025-07-16 10:01:23,853 - INFO - ✅ Эмбеддинг создан для записи 643
2025-07-16 10:01:24,053 - INFO - 🔄 Обрабатываем запись 644 (476/115208)
2025-07-16 10:01:24,460 - INFO - ✅ Эмбеддинг создан для записи 644
2025-07-16 10:01:24,661 - INFO - 🔄 Обрабатываем запись 645 (477/115208)
2025-07-16 10:01:25,397 - INFO - ✅ Эмбеддинг создан для записи 645
2025-07-16 10:01:25,597 - INFO - 🔄 Обрабатываем запись 646 (478/115208)
2025-07-16 10:01:26,331 - INFO - ✅ Эмбеддинг создан для записи 646
2025-07-16 10:01:26,531 - INFO - 🔄 Обрабатываем запись 647 (479/115208)
2025-07-16 10:01:27,224 - INFO - ✅ Эмбеддинг создан для записи 647
2025-07-16 10:01:27,425 - INFO - 🔄 Обрабатываем запись 648 (480/115208)
2025-07-16 10:01:28,165 - INFO - ✅ Эмбеддинг создан для записи 648
2025-07-16 10:01:28,365 - INFO - 🔄 Обрабатываем запись 649 (481/115208)
2025-07-16 10:01:29,063 - INFO - ✅ Эмбеддинг создан для записи 649
2025-07-16 10:01:29,264 - INFO - 🔄 Обрабатываем запись 650 (482/115208)
2025-07-16 10:01:29,578 - INFO - ✅ Эмбеддинг создан для записи 650
2025-07-16 10:01:29,779 - INFO - 🔄 Обрабатываем запись 651 (483/115208)
2025-07-16 10:01:30,166 - INFO - ✅ Эмбеддинг создан для записи 651
2025-07-16 10:01:30,366 - INFO - 🔄 Обрабатываем запись 652 (484/115208)
2025-07-16 10:01:30,753 - INFO - ✅ Эмбеддинг создан для записи 652
2025-07-16 10:01:30,954 - INFO - 🔄 Обрабатываем запись 653 (485/115208)
2025-07-16 10:01:31,343 - INFO - ✅ Эмбеддинг создан для записи 653
2025-07-16 10:01:31,544 - INFO - 🔄 Обрабатываем запись 654 (486/115208)
2025-07-16 10:01:31,840 - INFO - ✅ Эмбеддинг создан для записи 654
2025-07-16 10:01:32,040 - INFO - 🔄 Обрабатываем запись 655 (487/115208)
2025-07-16 10:01:32,729 - INFO - ✅ Эмбеддинг создан для записи 655
2025-07-16 10:01:32,930 - INFO - 🔄 Обрабатываем запись 656 (488/115208)
2025-07-16 10:01:33,619 - INFO - ✅ Эмбеддинг создан для записи 656
2025-07-16 10:01:33,819 - INFO - 🔄 Обрабатываем запись 657 (489/115208)
2025-07-16 10:01:34,209 - INFO - ✅ Эмбеддинг создан для записи 657
2025-07-16 10:01:34,409 - INFO - 🔄 Обрабатываем запись 658 (490/115208)
2025-07-16 10:01:35,190 - INFO - ✅ Эмбеддинг создан для записи 658
2025-07-16 10:01:35,390 - INFO - 🔄 Обрабатываем запись 659 (491/115208)
2025-07-16 10:01:35,737 - INFO - ✅ Эмбеддинг создан для записи 659
2025-07-16 10:01:35,938 - INFO - 🔄 Обрабатываем запись 660 (492/115208)
2025-07-16 10:01:36,317 - INFO - ✅ Эмбеддинг создан для записи 660
2025-07-16 10:01:36,517 - INFO - 🔄 Обрабатываем запись 661 (493/115208)
2025-07-16 10:01:36,908 - INFO - ✅ Эмбеддинг создан для записи 661
2025-07-16 10:01:37,109 - INFO - 🔄 Обрабатываем запись 662 (494/115208)
2025-07-16 10:01:37,832 - INFO - ✅ Эмбеддинг создан для записи 662
2025-07-16 10:01:38,033 - INFO - 🔄 Обрабатываем запись 663 (495/115208)
2025-07-16 10:01:38,433 - INFO - ✅ Эмбеддинг создан для записи 663
2025-07-16 10:01:38,634 - INFO - 🔄 Обрабатываем запись 664 (496/115208)
2025-07-16 10:01:39,086 - INFO - ✅ Эмбеддинг создан для записи 664
2025-07-16 10:01:39,286 - INFO - 🔄 Обрабатываем запись 665 (497/115208)
2025-07-16 10:01:39,688 - INFO - ✅ Эмбеддинг создан для записи 665
2025-07-16 10:01:39,888 - INFO - 🔄 Обрабатываем запись 666 (498/115208)
2025-07-16 10:01:40,313 - INFO - ✅ Эмбеддинг создан для записи 666
2025-07-16 10:01:40,513 - INFO - 🔄 Обрабатываем запись 667 (499/115208)
2025-07-16 10:01:40,893 - INFO - ✅ Эмбеддинг создан для записи 667
2025-07-16 10:01:41,094 - INFO - 🔄 Обрабатываем запись 668 (500/115208)
2025-07-16 10:01:41,521 - INFO - ✅ Эмбеддинг создан для записи 668
2025-07-16 10:02:05,652 - INFO - 💾 Данные безопасно сохранены
2025-07-16 10:02:05,653 - INFO - 💾 Сохранено после 500 записей
2025-07-16 10:02:05,853 - INFO - 🔄 Обрабатываем запись 669 (501/115208)
2025-07-16 10:02:06,384 - INFO - ✅ Эмбеддинг создан для записи 669
2025-07-16 10:02:06,585 - INFO - 🔄 Обрабатываем запись 670 (502/115208)
2025-07-16 10:02:07,194 - INFO - ✅ Эмбеддинг создан для записи 670
2025-07-16 10:02:07,394 - INFO - 🔄 Обрабатываем запись 671 (503/115208)
2025-07-16 10:02:07,827 - INFO - ✅ Эмбеддинг создан для записи 671
2025-07-16 10:02:08,027 - INFO - 🔄 Обрабатываем запись 672 (504/115208)
2025-07-16 10:02:08,767 - INFO - ✅ Эмбеддинг создан для записи 672
2025-07-16 10:02:08,967 - INFO - 🔄 Обрабатываем запись 673 (505/115208)
2025-07-16 10:02:09,400 - INFO - ✅ Эмбеддинг создан для записи 673
2025-07-16 10:02:09,601 - INFO - 🔄 Обрабатываем запись 674 (506/115208)
2025-07-16 10:02:10,036 - INFO - ✅ Эмбеддинг создан для записи 674
2025-07-16 10:02:10,237 - INFO - 🔄 Обрабатываем запись 675 (507/115208)
2025-07-16 10:02:10,988 - INFO - ✅ Эмбеддинг создан для записи 675
2025-07-16 10:02:11,189 - INFO - 🔄 Обрабатываем запись 676 (508/115208)
2025-07-16 10:02:11,587 - INFO - ✅ Эмбеддинг создан для записи 676
2025-07-16 10:02:11,788 - INFO - 🔄 Обрабатываем запись 677 (509/115208)
2025-07-16 10:02:12,194 - INFO - ✅ Эмбеддинг создан для записи 677
2025-07-16 10:02:12,395 - INFO - 🔄 Обрабатываем запись 678 (510/115208)
2025-07-16 10:02:12,832 - INFO - ✅ Эмбеддинг создан для записи 678
2025-07-16 10:02:13,033 - INFO - 🔄 Обрабатываем запись 679 (511/115208)
2025-07-16 10:02:13,665 - INFO - ✅ Эмбеддинг создан для записи 679
2025-07-16 10:02:13,866 - INFO - 🔄 Обрабатываем запись 680 (512/115208)
2025-07-16 10:02:14,634 - INFO - ✅ Эмбеддинг создан для записи 680
2025-07-16 10:02:14,836 - INFO - 🔄 Обрабатываем запись 681 (513/115208)
2025-07-16 10:02:15,243 - INFO - ✅ Эмбеддинг создан для записи 681
2025-07-16 10:02:15,444 - INFO - 🔄 Обрабатываем запись 682 (514/115208)
2025-07-16 10:02:16,144 - INFO - ✅ Эмбеддинг создан для записи 682
2025-07-16 10:02:16,345 - INFO - 🔄 Обрабатываем запись 683 (515/115208)
2025-07-16 10:02:16,747 - INFO - ✅ Эмбеддинг создан для записи 683
2025-07-16 10:02:16,948 - INFO - 🔄 Обрабатываем запись 684 (516/115208)
2025-07-16 10:02:17,352 - INFO - ✅ Эмбеддинг создан для записи 684
2025-07-16 10:02:17,552 - INFO - 🔄 Обрабатываем запись 685 (517/115208)
2025-07-16 10:02:17,843 - INFO - ✅ Эмбеддинг создан для записи 685
2025-07-16 10:02:18,043 - INFO - 🔄 Обрабатываем запись 686 (518/115208)
2025-07-16 10:02:18,752 - INFO - ✅ Эмбеддинг создан для записи 686
2025-07-16 10:02:18,952 - INFO - 🔄 Обрабатываем запись 687 (519/115208)
2025-07-16 10:02:19,341 - INFO - ✅ Эмбеддинг создан для записи 687
2025-07-16 10:02:19,542 - INFO - 🔄 Обрабатываем запись 688 (520/115208)
2025-07-16 10:02:19,939 - INFO - ✅ Эмбеддинг создан для записи 688
2025-07-16 10:02:20,140 - INFO - 🔄 Обрабатываем запись 689 (521/115208)
2025-07-16 10:02:20,545 - INFO - ✅ Эмбеддинг создан для записи 689
2025-07-16 10:02:20,745 - INFO - 🔄 Обрабатываем запись 690 (522/115208)
2025-07-16 10:02:21,142 - INFO - ✅ Эмбеддинг создан для записи 690
2025-07-16 10:02:21,342 - INFO - 🔄 Обрабатываем запись 691 (523/115208)
2025-07-16 10:02:21,743 - INFO - ✅ Эмбеддинг создан для записи 691
2025-07-16 10:02:21,943 - INFO - 🔄 Обрабатываем запись 692 (524/115208)
2025-07-16 10:02:22,335 - INFO - ✅ Эмбеддинг создан для записи 692
2025-07-16 10:02:22,537 - INFO - 🔄 Обрабатываем запись 693 (525/115208)
2025-07-16 10:02:23,224 - INFO - ✅ Эмбеддинг создан для записи 693
2025-07-16 10:02:23,424 - INFO - 🔄 Обрабатываем запись 694 (526/115208)
2025-07-16 10:02:23,811 - INFO - ✅ Эмбеддинг создан для записи 694
2025-07-16 10:02:24,012 - INFO - 🔄 Обрабатываем запись 695 (527/115208)
2025-07-16 10:02:24,400 - INFO - ✅ Эмбеддинг создан для записи 695
2025-07-16 10:02:24,600 - INFO - 🔄 Обрабатываем запись 696 (528/115208)
2025-07-16 10:02:24,995 - INFO - ✅ Эмбеддинг создан для записи 696
2025-07-16 10:02:25,195 - INFO - 🔄 Обрабатываем запись 697 (529/115208)
2025-07-16 10:02:25,591 - INFO - ✅ Эмбеддинг создан для записи 697
2025-07-16 10:02:25,792 - INFO - 🔄 Обрабатываем запись 698 (530/115208)
2025-07-16 10:02:26,084 - INFO - ✅ Эмбеддинг создан для записи 698
2025-07-16 10:02:26,285 - INFO - 🔄 Обрабатываем запись 699 (531/115208)
2025-07-16 10:02:27,011 - INFO - ✅ Эмбеддинг создан для записи 699
2025-07-16 10:02:27,211 - INFO - 🔄 Обрабатываем запись 700 (532/115208)
2025-07-16 10:02:27,628 - INFO - ✅ Эмбеддинг создан для записи 700
2025-07-16 10:02:27,829 - INFO - 🔄 Обрабатываем запись 701 (533/115208)
2025-07-16 10:02:28,223 - INFO - ✅ Эмбеддинг создан для записи 701
2025-07-16 10:02:28,423 - INFO - 🔄 Обрабатываем запись 702 (534/115208)
2025-07-16 10:02:28,811 - INFO - ✅ Эмбеддинг создан для записи 702
2025-07-16 10:02:29,011 - INFO - 🔄 Обрабатываем запись 703 (535/115208)
2025-07-16 10:02:29,397 - INFO - ✅ Эмбеддинг создан для записи 703
2025-07-16 10:02:29,597 - INFO - 🔄 Обрабатываем запись 704 (536/115208)
2025-07-16 10:02:29,983 - INFO - ✅ Эмбеддинг создан для записи 704
2025-07-16 10:02:30,183 - INFO - 🔄 Обрабатываем запись 705 (537/115208)
2025-07-16 10:02:30,569 - INFO - ✅ Эмбеддинг создан для записи 705
2025-07-16 10:02:30,769 - INFO - 🔄 Обрабатываем запись 706 (538/115208)
2025-07-16 10:02:31,455 - INFO - ✅ Эмбеддинг создан для записи 706
2025-07-16 10:02:31,656 - INFO - 🔄 Обрабатываем запись 707 (539/115208)
2025-07-16 10:02:31,945 - INFO - ✅ Эмбеддинг создан для записи 707
2025-07-16 10:02:32,146 - INFO - 🔄 Обрабатываем запись 708 (540/115208)
2025-07-16 10:02:32,548 - INFO - ✅ Эмбеддинг создан для записи 708
2025-07-16 10:02:32,749 - INFO - 🔄 Обрабатываем запись 709 (541/115208)
2025-07-16 10:02:33,235 - INFO - ✅ Эмбеддинг создан для записи 709
2025-07-16 10:02:33,436 - INFO - 🔄 Обрабатываем запись 710 (542/115208)
2025-07-16 10:02:33,823 - INFO - ✅ Эмбеддинг создан для записи 710
2025-07-16 10:02:34,025 - INFO - 🔄 Обрабатываем запись 711 (543/115208)
2025-07-16 10:02:34,410 - INFO - ✅ Эмбеддинг создан для записи 711
2025-07-16 10:02:34,610 - INFO - 🔄 Обрабатываем запись 712 (544/115208)
2025-07-16 10:02:35,000 - INFO - ✅ Эмбеддинг создан для записи 712
2025-07-16 10:02:35,200 - INFO - 🔄 Обрабатываем запись 713 (545/115208)
2025-07-16 10:02:35,943 - INFO - ✅ Эмбеддинг создан для записи 713
2025-07-16 10:02:36,143 - INFO - 🔄 Обрабатываем запись 714 (546/115208)
2025-07-16 10:02:36,887 - INFO - ✅ Эмбеддинг создан для записи 714
2025-07-16 10:02:37,089 - INFO - 🔄 Обрабатываем запись 715 (547/115208)
2025-07-16 10:02:37,524 - INFO - ✅ Эмбеддинг создан для записи 715
2025-07-16 10:02:37,725 - INFO - 🔄 Обрабатываем запись 716 (548/115208)
2025-07-16 10:02:38,387 - INFO - ✅ Эмбеддинг создан для записи 716
2025-07-16 10:02:38,588 - INFO - 🔄 Обрабатываем запись 717 (549/115208)
2025-07-16 10:02:39,014 - INFO - ✅ Эмбеддинг создан для записи 717
2025-07-16 10:02:39,215 - INFO - 🔄 Обрабатываем запись 718 (550/115208)
2025-07-16 10:02:39,667 - INFO - ✅ Эмбеддинг создан для записи 718
2025-07-16 10:02:39,868 - INFO - 🔄 Обрабатываем запись 719 (551/115208)
2025-07-16 10:02:40,316 - INFO - ✅ Эмбеддинг создан для записи 719
2025-07-16 10:02:40,518 - INFO - 🔄 Обрабатываем запись 720 (552/115208)
2025-07-16 10:02:40,916 - INFO - ✅ Эмбеддинг создан для записи 720
2025-07-16 10:02:41,117 - INFO - 🔄 Обрабатываем запись 721 (553/115208)
2025-07-16 10:02:41,543 - INFO - ✅ Эмбеддинг создан для записи 721
2025-07-16 10:02:41,743 - INFO - 🔄 Обрабатываем запись 722 (554/115208)
2025-07-16 10:02:42,219 - INFO - ✅ Эмбеддинг создан для записи 722
2025-07-16 10:02:42,419 - INFO - 🔄 Обрабатываем запись 723 (555/115208)
2025-07-16 10:02:42,812 - INFO - ✅ Эмбеддинг создан для записи 723
2025-07-16 10:02:43,013 - INFO - 🔄 Обрабатываем запись 724 (556/115208)
2025-07-16 10:02:43,445 - INFO - ✅ Эмбеддинг создан для записи 724
2025-07-16 10:02:43,646 - INFO - 🔄 Обрабатываем запись 725 (557/115208)
2025-07-16 10:02:44,081 - INFO - ✅ Эмбеддинг создан для записи 725
2025-07-16 10:02:44,282 - INFO - 🔄 Обрабатываем запись 726 (558/115208)
2025-07-16 10:02:44,975 - INFO - ✅ Эмбеддинг создан для записи 726
2025-07-16 10:02:45,176 - INFO - 🔄 Обрабатываем запись 727 (559/115208)
2025-07-16 10:02:45,602 - INFO - ✅ Эмбеддинг создан для записи 727
2025-07-16 10:02:45,803 - INFO - 🔄 Обрабатываем запись 728 (560/115208)
2025-07-16 10:02:46,107 - INFO - ✅ Эмбеддинг создан для записи 728
2025-07-16 10:02:46,307 - INFO - 🔄 Обрабатываем запись 729 (561/115208)
2025-07-16 10:02:46,805 - INFO - ✅ Эмбеддинг создан для записи 729
2025-07-16 10:02:47,007 - INFO - 🔄 Обрабатываем запись 730 (562/115208)
2025-07-16 10:02:47,449 - INFO - ✅ Эмбеддинг создан для записи 730
2025-07-16 10:02:47,650 - INFO - 🔄 Обрабатываем запись 731 (563/115208)
2025-07-16 10:02:48,074 - INFO - ✅ Эмбеддинг создан для записи 731
2025-07-16 10:02:48,275 - INFO - 🔄 Обрабатываем запись 732 (564/115208)
2025-07-16 10:02:48,731 - INFO - ✅ Эмбеддинг создан для записи 732
2025-07-16 10:02:48,931 - INFO - 🔄 Обрабатываем запись 733 (565/115208)
2025-07-16 10:02:49,354 - INFO - ✅ Эмбеддинг создан для записи 733
2025-07-16 10:02:49,554 - INFO - 🔄 Обрабатываем запись 734 (566/115208)
2025-07-16 10:02:50,296 - INFO - ✅ Эмбеддинг создан для записи 734
2025-07-16 10:02:50,497 - INFO - 🔄 Обрабатываем запись 735 (567/115208)
2025-07-16 10:02:50,914 - INFO - ✅ Эмбеддинг создан для записи 735
2025-07-16 10:02:51,114 - INFO - 🔄 Обрабатываем запись 736 (568/115208)
2025-07-16 10:02:51,564 - INFO - ✅ Эмбеддинг создан для записи 736
2025-07-16 10:02:51,765 - INFO - 🔄 Обрабатываем запись 737 (569/115208)
2025-07-16 10:02:52,224 - INFO - ✅ Эмбеддинг создан для записи 737
2025-07-16 10:02:52,425 - INFO - 🔄 Обрабатываем запись 738 (570/115208)
2025-07-16 10:02:53,117 - INFO - ✅ Эмбеддинг создан для записи 738
2025-07-16 10:02:53,317 - INFO - 🔄 Обрабатываем запись 739 (571/115208)
2025-07-16 10:02:53,614 - INFO - ✅ Эмбеддинг создан для записи 739
2025-07-16 10:02:53,816 - INFO - 🔄 Обрабатываем запись 740 (572/115208)
2025-07-16 10:02:54,253 - INFO - ✅ Эмбеддинг создан для записи 740
2025-07-16 10:02:54,454 - INFO - 🔄 Обрабатываем запись 741 (573/115208)
2025-07-16 10:02:54,880 - INFO - ✅ Эмбеддинг создан для записи 741
2025-07-16 10:02:55,080 - INFO - 🔄 Обрабатываем запись 742 (574/115208)
2025-07-16 10:02:55,496 - INFO - ✅ Эмбеддинг создан для записи 742
2025-07-16 10:02:55,696 - INFO - 🔄 Обрабатываем запись 743 (575/115208)
2025-07-16 10:02:56,004 - INFO - ✅ Эмбеддинг создан для записи 743
2025-07-16 10:02:56,205 - INFO - 🔄 Обрабатываем запись 744 (576/115208)
2025-07-16 10:02:56,535 - INFO - ✅ Эмбеддинг создан для записи 744
2025-07-16 10:02:56,736 - INFO - 🔄 Обрабатываем запись 745 (577/115208)
2025-07-16 10:02:57,187 - INFO - ✅ Эмбеддинг создан для записи 745
2025-07-16 10:02:57,388 - INFO - 🔄 Обрабатываем запись 746 (578/115208)
2025-07-16 10:02:57,838 - INFO - ✅ Эмбеддинг создан для записи 746
2025-07-16 10:02:58,039 - INFO - 🔄 Обрабатываем запись 747 (579/115208)
2025-07-16 10:02:58,457 - INFO - ✅ Эмбеддинг создан для записи 747
2025-07-16 10:02:58,658 - INFO - 🔄 Обрабатываем запись 748 (580/115208)
2025-07-16 10:02:59,373 - INFO - ✅ Эмбеддинг создан для записи 748
2025-07-16 10:02:59,573 - INFO - 🔄 Обрабатываем запись 749 (581/115208)
2025-07-16 10:02:59,998 - INFO - ✅ Эмбеддинг создан для записи 749
2025-07-16 10:03:00,199 - INFO - 🔄 Обрабатываем запись 750 (582/115208)
2025-07-16 10:03:00,583 - INFO - ✅ Эмбеддинг создан для записи 750
2025-07-16 10:03:00,783 - INFO - 🔄 Обрабатываем запись 751 (583/115208)
2025-07-16 10:03:01,212 - INFO - ✅ Эмбеддинг создан для записи 751
2025-07-16 10:03:01,413 - INFO - 🔄 Обрабатываем запись 752 (584/115208)
2025-07-16 10:03:01,810 - INFO - ✅ Эмбеддинг создан для записи 752
2025-07-16 10:03:02,011 - INFO - 🔄 Обрабатываем запись 753 (585/115208)
2025-07-16 10:03:02,401 - INFO - ✅ Эмбеддинг создан для записи 753
2025-07-16 10:03:02,601 - INFO - 🔄 Обрабатываем запись 754 (586/115208)
2025-07-16 10:03:03,016 - INFO - ✅ Эмбеддинг создан для записи 754
2025-07-16 10:03:03,217 - INFO - 🔄 Обрабатываем запись 755 (587/115208)
2025-07-16 10:03:03,660 - INFO - ✅ Эмбеддинг создан для записи 755
2025-07-16 10:03:03,861 - INFO - 🔄 Обрабатываем запись 756 (588/115208)
2025-07-16 10:03:04,236 - INFO - ✅ Эмбеддинг создан для записи 756
2025-07-16 10:03:04,437 - INFO - 🔄 Обрабатываем запись 757 (589/115208)
2025-07-16 10:03:04,836 - INFO - ✅ Эмбеддинг создан для записи 757
2025-07-16 10:03:05,036 - INFO - 🔄 Обрабатываем запись 758 (590/115208)
2025-07-16 10:03:05,408 - INFO - ✅ Эмбеддинг создан для записи 758
2025-07-16 10:03:05,610 - INFO - 🔄 Обрабатываем запись 759 (591/115208)
2025-07-16 10:03:05,996 - INFO - ✅ Эмбеддинг создан для записи 759
2025-07-16 10:03:06,197 - INFO - 🔄 Обрабатываем запись 760 (592/115208)
2025-07-16 10:03:06,591 - INFO - ✅ Эмбеддинг создан для записи 760
2025-07-16 10:03:06,791 - INFO - 🔄 Обрабатываем запись 761 (593/115208)
2025-07-16 10:03:07,186 - INFO - ✅ Эмбеддинг создан для записи 761
2025-07-16 10:03:07,386 - INFO - 🔄 Обрабатываем запись 762 (594/115208)
2025-07-16 10:03:07,795 - INFO - ✅ Эмбеддинг создан для записи 762
2025-07-16 10:03:07,996 - INFO - 🔄 Обрабатываем запись 763 (595/115208)
2025-07-16 10:03:08,405 - INFO - ✅ Эмбеддинг создан для записи 763
2025-07-16 10:03:08,606 - INFO - 🔄 Обрабатываем запись 764 (596/115208)
2025-07-16 10:03:08,984 - INFO - ✅ Эмбеддинг создан для записи 764
2025-07-16 10:03:09,185 - INFO - 🔄 Обрабатываем запись 765 (597/115208)
2025-07-16 10:03:09,867 - INFO - ✅ Эмбеддинг создан для записи 765
2025-07-16 10:03:10,068 - INFO - 🔄 Обрабатываем запись 766 (598/115208)
2025-07-16 10:03:10,474 - INFO - ✅ Эмбеддинг создан для записи 766
2025-07-16 10:03:10,674 - INFO - 🔄 Обрабатываем запись 767 (599/115208)
2025-07-16 10:03:11,053 - INFO - ✅ Эмбеддинг создан для записи 767
2025-07-16 10:03:11,254 - INFO - 🔄 Обрабатываем запись 768 (600/115208)
2025-07-16 10:03:11,637 - INFO - ✅ Эмбеддинг создан для записи 768
2025-07-16 10:03:40,521 - INFO - 💾 Данные безопасно сохранены
2025-07-16 10:03:40,521 - INFO - 💾 Сохранено после 600 записей
2025-07-16 10:03:40,722 - INFO - 🔄 Обрабатываем запись 769 (601/115208)
2025-07-16 10:03:41,107 - INFO - ✅ Эмбеддинг создан для записи 769
2025-07-16 10:03:41,308 - INFO - 🔄 Обрабатываем запись 770 (602/115208)
2025-07-16 10:03:41,696 - INFO - ✅ Эмбеддинг создан для записи 770
2025-07-16 10:03:41,897 - INFO - 🔄 Обрабатываем запись 771 (603/115208)
2025-07-16 10:03:42,274 - INFO - ✅ Эмбеддинг создан для записи 771
2025-07-16 10:03:42,474 - INFO - 🔄 Обрабатываем запись 772 (604/115208)
2025-07-16 10:03:42,865 - INFO - ✅ Эмбеддинг создан для записи 772
2025-07-16 10:03:43,065 - INFO - 🔄 Обрабатываем запись 773 (605/115208)
2025-07-16 10:03:43,541 - INFO - ✅ Эмбеддинг создан для записи 773
2025-07-16 10:03:43,741 - INFO - 🔄 Обрабатываем запись 774 (606/115208)
2025-07-16 10:03:44,148 - INFO - ✅ Эмбеддинг создан для записи 774
2025-07-16 10:03:44,349 - INFO - 🔄 Обрабатываем запись 775 (607/115208)
2025-07-16 10:03:44,742 - INFO - ✅ Эмбеддинг создан для записи 775
2025-07-16 10:03:44,942 - INFO - 🔄 Обрабатываем запись 776 (608/115208)
2025-07-16 10:03:45,354 - INFO - ✅ Эмбеддинг создан для записи 776
2025-07-16 10:03:45,554 - INFO - 🔄 Обрабатываем запись 777 (609/115208)
2025-07-16 10:03:45,928 - INFO - ✅ Эмбеддинг создан для записи 777
2025-07-16 10:03:46,129 - INFO - 🔄 Обрабатываем запись 778 (610/115208)
2025-07-16 10:03:46,477 - INFO - ✅ Эмбеддинг создан для записи 778
2025-07-16 10:03:46,682 - INFO - 🔄 Обрабатываем запись 779 (611/115208)
2025-07-16 10:03:47,007 - INFO - ✅ Эмбеддинг создан для записи 779
2025-07-16 10:03:47,209 - INFO - 🔄 Обрабатываем запись 780 (612/115208)
2025-07-16 10:03:47,608 - INFO - ✅ Эмбеддинг создан для записи 780
2025-07-16 10:03:47,809 - INFO - 🔄 Обрабатываем запись 781 (613/115208)
2025-07-16 10:03:48,195 - INFO - ✅ Эмбеддинг создан для записи 781
2025-07-16 10:03:48,395 - INFO - 🔄 Обрабатываем запись 782 (614/115208)
2025-07-16 10:03:48,777 - INFO - ✅ Эмбеддинг создан для записи 782
2025-07-16 10:03:48,980 - INFO - 🔄 Обрабатываем запись 783 (615/115208)
2025-07-16 10:03:49,442 - INFO - ✅ Эмбеддинг создан для записи 783
2025-07-16 10:03:49,643 - INFO - 🔄 Обрабатываем запись 784 (616/115208)
2025-07-16 10:03:50,048 - INFO - ✅ Эмбеддинг создан для записи 784
2025-07-16 10:03:50,249 - INFO - 🔄 Обрабатываем запись 785 (617/115208)
2025-07-16 10:03:50,635 - INFO - ✅ Эмбеддинг создан для записи 785
2025-07-16 10:03:50,835 - INFO - 🔄 Обрабатываем запись 786 (618/115208)
2025-07-16 10:03:51,228 - INFO - ✅ Эмбеддинг создан для записи 786
2025-07-16 10:03:51,428 - INFO - 🔄 Обрабатываем запись 787 (619/115208)
2025-07-16 10:03:51,754 - INFO - ✅ Эмбеддинг создан для записи 787
2025-07-16 10:03:51,955 - INFO - 🔄 Обрабатываем запись 788 (620/115208)
2025-07-16 10:03:52,359 - INFO - ✅ Эмбеддинг создан для записи 788
2025-07-16 10:03:52,559 - INFO - 🔄 Обрабатываем запись 789 (621/115208)
2025-07-16 10:03:52,960 - INFO - ✅ Эмбеддинг создан для записи 789
2025-07-16 10:03:53,160 - INFO - 🔄 Обрабатываем запись 790 (622/115208)
2025-07-16 10:03:53,535 - INFO - ✅ Эмбеддинг создан для записи 790
2025-07-16 10:03:53,736 - INFO - 🔄 Обрабатываем запись 791 (623/115208)
2025-07-16 10:03:54,133 - INFO - ✅ Эмбеддинг создан для записи 791
2025-07-16 10:03:54,334 - INFO - 🔄 Обрабатываем запись 792 (624/115208)
2025-07-16 10:03:54,657 - INFO - ✅ Эмбеддинг создан для записи 792
2025-07-16 10:03:54,857 - INFO - 🔄 Обрабатываем запись 793 (625/115208)
2025-07-16 10:03:55,240 - INFO - ✅ Эмбеддинг создан для записи 793
2025-07-16 10:03:55,441 - INFO - 🔄 Обрабатываем запись 794 (626/115208)
2025-07-16 10:03:55,814 - INFO - ✅ Эмбеддинг создан для записи 794
2025-07-16 10:03:56,015 - INFO - 🔄 Обрабатываем запись 795 (627/115208)
2025-07-16 10:03:56,449 - INFO - ✅ Эмбеддинг создан для записи 795
2025-07-16 10:03:56,653 - INFO - 🔄 Обрабатываем запись 796 (628/115208)
2025-07-16 10:03:57,100 - INFO - ✅ Эмбеддинг создан для записи 796
2025-07-16 10:03:57,301 - INFO - 🔄 Обрабатываем запись 797 (629/115208)
2025-07-16 10:03:57,633 - INFO - ✅ Эмбеддинг создан для записи 797
2025-07-16 10:03:57,834 - INFO - 🔄 Обрабатываем запись 798 (630/115208)
2025-07-16 10:03:58,529 - INFO - ✅ Эмбеддинг создан для записи 798
2025-07-16 10:03:58,732 - INFO - 🔄 Обрабатываем запись 799 (631/115208)
2025-07-16 10:03:59,155 - INFO - ✅ Эмбеддинг создан для записи 799
2025-07-16 10:03:59,355 - INFO - 🔄 Обрабатываем запись 800 (632/115208)
2025-07-16 10:03:59,779 - INFO - ✅ Эмбеддинг создан для записи 800
2025-07-16 10:03:59,979 - INFO - 🔄 Обрабатываем запись 801 (633/115208)
2025-07-16 10:04:00,360 - INFO - ✅ Эмбеддинг создан для записи 801
2025-07-16 10:04:00,561 - INFO - 🔄 Обрабатываем запись 802 (634/115208)
2025-07-16 10:04:00,993 - INFO - ✅ Эмбеддинг создан для записи 802
2025-07-16 10:04:01,194 - INFO - 🔄 Обрабатываем запись 803 (635/115208)
2025-07-16 10:04:01,631 - INFO - ✅ Эмбеддинг создан для записи 803
2025-07-16 10:04:01,832 - INFO - 🔄 Обрабатываем запись 804 (636/115208)
2025-07-16 10:04:02,320 - INFO - ✅ Эмбеддинг создан для записи 804
2025-07-16 10:04:02,524 - INFO - 🔄 Обрабатываем запись 805 (637/115208)
2025-07-16 10:04:03,028 - INFO - ✅ Эмбеддинг создан для записи 805
2025-07-16 10:04:03,231 - INFO - 🔄 Обрабатываем запись 806 (638/115208)
2025-07-16 10:04:03,703 - INFO - ✅ Эмбеддинг создан для записи 806
2025-07-16 10:04:03,904 - INFO - 🔄 Обрабатываем запись 807 (639/115208)
2025-07-16 10:04:04,315 - INFO - ✅ Эмбеддинг создан для записи 807
2025-07-16 10:04:04,516 - INFO - 🔄 Обрабатываем запись 808 (640/115208)
2025-07-16 10:04:04,914 - INFO - ✅ Эмбеддинг создан для записи 808
2025-07-16 10:04:05,115 - INFO - 🔄 Обрабатываем запись 809 (641/115208)
2025-07-16 10:04:05,533 - INFO - ✅ Эмбеддинг создан для записи 809
2025-07-16 10:04:05,734 - INFO - 🔄 Обрабатываем запись 810 (642/115208)
2025-07-16 10:04:06,128 - INFO - ✅ Эмбеддинг создан для записи 810
2025-07-16 10:04:06,329 - INFO - 🔄 Обрабатываем запись 811 (643/115208)
2025-07-16 10:04:06,727 - INFO - ✅ Эмбеддинг создан для записи 811
2025-07-16 10:04:06,928 - INFO - 🔄 Обрабатываем запись 812 (644/115208)
2025-07-16 10:04:07,387 - INFO - ✅ Эмбеддинг создан для записи 812
2025-07-16 10:04:07,594 - INFO - 🔄 Обрабатываем запись 813 (645/115208)
2025-07-16 10:04:08,039 - INFO - ✅ Эмбеддинг создан для записи 813
2025-07-16 10:04:08,240 - INFO - 🔄 Обрабатываем запись 814 (646/115208)
2025-07-16 10:04:08,643 - INFO - ✅ Эмбеддинг создан для записи 814
2025-07-16 10:04:08,844 - INFO - 🔄 Обрабатываем запись 815 (647/115208)
2025-07-16 10:04:09,262 - INFO - ✅ Эмбеддинг создан для записи 815
2025-07-16 10:04:09,463 - INFO - 🔄 Обрабатываем запись 816 (648/115208)
2025-07-16 10:04:09,868 - INFO - ✅ Эмбеддинг создан для записи 816
2025-07-16 10:04:10,069 - INFO - 🔄 Обрабатываем запись 817 (649/115208)
2025-07-16 10:04:10,489 - INFO - ✅ Эмбеддинг создан для записи 817
2025-07-16 10:04:10,690 - INFO - 🔄 Обрабатываем запись 818 (650/115208)
2025-07-16 10:04:11,073 - INFO - ✅ Эмбеддинг создан для записи 818
2025-07-16 10:04:11,274 - INFO - 🔄 Обрабатываем запись 819 (651/115208)
2025-07-16 10:04:11,658 - INFO - ✅ Эмбеддинг создан для записи 819
2025-07-16 10:04:11,859 - INFO - 🔄 Обрабатываем запись 820 (652/115208)
2025-07-16 10:04:12,370 - INFO - ✅ Эмбеддинг создан для записи 820
2025-07-16 10:04:12,571 - INFO - 🔄 Обрабатываем запись 821 (653/115208)
2025-07-16 10:04:13,077 - INFO - ✅ Эмбеддинг создан для записи 821
2025-07-16 10:04:13,277 - INFO - 🔄 Обрабатываем запись 822 (654/115208)
2025-07-16 10:04:13,783 - INFO - ✅ Эмбеддинг создан для записи 822
2025-07-16 10:04:13,985 - INFO - 🔄 Обрабатываем запись 823 (655/115208)
2025-07-16 10:04:14,445 - INFO - ✅ Эмбеддинг создан для записи 823
2025-07-16 10:14:49,027 - INFO - Загружено 2 API-ключей
2025-07-16 10:14:49,028 - INFO - Используется API-ключ #1
2025-07-16 10:14:49,028 - INFO - 🔄 Восстановление из backup файла...
2025-07-16 10:14:55,952 - INFO - ✅ Backup файл валиден, содержит 115377 записей
2025-07-16 10:15:01,650 - INFO - Поврежденный файл сохранен как .corrupted
2025-07-16 10:15:05,732 - INFO - ✅ Файл восстановлен из backup
2025-07-16 10:15:06,560 - INFO - 🚀 Начало процесса дозаписи эмбеддингов
2025-07-16 10:15:12,405 - INFO - 📊 Всего записей: 115377
2025-07-16 10:15:12,460 - INFO - 🔍 Найдено 114708 записей без эмбеддингов
2025-07-16 10:15:12,460 - INFO - 🔄 Обрабатываем запись 669 (1/114708)
2025-07-16 10:15:13,635 - INFO - ✅ Эмбеддинг создан для записи 669
2025-07-16 10:15:13,836 - INFO - 🔄 Обрабатываем запись 670 (2/114708)
2025-07-16 10:15:14,174 - INFO - ✅ Эмбеддинг создан для записи 670
2025-07-16 10:15:14,374 - INFO - 🔄 Обрабатываем запись 671 (3/114708)
2025-07-16 10:15:14,810 - INFO - ✅ Эмбеддинг создан для записи 671
2025-07-16 10:15:15,010 - INFO - 🔄 Обрабатываем запись 672 (4/114708)
2025-07-16 10:15:15,534 - INFO - ✅ Эмбеддинг создан для записи 672
2025-07-16 10:15:15,735 - INFO - 🔄 Обрабатываем запись 673 (5/114708)
2025-07-16 10:15:16,172 - INFO - ✅ Эмбеддинг создан для записи 673
2025-07-16 10:15:16,373 - INFO - 🔄 Обрабатываем запись 674 (6/114708)
2025-07-16 10:15:16,873 - INFO - ✅ Эмбеддинг создан для записи 674
2025-07-16 10:15:17,074 - INFO - 🔄 Обрабатываем запись 675 (7/114708)
2025-07-16 10:15:17,554 - INFO - ✅ Эмбеддинг создан для записи 675
2025-07-16 10:15:17,755 - INFO - 🔄 Обрабатываем запись 676 (8/114708)
2025-07-16 10:15:18,168 - INFO - ✅ Эмбеддинг создан для записи 676
2025-07-16 10:15:18,369 - INFO - 🔄 Обрабатываем запись 677 (9/114708)
2025-07-16 10:15:19,123 - INFO - ✅ Эмбеддинг создан для записи 677
2025-07-16 10:15:19,323 - INFO - 🔄 Обрабатываем запись 678 (10/114708)
2025-07-16 10:15:19,750 - INFO - ✅ Эмбеддинг создан для записи 678
2025-07-16 10:15:19,950 - INFO - 🔄 Обрабатываем запись 679 (11/114708)
2025-07-16 10:15:20,280 - INFO - ✅ Эмбеддинг создан для записи 679
2025-07-16 10:15:20,481 - INFO - 🔄 Обрабатываем запись 680 (12/114708)
2025-07-16 10:15:20,931 - INFO - ✅ Эмбеддинг создан для записи 680
2025-07-16 10:15:21,131 - INFO - 🔄 Обрабатываем запись 681 (13/114708)
2025-07-16 10:15:21,536 - INFO - ✅ Эмбеддинг создан для записи 681
2025-07-16 10:15:21,737 - INFO - 🔄 Обрабатываем запись 682 (14/114708)
2025-07-16 10:15:22,168 - INFO - ✅ Эмбеддинг создан для записи 682
2025-07-16 10:15:22,369 - INFO - 🔄 Обрабатываем запись 683 (15/114708)
2025-07-16 10:15:22,797 - INFO - ✅ Эмбеддинг создан для записи 683
2025-07-16 10:15:22,997 - INFO - 🔄 Обрабатываем запись 684 (16/114708)
2025-07-16 10:15:23,484 - INFO - ✅ Эмбеддинг создан для записи 684
2025-07-16 10:15:23,685 - INFO - 🔄 Обрабатываем запись 685 (17/114708)
2025-07-16 10:15:24,091 - INFO - ✅ Эмбеддинг создан для записи 685
2025-07-16 10:15:24,292 - INFO - 🔄 Обрабатываем запись 686 (18/114708)
2025-07-16 10:15:24,858 - INFO - ✅ Эмбеддинг создан для записи 686
2025-07-16 10:15:25,059 - INFO - 🔄 Обрабатываем запись 687 (19/114708)
2025-07-16 10:15:25,507 - INFO - ✅ Эмбеддинг создан для записи 687
2025-07-16 10:15:25,708 - INFO - 🔄 Обрабатываем запись 688 (20/114708)
2025-07-16 10:15:26,125 - INFO - ✅ Эмбеддинг создан для записи 688
2025-07-16 10:15:26,326 - INFO - 🔄 Обрабатываем запись 689 (21/114708)
2025-07-16 10:15:26,758 - INFO - ✅ Эмбеддинг создан для записи 689
2025-07-16 10:15:26,959 - INFO - 🔄 Обрабатываем запись 690 (22/114708)
2025-07-16 10:15:27,478 - INFO - ✅ Эмбеддинг создан для записи 690
2025-07-16 10:15:27,679 - INFO - 🔄 Обрабатываем запись 691 (23/114708)
2025-07-16 10:15:28,107 - INFO - ✅ Эмбеддинг создан для записи 691
2025-07-16 10:15:28,307 - INFO - 🔄 Обрабатываем запись 692 (24/114708)
2025-07-16 10:15:28,914 - INFO - ✅ Эмбеддинг создан для записи 692
2025-07-16 10:15:29,115 - INFO - 🔄 Обрабатываем запись 693 (25/114708)
2025-07-16 10:15:29,633 - INFO - ✅ Эмбеддинг создан для записи 693
2025-07-16 10:15:29,834 - INFO - 🔄 Обрабатываем запись 694 (26/114708)
2025-07-16 10:15:30,449 - INFO - ✅ Эмбеддинг создан для записи 694
2025-07-16 10:15:30,649 - INFO - 🔄 Обрабатываем запись 695 (27/114708)
2025-07-16 10:15:31,168 - INFO - ✅ Эмбеддинг создан для записи 695
2025-07-16 10:15:31,369 - INFO - 🔄 Обрабатываем запись 696 (28/114708)
2025-07-16 10:15:31,851 - INFO - ✅ Эмбеддинг создан для записи 696
2025-07-16 10:15:32,052 - INFO - 🔄 Обрабатываем запись 697 (29/114708)
2025-07-16 10:15:32,575 - INFO - ✅ Эмбеддинг создан для записи 697
2025-07-16 10:15:32,775 - INFO - 🔄 Обрабатываем запись 698 (30/114708)
2025-07-16 10:15:33,147 - INFO - ✅ Эмбеддинг создан для записи 698
2025-07-16 10:15:33,348 - INFO - 🔄 Обрабатываем запись 699 (31/114708)
2025-07-16 10:15:33,804 - INFO - ✅ Эмбеддинг создан для записи 699
2025-07-16 10:15:34,005 - INFO - 🔄 Обрабатываем запись 700 (32/114708)
2025-07-16 10:15:34,820 - INFO - ✅ Эмбеддинг создан для записи 700
2025-07-16 10:15:35,021 - INFO - 🔄 Обрабатываем запись 701 (33/114708)
2025-07-16 10:15:35,488 - INFO - ✅ Эмбеддинг создан для записи 701
2025-07-16 10:15:35,689 - INFO - 🔄 Обрабатываем запись 702 (34/114708)
2025-07-16 10:15:36,116 - INFO - ✅ Эмбеддинг создан для записи 702
2025-07-16 10:15:36,317 - INFO - 🔄 Обрабатываем запись 703 (35/114708)
2025-07-16 10:15:36,840 - INFO - ✅ Эмбеддинг создан для записи 703
2025-07-16 10:15:37,040 - INFO - 🔄 Обрабатываем запись 704 (36/114708)
2025-07-16 10:15:37,584 - INFO - ✅ Эмбеддинг создан для записи 704
2025-07-16 10:15:37,785 - INFO - 🔄 Обрабатываем запись 705 (37/114708)
2025-07-16 10:15:38,228 - INFO - ✅ Эмбеддинг создан для записи 705
2025-07-16 10:15:38,429 - INFO - 🔄 Обрабатываем запись 706 (38/114708)
2025-07-16 10:15:38,819 - INFO - ✅ Эмбеддинг создан для записи 706
2025-07-16 10:15:39,020 - INFO - 🔄 Обрабатываем запись 707 (39/114708)
2025-07-16 10:15:39,358 - INFO - ✅ Эмбеддинг создан для записи 707
2025-07-16 10:15:39,559 - INFO - 🔄 Обрабатываем запись 708 (40/114708)
2025-07-16 10:15:40,016 - INFO - ✅ Эмбеддинг создан для записи 708
2025-07-16 10:15:40,217 - INFO - 🔄 Обрабатываем запись 709 (41/114708)
2025-07-16 10:15:40,888 - INFO - ✅ Эмбеддинг создан для записи 709
2025-07-16 10:15:41,088 - INFO - 🔄 Обрабатываем запись 710 (42/114708)
2025-07-16 10:15:41,575 - INFO - ✅ Эмбеддинг создан для записи 710
2025-07-16 10:15:41,775 - INFO - 🔄 Обрабатываем запись 711 (43/114708)
2025-07-16 10:15:42,326 - INFO - ✅ Эмбеддинг создан для записи 711
2025-07-16 10:15:42,527 - INFO - 🔄 Обрабатываем запись 712 (44/114708)
2025-07-16 10:15:43,158 - INFO - ✅ Эмбеддинг создан для записи 712
2025-07-16 10:15:43,359 - INFO - 🔄 Обрабатываем запись 713 (45/114708)
2025-07-16 10:15:43,815 - INFO - ✅ Эмбеддинг создан для записи 713
2025-07-16 10:15:44,018 - INFO - 🔄 Обрабатываем запись 714 (46/114708)
2025-07-16 10:15:44,449 - INFO - ✅ Эмбеддинг создан для записи 714
2025-07-16 10:15:44,650 - INFO - 🔄 Обрабатываем запись 715 (47/114708)
2025-07-16 10:15:45,169 - INFO - ✅ Эмбеддинг создан для записи 715
2025-07-16 10:15:45,370 - INFO - 🔄 Обрабатываем запись 716 (48/114708)
2025-07-16 10:15:45,749 - INFO - ✅ Эмбеддинг создан для записи 716
2025-07-16 10:15:45,949 - INFO - 🔄 Обрабатываем запись 717 (49/114708)
2025-07-16 10:15:46,380 - INFO - ✅ Эмбеддинг создан для записи 717
2025-07-16 10:15:46,580 - INFO - 🔄 Обрабатываем запись 718 (50/114708)
2025-07-16 10:15:47,110 - INFO - ✅ Эмбеддинг создан для записи 718
2025-07-16 10:15:47,310 - INFO - 🔄 Обрабатываем запись 719 (51/114708)
2025-07-16 10:15:47,757 - INFO - ✅ Эмбеддинг создан для записи 719
2025-07-16 10:15:47,958 - INFO - 🔄 Обрабатываем запись 720 (52/114708)
2025-07-16 10:15:48,359 - INFO - ✅ Эмбеддинг создан для записи 720
2025-07-16 10:15:48,560 - INFO - 🔄 Обрабатываем запись 721 (53/114708)
2025-07-16 10:15:48,985 - INFO - ✅ Эмбеддинг создан для записи 721
2025-07-16 10:15:49,185 - INFO - 🔄 Обрабатываем запись 722 (54/114708)
2025-07-16 10:15:49,626 - INFO - ✅ Эмбеддинг создан для записи 722
2025-07-16 10:15:49,827 - INFO - 🔄 Обрабатываем запись 723 (55/114708)
2025-07-16 10:15:50,247 - INFO - ✅ Эмбеддинг создан для записи 723
2025-07-16 10:15:50,447 - INFO - 🔄 Обрабатываем запись 724 (56/114708)
2025-07-16 10:15:50,890 - INFO - ✅ Эмбеддинг создан для записи 724
2025-07-16 10:15:51,090 - INFO - 🔄 Обрабатываем запись 725 (57/114708)
2025-07-16 10:15:51,509 - INFO - ✅ Эмбеддинг создан для записи 725
2025-07-16 10:15:51,714 - INFO - 🔄 Обрабатываем запись 726 (58/114708)
2025-07-16 10:15:52,230 - INFO - ✅ Эмбеддинг создан для записи 726
2025-07-16 10:15:52,431 - INFO - 🔄 Обрабатываем запись 727 (59/114708)
2025-07-16 10:15:52,892 - INFO - ✅ Эмбеддинг создан для записи 727
2025-07-16 10:15:53,093 - INFO - 🔄 Обрабатываем запись 728 (60/114708)
2025-07-16 10:15:53,537 - INFO - ✅ Эмбеддинг создан для записи 728
2025-07-16 10:15:53,739 - INFO - 🔄 Обрабатываем запись 729 (61/114708)
2025-07-16 10:15:54,318 - INFO - ✅ Эмбеддинг создан для записи 729
2025-07-16 10:15:54,520 - INFO - 🔄 Обрабатываем запись 730 (62/114708)
2025-07-16 10:15:55,008 - INFO - ✅ Эмбеддинг создан для записи 730
2025-07-16 10:15:55,210 - INFO - 🔄 Обрабатываем запись 731 (63/114708)
2025-07-16 10:15:55,709 - INFO - ✅ Эмбеддинг создан для записи 731
2025-07-16 10:15:55,912 - INFO - 🔄 Обрабатываем запись 732 (64/114708)
2025-07-16 10:15:56,449 - INFO - ✅ Эмбеддинг создан для записи 732
2025-07-16 10:15:56,650 - INFO - 🔄 Обрабатываем запись 733 (65/114708)
2025-07-16 10:15:57,098 - INFO - ✅ Эмбеддинг создан для записи 733
2025-07-16 10:15:57,298 - INFO - 🔄 Обрабатываем запись 734 (66/114708)
2025-07-16 10:15:57,734 - INFO - ✅ Эмбеддинг создан для записи 734
2025-07-16 10:15:57,935 - INFO - 🔄 Обрабатываем запись 735 (67/114708)
2025-07-16 10:15:58,689 - INFO - ✅ Эмбеддинг создан для записи 735
2025-07-16 10:15:58,893 - INFO - 🔄 Обрабатываем запись 736 (68/114708)
2025-07-16 10:15:59,295 - INFO - ✅ Эмбеддинг создан для записи 736
2025-07-16 10:15:59,495 - INFO - 🔄 Обрабатываем запись 737 (69/114708)
2025-07-16 10:15:59,931 - INFO - ✅ Эмбеддинг создан для записи 737
2025-07-16 10:16:00,132 - INFO - 🔄 Обрабатываем запись 738 (70/114708)
2025-07-16 10:16:00,624 - INFO - ✅ Эмбеддинг создан для записи 738
2025-07-16 10:16:00,825 - INFO - 🔄 Обрабатываем запись 739 (71/114708)
2025-07-16 10:16:01,180 - INFO - ✅ Эмбеддинг создан для записи 739
2025-07-16 10:16:01,381 - INFO - 🔄 Обрабатываем запись 740 (72/114708)
2025-07-16 10:16:01,822 - INFO - ✅ Эмбеддинг создан для записи 740
2025-07-16 10:16:02,023 - INFO - 🔄 Обрабатываем запись 741 (73/114708)
2025-07-16 10:16:02,620 - INFO - ✅ Эмбеддинг создан для записи 741
2025-07-16 10:16:02,821 - INFO - 🔄 Обрабатываем запись 742 (74/114708)
2025-07-16 10:16:03,322 - INFO - ✅ Эмбеддинг создан для записи 742
2025-07-16 10:16:03,528 - INFO - 🔄 Обрабатываем запись 743 (75/114708)
2025-07-16 10:16:03,891 - INFO - ✅ Эмбеддинг создан для записи 743
2025-07-16 10:16:04,092 - INFO - 🔄 Обрабатываем запись 744 (76/114708)
2025-07-16 10:16:04,445 - INFO - ✅ Эмбеддинг создан для записи 744
2025-07-16 10:16:04,646 - INFO - 🔄 Обрабатываем запись 745 (77/114708)
2025-07-16 10:16:05,042 - INFO - ✅ Эмбеддинг создан для записи 745
2025-07-16 10:16:05,244 - INFO - 🔄 Обрабатываем запись 746 (78/114708)
2025-07-16 10:16:05,677 - INFO - ✅ Эмбеддинг создан для записи 746
2025-07-16 10:16:05,878 - INFO - 🔄 Обрабатываем запись 747 (79/114708)
2025-07-16 10:16:06,305 - INFO - ✅ Эмбеддинг создан для записи 747
2025-07-16 10:16:06,505 - INFO - 🔄 Обрабатываем запись 748 (80/114708)
2025-07-16 10:16:06,924 - INFO - ✅ Эмбеддинг создан для записи 748
2025-07-16 10:16:07,124 - INFO - 🔄 Обрабатываем запись 749 (81/114708)
2025-07-16 10:16:07,566 - INFO - ✅ Эмбеддинг создан для записи 749
2025-07-16 10:16:07,766 - INFO - 🔄 Обрабатываем запись 750 (82/114708)
2025-07-16 10:16:08,184 - INFO - ✅ Эмбеддинг создан для записи 750
2025-07-16 10:16:08,385 - INFO - 🔄 Обрабатываем запись 751 (83/114708)
2025-07-16 10:16:08,840 - INFO - ✅ Эмбеддинг создан для записи 751
2025-07-16 10:16:09,042 - INFO - 🔄 Обрабатываем запись 752 (84/114708)
2025-07-16 10:16:09,488 - INFO - ✅ Эмбеддинг создан для записи 752
2025-07-16 10:16:09,689 - INFO - 🔄 Обрабатываем запись 753 (85/114708)
2025-07-16 10:16:10,357 - INFO - ✅ Эмбеддинг создан для записи 753
2025-07-16 10:16:10,558 - INFO - 🔄 Обрабатываем запись 754 (86/114708)
2025-07-16 10:16:10,998 - INFO - ✅ Эмбеддинг создан для записи 754
2025-07-16 10:16:11,198 - INFO - 🔄 Обрабатываем запись 755 (87/114708)
2025-07-16 10:16:11,642 - INFO - ✅ Эмбеддинг создан для записи 755
2025-07-16 10:16:11,844 - INFO - 🔄 Обрабатываем запись 756 (88/114708)
2025-07-16 10:16:12,319 - INFO - ✅ Эмбеддинг создан для записи 756
2025-07-16 10:16:12,520 - INFO - 🔄 Обрабатываем запись 757 (89/114708)
2025-07-16 10:16:12,953 - INFO - ✅ Эмбеддинг создан для записи 757
2025-07-16 10:16:13,154 - INFO - 🔄 Обрабатываем запись 758 (90/114708)
2025-07-16 10:16:13,640 - INFO - ✅ Эмбеддинг создан для записи 758
2025-07-16 10:16:13,841 - INFO - 🔄 Обрабатываем запись 759 (91/114708)
2025-07-16 10:16:14,278 - INFO - ✅ Эмбеддинг создан для записи 759
2025-07-16 10:16:14,478 - INFO - 🔄 Обрабатываем запись 760 (92/114708)
2025-07-16 10:16:14,927 - INFO - ✅ Эмбеддинг создан для записи 760
2025-07-16 10:16:15,128 - INFO - 🔄 Обрабатываем запись 761 (93/114708)
2025-07-16 10:16:15,536 - INFO - ✅ Эмбеддинг создан для записи 761
2025-07-16 10:16:15,737 - INFO - 🔄 Обрабатываем запись 762 (94/114708)
2025-07-16 10:16:16,193 - INFO - ✅ Эмбеддинг создан для записи 762
2025-07-16 10:16:16,393 - INFO - 🔄 Обрабатываем запись 763 (95/114708)
2025-07-16 10:16:16,902 - INFO - ✅ Эмбеддинг создан для записи 763
2025-07-16 10:16:17,103 - INFO - 🔄 Обрабатываем запись 764 (96/114708)
2025-07-16 10:16:17,521 - INFO - ✅ Эмбеддинг создан для записи 764
2025-07-16 10:16:17,722 - INFO - 🔄 Обрабатываем запись 765 (97/114708)
2025-07-16 10:16:18,196 - INFO - ✅ Эмбеддинг создан для записи 765
2025-07-16 10:16:18,396 - INFO - 🔄 Обрабатываем запись 766 (98/114708)
2025-07-16 10:16:18,872 - INFO - ✅ Эмбеддинг создан для записи 766
2025-07-16 10:16:19,073 - INFO - 🔄 Обрабатываем запись 767 (99/114708)
2025-07-16 10:16:19,506 - INFO - ✅ Эмбеддинг создан для записи 767
2025-07-16 10:16:19,706 - INFO - 🔄 Обрабатываем запись 768 (100/114708)
2025-07-16 10:16:20,183 - INFO - ✅ Эмбеддинг создан для записи 768
2025-07-16 10:16:39,204 - INFO - 💾 Данные безопасно сохранены
2025-07-16 10:16:39,204 - INFO - 💾 Сохранено после 100 записей
2025-07-16 10:16:39,404 - INFO - 🔄 Обрабатываем запись 769 (101/114708)
2025-07-16 10:16:39,874 - INFO - ✅ Эмбеддинг создан для записи 769
2025-07-16 10:16:40,074 - INFO - 🔄 Обрабатываем запись 770 (102/114708)
2025-07-16 10:16:40,574 - INFO - ✅ Эмбеддинг создан для записи 770
2025-07-16 10:16:40,775 - INFO - 🔄 Обрабатываем запись 771 (103/114708)
2025-07-16 10:16:41,289 - INFO - ✅ Эмбеддинг создан для записи 771
2025-07-16 10:16:41,490 - INFO - 🔄 Обрабатываем запись 772 (104/114708)
2025-07-16 10:16:41,912 - INFO - ✅ Эмбеддинг создан для записи 772
2025-07-16 10:16:42,112 - INFO - 🔄 Обрабатываем запись 773 (105/114708)
2025-07-16 10:16:42,546 - INFO - ✅ Эмбеддинг создан для записи 773
2025-07-16 10:16:42,746 - INFO - 🔄 Обрабатываем запись 774 (106/114708)
2025-07-16 10:16:43,184 - INFO - ✅ Эмбеддинг создан для записи 774
2025-07-16 10:16:43,385 - INFO - 🔄 Обрабатываем запись 775 (107/114708)
2025-07-16 10:16:43,840 - INFO - ✅ Эмбеддинг создан для записи 775
2025-07-16 10:16:44,040 - INFO - 🔄 Обрабатываем запись 776 (108/114708)
2025-07-16 10:16:44,457 - INFO - ✅ Эмбеддинг создан для записи 776
2025-07-16 10:16:44,658 - INFO - 🔄 Обрабатываем запись 777 (109/114708)
2025-07-16 10:16:45,069 - INFO - ✅ Эмбеддинг создан для записи 777
2025-07-16 10:16:45,270 - INFO - 🔄 Обрабатываем запись 778 (110/114708)
2025-07-16 10:16:45,801 - INFO - ✅ Эмбеддинг создан для записи 778
2025-07-16 10:16:46,002 - INFO - 🔄 Обрабатываем запись 779 (111/114708)
2025-07-16 10:16:46,336 - INFO - ✅ Эмбеддинг создан для записи 779
2025-07-16 10:16:46,537 - INFO - 🔄 Обрабатываем запись 780 (112/114708)
2025-07-16 10:16:47,219 - INFO - ✅ Эмбеддинг создан для записи 780
2025-07-16 10:16:47,420 - INFO - 🔄 Обрабатываем запись 781 (113/114708)
2025-07-16 10:16:47,938 - INFO - ✅ Эмбеддинг создан для записи 781
2025-07-16 10:16:48,139 - INFO - 🔄 Обрабатываем запись 782 (114/114708)
2025-07-16 10:16:48,570 - INFO - ✅ Эмбеддинг создан для записи 782
2025-07-16 10:16:48,771 - INFO - 🔄 Обрабатываем запись 783 (115/114708)
2025-07-16 10:16:49,197 - INFO - ✅ Эмбеддинг создан для записи 783
2025-07-16 10:16:49,397 - INFO - 🔄 Обрабатываем запись 784 (116/114708)
2025-07-16 10:16:49,879 - INFO - ✅ Эмбеддинг создан для записи 784
2025-07-16 10:16:50,079 - INFO - 🔄 Обрабатываем запись 785 (117/114708)
2025-07-16 10:16:50,498 - INFO - ✅ Эмбеддинг создан для записи 785
2025-07-16 10:16:50,698 - INFO - 🔄 Обрабатываем запись 786 (118/114708)
2025-07-16 10:16:51,127 - INFO - ✅ Эмбеддинг создан для записи 786
2025-07-16 10:16:51,328 - INFO - 🔄 Обрабатываем запись 787 (119/114708)
2025-07-16 10:16:51,664 - INFO - ✅ Эмбеддинг создан для записи 787
2025-07-16 10:16:51,865 - INFO - 🔄 Обрабатываем запись 788 (120/114708)
2025-07-16 10:16:52,283 - INFO - ✅ Эмбеддинг создан для записи 788
2025-07-16 10:16:52,483 - INFO - 🔄 Обрабатываем запись 789 (121/114708)
2025-07-16 10:16:52,976 - INFO - ✅ Эмбеддинг создан для записи 789
2025-07-16 10:16:53,177 - INFO - 🔄 Обрабатываем запись 790 (122/114708)
2025-07-16 10:16:53,980 - INFO - ✅ Эмбеддинг создан для записи 790
2025-07-16 10:16:54,180 - INFO - 🔄 Обрабатываем запись 791 (123/114708)
2025-07-16 10:16:54,602 - INFO - ✅ Эмбеддинг создан для записи 791
2025-07-16 10:16:54,802 - INFO - 🔄 Обрабатываем запись 792 (124/114708)
2025-07-16 10:16:55,138 - INFO - ✅ Эмбеддинг создан для записи 792
2025-07-16 10:16:55,338 - INFO - 🔄 Обрабатываем запись 793 (125/114708)
2025-07-16 10:16:55,820 - INFO - ✅ Эмбеддинг создан для записи 793
2025-07-16 10:16:56,020 - INFO - 🔄 Обрабатываем запись 794 (126/114708)
2025-07-16 10:16:56,491 - INFO - ✅ Эмбеддинг создан для записи 794
2025-07-16 10:16:56,692 - INFO - 🔄 Обрабатываем запись 795 (127/114708)
2025-07-16 10:16:57,116 - INFO - ✅ Эмбеддинг создан для записи 795
2025-07-16 10:16:57,316 - INFO - 🔄 Обрабатываем запись 796 (128/114708)
2025-07-16 10:16:57,748 - INFO - ✅ Эмбеддинг создан для записи 796
2025-07-16 10:16:57,949 - INFO - 🔄 Обрабатываем запись 797 (129/114708)
2025-07-16 10:16:58,390 - INFO - ✅ Эмбеддинг создан для записи 797
2025-07-16 10:16:58,591 - INFO - 🔄 Обрабатываем запись 798 (130/114708)
2025-07-16 10:16:58,941 - INFO - ✅ Эмбеддинг создан для записи 798
2025-07-16 10:16:59,141 - INFO - 🔄 Обрабатываем запись 799 (131/114708)
2025-07-16 10:16:59,669 - INFO - ✅ Эмбеддинг создан для записи 799
2025-07-16 10:16:59,869 - INFO - 🔄 Обрабатываем запись 800 (132/114708)
2025-07-16 10:17:00,377 - INFO - ✅ Эмбеддинг создан для записи 800
2025-07-16 10:17:00,577 - INFO - 🔄 Обрабатываем запись 801 (133/114708)
2025-07-16 10:17:00,992 - INFO - ✅ Эмбеддинг создан для записи 801
2025-07-16 10:17:01,193 - INFO - 🔄 Обрабатываем запись 802 (134/114708)
2025-07-16 10:17:01,662 - INFO - ✅ Эмбеддинг создан для записи 802
2025-07-16 10:17:01,864 - INFO - 🔄 Обрабатываем запись 803 (135/114708)
2025-07-16 10:17:02,289 - INFO - ✅ Эмбеддинг создан для записи 803
2025-07-16 10:17:02,489 - INFO - 🔄 Обрабатываем запись 804 (136/114708)
2025-07-16 10:17:02,905 - INFO - ✅ Эмбеддинг создан для записи 804
2025-07-16 10:17:03,105 - INFO - 🔄 Обрабатываем запись 805 (137/114708)
2025-07-16 10:17:03,608 - INFO - ✅ Эмбеддинг создан для записи 805
2025-07-16 10:17:03,809 - INFO - 🔄 Обрабатываем запись 806 (138/114708)
2025-07-16 10:17:04,294 - INFO - ✅ Эмбеддинг создан для записи 806
2025-07-16 10:17:04,494 - INFO - 🔄 Обрабатываем запись 807 (139/114708)
2025-07-16 10:17:05,254 - INFO - ✅ Эмбеддинг создан для записи 807
2025-07-16 10:17:05,454 - INFO - 🔄 Обрабатываем запись 808 (140/114708)
2025-07-16 10:17:05,962 - INFO - ✅ Эмбеддинг создан для записи 808
2025-07-16 10:17:06,164 - INFO - 🔄 Обрабатываем запись 809 (141/114708)
2025-07-16 10:17:06,763 - INFO - ✅ Эмбеддинг создан для записи 809
2025-07-16 10:17:06,963 - INFO - 🔄 Обрабатываем запись 810 (142/114708)
2025-07-16 10:17:07,388 - INFO - ✅ Эмбеддинг создан для записи 810
2025-07-16 10:17:07,588 - INFO - 🔄 Обрабатываем запись 811 (143/114708)
2025-07-16 10:17:08,111 - INFO - ✅ Эмбеддинг создан для записи 811
2025-07-16 10:17:08,312 - INFO - 🔄 Обрабатываем запись 812 (144/114708)
2025-07-16 10:17:08,731 - INFO - ✅ Эмбеддинг создан для записи 812
2025-07-16 10:17:08,932 - INFO - 🔄 Обрабатываем запись 813 (145/114708)
2025-07-16 10:17:09,358 - INFO - ✅ Эмбеддинг создан для записи 813
2025-07-16 10:17:09,559 - INFO - 🔄 Обрабатываем запись 814 (146/114708)
2025-07-16 10:17:09,991 - INFO - ✅ Эмбеддинг создан для записи 814
2025-07-16 10:17:10,191 - INFO - 🔄 Обрабатываем запись 815 (147/114708)
2025-07-16 10:17:10,664 - INFO - ✅ Эмбеддинг создан для записи 815
2025-07-16 10:17:10,865 - INFO - 🔄 Обрабатываем запись 816 (148/114708)
2025-07-16 10:17:11,269 - INFO - ✅ Эмбеддинг создан для записи 816
2025-07-16 10:17:11,469 - INFO - 🔄 Обрабатываем запись 817 (149/114708)
2025-07-16 10:17:11,896 - INFO - ✅ Эмбеддинг создан для записи 817
2025-07-16 10:17:12,097 - INFO - 🔄 Обрабатываем запись 818 (150/114708)
2025-07-16 10:17:12,543 - INFO - ✅ Эмбеддинг создан для записи 818
2025-07-16 10:17:12,743 - INFO - 🔄 Обрабатываем запись 819 (151/114708)
2025-07-16 10:17:13,238 - INFO - ✅ Эмбеддинг создан для записи 819
2025-07-16 10:17:13,440 - INFO - 🔄 Обрабатываем запись 820 (152/114708)
2025-07-16 10:17:13,902 - INFO - ✅ Эмбеддинг создан для записи 820
2025-07-16 10:17:14,102 - INFO - 🔄 Обрабатываем запись 821 (153/114708)
2025-07-16 10:17:14,790 - INFO - ✅ Эмбеддинг создан для записи 821
2025-07-16 10:17:14,990 - INFO - 🔄 Обрабатываем запись 822 (154/114708)
2025-07-16 10:17:15,434 - INFO - ✅ Эмбеддинг создан для записи 822
2025-07-16 10:17:15,635 - INFO - 🔄 Обрабатываем запись 823 (155/114708)
2025-07-16 10:17:16,121 - INFO - ✅ Эмбеддинг создан для записи 823
2025-07-16 10:17:16,321 - INFO - 🔄 Обрабатываем запись 824 (156/114708)
2025-07-16 10:17:16,742 - INFO - ✅ Эмбеддинг создан для записи 824
2025-07-16 10:17:16,943 - INFO - 🔄 Обрабатываем запись 825 (157/114708)
2025-07-16 10:17:17,371 - INFO - ✅ Эмбеддинг создан для записи 825
2025-07-16 10:17:17,572 - INFO - 🔄 Обрабатываем запись 826 (158/114708)
2025-07-16 10:17:18,047 - INFO - ✅ Эмбеддинг создан для записи 826
2025-07-16 10:17:18,247 - INFO - 🔄 Обрабатываем запись 827 (159/114708)
2025-07-16 10:17:18,780 - INFO - ✅ Эмбеддинг создан для записи 827
2025-07-16 10:17:18,981 - INFO - 🔄 Обрабатываем запись 828 (160/114708)
2025-07-16 10:17:19,447 - INFO - ✅ Эмбеддинг создан для записи 828
2025-07-16 10:17:19,648 - INFO - 🔄 Обрабатываем запись 829 (161/114708)
2025-07-16 10:17:20,074 - INFO - ✅ Эмбеддинг создан для записи 829
2025-07-16 10:17:20,275 - INFO - 🔄 Обрабатываем запись 830 (162/114708)
2025-07-16 10:17:20,701 - INFO - ✅ Эмбеддинг создан для записи 830
2025-07-16 10:17:20,902 - INFO - 🔄 Обрабатываем запись 831 (163/114708)
2025-07-16 10:17:21,334 - INFO - ✅ Эмбеддинг создан для записи 831
2025-07-16 10:17:21,535 - INFO - 🔄 Обрабатываем запись 832 (164/114708)
2025-07-16 10:17:21,961 - INFO - ✅ Эмбеддинг создан для записи 832
2025-07-16 10:17:22,161 - INFO - 🔄 Обрабатываем запись 833 (165/114708)
2025-07-16 10:17:22,695 - INFO - ✅ Эмбеддинг создан для записи 833
2025-07-16 10:17:22,895 - INFO - 🔄 Обрабатываем запись 834 (166/114708)
2025-07-16 10:17:23,310 - INFO - ✅ Эмбеддинг создан для записи 834
2025-07-16 10:17:23,511 - INFO - 🔄 Обрабатываем запись 835 (167/114708)
2025-07-16 10:17:23,941 - INFO - ✅ Эмбеддинг создан для записи 835
2025-07-16 10:17:24,141 - INFO - 🔄 Обрабатываем запись 836 (168/114708)
2025-07-16 10:17:24,583 - INFO - ✅ Эмбеддинг создан для записи 836
2025-07-16 10:17:24,784 - INFO - 🔄 Обрабатываем запись 837 (169/114708)
2025-07-16 10:17:25,220 - INFO - ✅ Эмбеддинг создан для записи 837
2025-07-16 10:17:25,421 - INFO - 🔄 Обрабатываем запись 838 (170/114708)
2025-07-16 10:17:25,842 - INFO - ✅ Эмбеддинг создан для записи 838
2025-07-16 10:17:26,043 - INFO - 🔄 Обрабатываем запись 839 (171/114708)
2025-07-16 10:17:26,450 - INFO - ✅ Эмбеддинг создан для записи 839
2025-07-16 10:17:26,651 - INFO - 🔄 Обрабатываем запись 840 (172/114708)
2025-07-16 10:17:27,046 - INFO - ✅ Эмбеддинг создан для записи 840
2025-07-16 10:17:27,247 - INFO - 🔄 Обрабатываем запись 841 (173/114708)
2025-07-16 10:17:28,088 - INFO - ✅ Эмбеддинг создан для записи 841
2025-07-16 10:17:28,289 - INFO - 🔄 Обрабатываем запись 842 (174/114708)
2025-07-16 10:17:28,819 - INFO - ✅ Эмбеддинг создан для записи 842
2025-07-16 10:17:29,020 - INFO - 🔄 Обрабатываем запись 843 (175/114708)
2025-07-16 10:17:29,899 - INFO - ✅ Эмбеддинг создан для записи 843
2025-07-16 10:17:30,099 - INFO - 🔄 Обрабатываем запись 844 (176/114708)
2025-07-16 10:17:30,689 - INFO - ✅ Эмбеддинг создан для записи 844
2025-07-16 10:17:30,890 - INFO - 🔄 Обрабатываем запись 845 (177/114708)
2025-07-16 10:17:31,542 - INFO - ✅ Эмбеддинг создан для записи 845
2025-07-16 10:17:31,743 - INFO - 🔄 Обрабатываем запись 846 (178/114708)
2025-07-16 10:17:32,497 - INFO - ✅ Эмбеддинг создан для записи 846
2025-07-16 10:17:32,698 - INFO - 🔄 Обрабатываем запись 847 (179/114708)
2025-07-16 10:17:33,303 - INFO - ✅ Эмбеддинг создан для записи 847
2025-07-16 10:17:33,504 - INFO - 🔄 Обрабатываем запись 848 (180/114708)
2025-07-16 10:17:34,200 - INFO - ✅ Эмбеддинг создан для записи 848
2025-07-16 10:17:34,401 - INFO - 🔄 Обрабатываем запись 849 (181/114708)
2025-07-16 10:17:34,960 - INFO - ✅ Эмбеддинг создан для записи 849
2025-07-16 10:17:35,161 - INFO - 🔄 Обрабатываем запись 850 (182/114708)
2025-07-16 10:17:35,786 - INFO - ✅ Эмбеддинг создан для записи 850
2025-07-16 10:17:35,987 - INFO - 🔄 Обрабатываем запись 851 (183/114708)
2025-07-16 10:17:36,736 - INFO - ✅ Эмбеддинг создан для записи 851
2025-07-16 10:17:36,937 - INFO - 🔄 Обрабатываем запись 852 (184/114708)
2025-07-16 10:17:37,566 - INFO - ✅ Эмбеддинг создан для записи 852
2025-07-16 10:17:37,766 - INFO - 🔄 Обрабатываем запись 853 (185/114708)
2025-07-16 10:17:38,319 - INFO - ✅ Эмбеддинг создан для записи 853
2025-07-16 10:17:38,520 - INFO - 🔄 Обрабатываем запись 854 (186/114708)
2025-07-16 10:17:39,067 - INFO - ✅ Эмбеддинг создан для записи 854
2025-07-16 10:17:39,267 - INFO - 🔄 Обрабатываем запись 855 (187/114708)
2025-07-16 10:17:39,846 - INFO - ✅ Эмбеддинг создан для записи 855
2025-07-16 10:17:40,047 - INFO - 🔄 Обрабатываем запись 856 (188/114708)
2025-07-16 10:17:40,605 - INFO - ✅ Эмбеддинг создан для записи 856
2025-07-16 10:17:40,806 - INFO - 🔄 Обрабатываем запись 857 (189/114708)
2025-07-16 10:17:41,404 - INFO - ✅ Эмбеддинг создан для записи 857
2025-07-16 10:17:41,606 - INFO - 🔄 Обрабатываем запись 858 (190/114708)
2025-07-16 10:17:42,166 - INFO - ✅ Эмбеддинг создан для записи 858
2025-07-16 10:17:42,367 - INFO - 🔄 Обрабатываем запись 859 (191/114708)
2025-07-16 10:17:42,929 - INFO - ✅ Эмбеддинг создан для записи 859
2025-07-16 10:17:43,129 - INFO - 🔄 Обрабатываем запись 860 (192/114708)
2025-07-16 10:17:43,680 - INFO - ✅ Эмбеддинг создан для записи 860
2025-07-16 10:17:43,880 - INFO - 🔄 Обрабатываем запись 861 (193/114708)
2025-07-16 10:17:44,553 - INFO - ✅ Эмбеддинг создан для записи 861
2025-07-16 10:17:44,754 - INFO - 🔄 Обрабатываем запись 862 (194/114708)
2025-07-16 10:17:45,307 - INFO - ✅ Эмбеддинг создан для записи 862
2025-07-16 10:17:45,508 - INFO - 🔄 Обрабатываем запись 863 (195/114708)
2025-07-16 10:17:46,078 - INFO - ✅ Эмбеддинг создан для записи 863
2025-07-16 10:17:46,278 - INFO - 🔄 Обрабатываем запись 864 (196/114708)
2025-07-16 10:17:46,762 - INFO - ✅ Эмбеддинг создан для записи 864
2025-07-16 10:17:46,962 - INFO - 🔄 Обрабатываем запись 865 (197/114708)
2025-07-16 10:17:47,519 - INFO - ✅ Эмбеддинг создан для записи 865
2025-07-16 10:17:47,719 - INFO - 🔄 Обрабатываем запись 866 (198/114708)
2025-07-16 10:17:48,366 - INFO - ✅ Эмбеддинг создан для записи 866
2025-07-16 10:17:48,566 - INFO - 🔄 Обрабатываем запись 867 (199/114708)
2025-07-16 10:17:49,136 - INFO - ✅ Эмбеддинг создан для записи 867
2025-07-16 10:17:49,337 - INFO - 🔄 Обрабатываем запись 868 (200/114708)
2025-07-16 10:17:50,272 - INFO - ✅ Эмбеддинг создан для записи 868
2025-07-16 10:18:15,769 - INFO - 💾 Данные безопасно сохранены
2025-07-16 10:18:15,769 - INFO - 💾 Сохранено после 200 записей
2025-07-16 10:18:15,969 - INFO - 🔄 Обрабатываем запись 869 (201/114708)
2025-07-16 10:18:16,614 - INFO - ✅ Эмбеддинг создан для записи 869
2025-07-16 10:18:16,814 - INFO - 🔄 Обрабатываем запись 870 (202/114708)
2025-07-16 10:18:17,398 - INFO - ✅ Эмбеддинг создан для записи 870
2025-07-16 10:18:17,599 - INFO - 🔄 Обрабатываем запись 871 (203/114708)
2025-07-16 10:18:18,132 - INFO - ✅ Эмбеддинг создан для записи 871
2025-07-16 10:18:18,333 - INFO - 🔄 Обрабатываем запись 872 (204/114708)
2025-07-16 10:18:18,891 - INFO - ✅ Эмбеддинг создан для записи 872
2025-07-16 10:18:19,092 - INFO - 🔄 Обрабатываем запись 873 (205/114708)
2025-07-16 10:18:19,649 - INFO - ✅ Эмбеддинг создан для записи 873
2025-07-16 10:18:19,850 - INFO - 🔄 Обрабатываем запись 874 (206/114708)
2025-07-16 10:18:20,481 - INFO - ✅ Эмбеддинг создан для записи 874
2025-07-16 10:18:20,682 - INFO - 🔄 Обрабатываем запись 875 (207/114708)
2025-07-16 10:18:21,184 - INFO - ✅ Эмбеддинг создан для записи 875
2025-07-16 10:18:21,384 - INFO - 🔄 Обрабатываем запись 876 (208/114708)
2025-07-16 10:18:21,999 - INFO - ✅ Эмбеддинг создан для записи 876
2025-07-16 10:18:22,199 - INFO - 🔄 Обрабатываем запись 877 (209/114708)
2025-07-16 10:18:22,749 - INFO - ✅ Эмбеддинг создан для записи 877
2025-07-16 10:18:22,949 - INFO - 🔄 Обрабатываем запись 878 (210/114708)
2025-07-16 10:18:23,479 - INFO - ✅ Эмбеддинг создан для записи 878
2025-07-16 10:18:23,679 - INFO - 🔄 Обрабатываем запись 879 (211/114708)
2025-07-16 10:18:24,235 - INFO - ✅ Эмбеддинг создан для записи 879
2025-07-16 10:18:24,436 - INFO - 🔄 Обрабатываем запись 880 (212/114708)
2025-07-16 10:18:25,039 - INFO - ✅ Эмбеддинг создан для записи 880
2025-07-16 10:18:25,241 - INFO - 🔄 Обрабатываем запись 881 (213/114708)
2025-07-16 10:18:25,773 - INFO - ✅ Эмбеддинг создан для записи 881
2025-07-16 10:18:25,974 - INFO - 🔄 Обрабатываем запись 882 (214/114708)
2025-07-16 10:18:26,547 - INFO - ✅ Эмбеддинг создан для записи 882
2025-07-16 10:18:26,748 - INFO - 🔄 Обрабатываем запись 883 (215/114708)
2025-07-16 10:18:27,264 - INFO - ✅ Эмбеддинг создан для записи 883
2025-07-16 10:18:27,464 - INFO - 🔄 Обрабатываем запись 884 (216/114708)
2025-07-16 10:18:27,991 - INFO - ✅ Эмбеддинг создан для записи 884
2025-07-16 10:18:28,192 - INFO - 🔄 Обрабатываем запись 885 (217/114708)
2025-07-16 10:18:28,679 - INFO - ✅ Эмбеддинг создан для записи 885
2025-07-16 10:18:28,880 - INFO - 🔄 Обрабатываем запись 886 (218/114708)
2025-07-16 10:18:29,368 - INFO - ✅ Эмбеддинг создан для записи 886
2025-07-16 10:18:29,568 - INFO - 🔄 Обрабатываем запись 887 (219/114708)
2025-07-16 10:18:30,834 - INFO - ✅ Эмбеддинг создан для записи 887
2025-07-16 10:18:31,034 - INFO - 🔄 Обрабатываем запись 888 (220/114708)
2025-07-16 10:18:31,545 - INFO - ✅ Эмбеддинг создан для записи 888
2025-07-16 10:18:31,746 - INFO - 🔄 Обрабатываем запись 889 (221/114708)
2025-07-16 10:18:32,351 - INFO - ✅ Эмбеддинг создан для записи 889
2025-07-16 10:18:32,552 - INFO - 🔄 Обрабатываем запись 890 (222/114708)
2025-07-16 10:18:33,201 - INFO - ✅ Эмбеддинг создан для записи 890
2025-07-16 10:18:33,402 - INFO - 🔄 Обрабатываем запись 891 (223/114708)
2025-07-16 10:18:34,329 - INFO - ✅ Эмбеддинг создан для записи 891
2025-07-16 10:18:34,529 - INFO - 🔄 Обрабатываем запись 892 (224/114708)
2025-07-16 10:18:35,164 - INFO - ✅ Эмбеддинг создан для записи 892
2025-07-16 10:18:35,364 - INFO - 🔄 Обрабатываем запись 893 (225/114708)
2025-07-16 10:18:35,943 - INFO - ✅ Эмбеддинг создан для записи 893
2025-07-16 10:18:36,144 - INFO - 🔄 Обрабатываем запись 894 (226/114708)
2025-07-16 10:18:36,907 - INFO - ✅ Эмбеддинг создан для записи 894
2025-07-16 10:18:37,107 - INFO - 🔄 Обрабатываем запись 895 (227/114708)
2025-07-16 10:18:38,117 - INFO - ✅ Эмбеддинг создан для записи 895
2025-07-16 10:18:38,318 - INFO - 🔄 Обрабатываем запись 896 (228/114708)
2025-07-16 10:18:39,086 - INFO - ✅ Эмбеддинг создан для записи 896
2025-07-16 10:18:39,287 - INFO - 🔄 Обрабатываем запись 897 (229/114708)
2025-07-16 10:18:40,661 - INFO - ✅ Эмбеддинг создан для записи 897
2025-07-16 10:18:40,861 - INFO - 🔄 Обрабатываем запись 898 (230/114708)
2025-07-16 10:18:41,622 - INFO - ✅ Эмбеддинг создан для записи 898
2025-07-16 10:18:41,823 - INFO - 🔄 Обрабатываем запись 899 (231/114708)
2025-07-16 10:18:42,461 - INFO - ✅ Эмбеддинг создан для записи 899
2025-07-16 10:18:42,661 - INFO - 🔄 Обрабатываем запись 900 (232/114708)
2025-07-16 10:18:43,281 - INFO - ✅ Эмбеддинг создан для записи 900
2025-07-16 10:18:43,482 - INFO - 🔄 Обрабатываем запись 901 (233/114708)
2025-07-16 10:18:44,077 - INFO - ✅ Эмбеддинг создан для записи 901
2025-07-16 10:18:44,278 - INFO - 🔄 Обрабатываем запись 902 (234/114708)
2025-07-16 10:18:45,342 - INFO - ✅ Эмбеддинг создан для записи 902
2025-07-16 10:18:45,543 - INFO - 🔄 Обрабатываем запись 903 (235/114708)
2025-07-16 10:18:46,153 - INFO - ✅ Эмбеддинг создан для записи 903
2025-07-16 10:18:46,354 - INFO - 🔄 Обрабатываем запись 904 (236/114708)
2025-07-16 10:18:46,968 - INFO - ✅ Эмбеддинг создан для записи 904
2025-07-16 10:18:47,169 - INFO - 🔄 Обрабатываем запись 905 (237/114708)
2025-07-16 10:18:47,740 - INFO - ✅ Эмбеддинг создан для записи 905
2025-07-16 10:18:47,940 - INFO - 🔄 Обрабатываем запись 906 (238/114708)
2025-07-16 10:18:48,734 - INFO - ✅ Эмбеддинг создан для записи 906
2025-07-16 10:18:48,935 - INFO - 🔄 Обрабатываем запись 907 (239/114708)
2025-07-16 10:18:49,481 - INFO - ✅ Эмбеддинг создан для записи 907
2025-07-16 10:18:49,681 - INFO - 🔄 Обрабатываем запись 908 (240/114708)
2025-07-16 10:18:50,284 - INFO - ✅ Эмбеддинг создан для записи 908
2025-07-16 10:18:50,486 - INFO - 🔄 Обрабатываем запись 909 (241/114708)
2025-07-16 10:18:51,073 - INFO - ✅ Эмбеддинг создан для записи 909
2025-07-16 10:18:51,274 - INFO - 🔄 Обрабатываем запись 910 (242/114708)
2025-07-16 10:18:51,953 - INFO - ✅ Эмбеддинг создан для записи 910
2025-07-16 10:18:52,154 - INFO - 🔄 Обрабатываем запись 911 (243/114708)
2025-07-16 10:18:52,951 - INFO - ✅ Эмбеддинг создан для записи 911
2025-07-16 10:18:53,151 - INFO - 🔄 Обрабатываем запись 912 (244/114708)
2025-07-16 10:18:53,856 - INFO - ✅ Эмбеддинг создан для записи 912
2025-07-16 10:18:54,057 - INFO - 🔄 Обрабатываем запись 913 (245/114708)
2025-07-16 10:18:54,676 - INFO - ✅ Эмбеддинг создан для записи 913
2025-07-16 10:18:54,877 - INFO - 🔄 Обрабатываем запись 914 (246/114708)
2025-07-16 10:18:55,600 - INFO - ✅ Эмбеддинг создан для записи 914
2025-07-16 10:18:55,800 - INFO - 🔄 Обрабатываем запись 915 (247/114708)
2025-07-16 10:18:56,566 - INFO - ✅ Эмбеддинг создан для записи 915
2025-07-16 10:18:56,766 - INFO - 🔄 Обрабатываем запись 916 (248/114708)
2025-07-16 10:18:57,383 - INFO - ✅ Эмбеддинг создан для записи 916
2025-07-16 10:18:57,584 - INFO - 🔄 Обрабатываем запись 917 (249/114708)
2025-07-16 10:18:58,187 - INFO - ✅ Эмбеддинг создан для записи 917
2025-07-16 10:18:58,387 - INFO - 🔄 Обрабатываем запись 918 (250/114708)
2025-07-16 10:18:59,251 - INFO - ✅ Эмбеддинг создан для записи 918
2025-07-16 10:18:59,452 - INFO - 🔄 Обрабатываем запись 919 (251/114708)
2025-07-16 10:19:00,007 - INFO - ✅ Эмбеддинг создан для записи 919
2025-07-16 10:19:00,209 - INFO - 🔄 Обрабатываем запись 920 (252/114708)
2025-07-16 10:19:00,888 - INFO - ✅ Эмбеддинг создан для записи 920
2025-07-16 10:19:01,088 - INFO - 🔄 Обрабатываем запись 921 (253/114708)
2025-07-16 10:19:01,902 - INFO - ✅ Эмбеддинг создан для записи 921
2025-07-16 10:19:02,103 - INFO - 🔄 Обрабатываем запись 922 (254/114708)
2025-07-16 10:19:03,013 - INFO - ✅ Эмбеддинг создан для записи 922
2025-07-16 10:19:03,213 - INFO - 🔄 Обрабатываем запись 923 (255/114708)
2025-07-16 10:19:03,817 - INFO - ✅ Эмбеддинг создан для записи 923
2025-07-16 10:19:04,018 - INFO - 🔄 Обрабатываем запись 924 (256/114708)
2025-07-16 10:19:04,609 - INFO - ✅ Эмбеддинг создан для записи 924
2025-07-16 10:19:04,810 - INFO - 🔄 Обрабатываем запись 925 (257/114708)
2025-07-16 10:19:05,780 - INFO - ✅ Эмбеддинг создан для записи 925
2025-07-16 10:19:05,980 - INFO - 🔄 Обрабатываем запись 926 (258/114708)
2025-07-16 10:19:06,582 - INFO - ✅ Эмбеддинг создан для записи 926
2025-07-16 10:19:06,783 - INFO - 🔄 Обрабатываем запись 927 (259/114708)
2025-07-16 10:19:07,352 - INFO - ✅ Эмбеддинг создан для записи 927
2025-07-16 10:19:07,552 - INFO - 🔄 Обрабатываем запись 928 (260/114708)
2025-07-16 10:19:08,186 - INFO - ✅ Эмбеддинг создан для записи 928
2025-07-16 10:19:08,386 - INFO - 🔄 Обрабатываем запись 929 (261/114708)
2025-07-16 10:19:09,713 - INFO - ✅ Эмбеддинг создан для записи 929
2025-07-16 10:19:09,914 - INFO - 🔄 Обрабатываем запись 930 (262/114708)
2025-07-16 10:19:10,708 - INFO - ✅ Эмбеддинг создан для записи 930
2025-07-16 10:19:10,909 - INFO - 🔄 Обрабатываем запись 931 (263/114708)
2025-07-16 10:19:11,445 - INFO - ✅ Эмбеддинг создан для записи 931
2025-07-16 10:19:11,646 - INFO - 🔄 Обрабатываем запись 932 (264/114708)
2025-07-16 10:19:12,215 - INFO - ✅ Эмбеддинг создан для записи 932
2025-07-16 10:19:12,416 - INFO - 🔄 Обрабатываем запись 933 (265/114708)
2025-07-16 10:19:13,060 - INFO - ✅ Эмбеддинг создан для записи 933
2025-07-16 10:19:13,261 - INFO - 🔄 Обрабатываем запись 934 (266/114708)
2025-07-16 10:19:13,861 - INFO - ✅ Эмбеддинг создан для записи 934
2025-07-16 10:19:14,061 - INFO - 🔄 Обрабатываем запись 935 (267/114708)
2025-07-16 10:19:14,650 - INFO - ✅ Эмбеддинг создан для записи 935
2025-07-16 10:19:14,851 - INFO - 🔄 Обрабатываем запись 936 (268/114708)
2025-07-16 10:19:15,576 - INFO - ✅ Эмбеддинг создан для записи 936
2025-07-16 10:19:15,778 - INFO - 🔄 Обрабатываем запись 937 (269/114708)
2025-07-16 10:19:16,393 - INFO - ✅ Эмбеддинг создан для записи 937
2025-07-16 10:19:16,594 - INFO - 🔄 Обрабатываем запись 938 (270/114708)
2025-07-16 10:19:17,362 - INFO - ✅ Эмбеддинг создан для записи 938
2025-07-16 10:19:17,563 - INFO - 🔄 Обрабатываем запись 939 (271/114708)
2025-07-16 10:19:18,280 - INFO - ✅ Эмбеддинг создан для записи 939
2025-07-16 10:19:18,480 - INFO - 🔄 Обрабатываем запись 940 (272/114708)
2025-07-16 10:19:19,053 - INFO - ✅ Эмбеддинг создан для записи 940
2025-07-16 10:19:19,254 - INFO - 🔄 Обрабатываем запись 941 (273/114708)
2025-07-16 10:19:19,817 - INFO - ✅ Эмбеддинг создан для записи 941
2025-07-16 10:19:20,018 - INFO - 🔄 Обрабатываем запись 942 (274/114708)
2025-07-16 10:19:20,587 - INFO - ✅ Эмбеддинг создан для записи 942
2025-07-16 10:19:20,787 - INFO - 🔄 Обрабатываем запись 943 (275/114708)
2025-07-16 10:19:21,326 - INFO - ✅ Эмбеддинг создан для записи 943
2025-07-16 10:19:21,527 - INFO - 🔄 Обрабатываем запись 944 (276/114708)
2025-07-16 10:19:22,035 - INFO - ✅ Эмбеддинг создан для записи 944
2025-07-16 10:19:22,236 - INFO - 🔄 Обрабатываем запись 945 (277/114708)
2025-07-16 10:19:22,875 - INFO - ✅ Эмбеддинг создан для записи 945
2025-07-16 10:19:23,075 - INFO - 🔄 Обрабатываем запись 946 (278/114708)
2025-07-16 10:19:23,737 - INFO - ✅ Эмбеддинг создан для записи 946
2025-07-16 10:19:23,938 - INFO - 🔄 Обрабатываем запись 947 (279/114708)
2025-07-16 10:19:24,556 - INFO - ✅ Эмбеддинг создан для записи 947
2025-07-16 10:19:24,757 - INFO - 🔄 Обрабатываем запись 948 (280/114708)
2025-07-16 10:19:25,272 - INFO - ✅ Эмбеддинг создан для записи 948
2025-07-16 10:19:25,472 - INFO - 🔄 Обрабатываем запись 949 (281/114708)
2025-07-16 10:19:26,094 - INFO - ✅ Эмбеддинг создан для записи 949
2025-07-16 10:19:26,294 - INFO - 🔄 Обрабатываем запись 950 (282/114708)
2025-07-16 10:19:26,817 - INFO - ✅ Эмбеддинг создан для записи 950
2025-07-16 10:19:27,018 - INFO - 🔄 Обрабатываем запись 951 (283/114708)
2025-07-16 10:19:27,579 - INFO - ✅ Эмбеддинг создан для записи 951
2025-07-16 10:19:27,780 - INFO - 🔄 Обрабатываем запись 952 (284/114708)
2025-07-16 10:19:28,609 - INFO - ✅ Эмбеддинг создан для записи 952
2025-07-16 10:19:28,810 - INFO - 🔄 Обрабатываем запись 953 (285/114708)
2025-07-16 10:19:29,449 - INFO - ✅ Эмбеддинг создан для записи 953
2025-07-16 10:19:31,506 - INFO - 🔄 Обрабатываем запись 954 (286/114708)
2025-07-16 10:19:32,122 - INFO - ✅ Эмбеддинг создан для записи 954
2025-07-16 10:19:32,323 - INFO - 🔄 Обрабатываем запись 955 (287/114708)
2025-07-16 10:19:32,860 - INFO - ✅ Эмбеддинг создан для записи 955
2025-07-16 10:19:33,060 - INFO - 🔄 Обрабатываем запись 956 (288/114708)
2025-07-16 10:19:33,694 - INFO - ✅ Эмбеддинг создан для записи 956
2025-07-16 10:19:33,895 - INFO - 🔄 Обрабатываем запись 957 (289/114708)
2025-07-16 10:19:34,407 - INFO - ✅ Эмбеддинг создан для записи 957
2025-07-16 10:19:34,608 - INFO - 🔄 Обрабатываем запись 958 (290/114708)
2025-07-16 10:19:35,194 - INFO - ✅ Эмбеддинг создан для записи 958
2025-07-16 10:19:35,395 - INFO - 🔄 Обрабатываем запись 959 (291/114708)
2025-07-16 10:19:35,969 - INFO - ✅ Эмбеддинг создан для записи 959
2025-07-16 10:19:36,169 - INFO - 🔄 Обрабатываем запись 960 (292/114708)
2025-07-16 10:19:36,781 - INFO - ✅ Эмбеддинг создан для записи 960
2025-07-16 10:19:36,982 - INFO - 🔄 Обрабатываем запись 961 (293/114708)
2025-07-16 10:19:37,882 - INFO - ✅ Эмбеддинг создан для записи 961
2025-07-16 10:19:38,083 - INFO - 🔄 Обрабатываем запись 962 (294/114708)
2025-07-16 10:19:38,617 - INFO - ✅ Эмбеддинг создан для записи 962
2025-07-16 10:19:38,817 - INFO - 🔄 Обрабатываем запись 963 (295/114708)
2025-07-16 10:19:39,355 - INFO - ✅ Эмбеддинг создан для записи 963
2025-07-16 10:19:39,555 - INFO - 🔄 Обрабатываем запись 964 (296/114708)
2025-07-16 10:19:40,390 - INFO - ✅ Эмбеддинг создан для записи 964
2025-07-16 10:19:40,591 - INFO - 🔄 Обрабатываем запись 965 (297/114708)
2025-07-16 10:19:41,123 - INFO - ✅ Эмбеддинг создан для записи 965
2025-07-16 10:19:41,324 - INFO - 🔄 Обрабатываем запись 966 (298/114708)
2025-07-16 10:19:42,471 - INFO - ✅ Эмбеддинг создан для записи 966
2025-07-16 10:19:42,671 - INFO - 🔄 Обрабатываем запись 967 (299/114708)
2025-07-16 10:19:43,273 - INFO - ✅ Эмбеддинг создан для записи 967
2025-07-16 10:19:43,473 - INFO - 🔄 Обрабатываем запись 968 (300/114708)
2025-07-16 10:19:44,088 - INFO - ✅ Эмбеддинг создан для записи 968
2025-07-16 10:20:16,660 - INFO - 💾 Данные безопасно сохранены
2025-07-16 10:20:16,660 - INFO - 💾 Сохранено после 300 записей
2025-07-16 10:20:16,860 - INFO - 🔄 Обрабатываем запись 969 (301/114708)
2025-07-16 10:20:17,395 - INFO - ✅ Эмбеддинг создан для записи 969
2025-07-16 10:20:17,596 - INFO - 🔄 Обрабатываем запись 970 (302/114708)
2025-07-16 10:20:18,426 - INFO - ✅ Эмбеддинг создан для записи 970
2025-07-16 10:20:18,626 - INFO - 🔄 Обрабатываем запись 971 (303/114708)
2025-07-16 10:20:19,109 - INFO - ✅ Эмбеддинг создан для записи 971
2025-07-16 10:20:19,309 - INFO - 🔄 Обрабатываем запись 972 (304/114708)
2025-07-16 10:20:19,797 - INFO - ✅ Эмбеддинг создан для записи 972
2025-07-16 10:20:19,997 - INFO - 🔄 Обрабатываем запись 973 (305/114708)
2025-07-16 10:20:20,492 - INFO - ✅ Эмбеддинг создан для записи 973
2025-07-16 10:20:20,693 - INFO - 🔄 Обрабатываем запись 974 (306/114708)
2025-07-16 10:20:21,198 - INFO - ✅ Эмбеддинг создан для записи 974
2025-07-16 10:20:21,399 - INFO - 🔄 Обрабатываем запись 975 (307/114708)
2025-07-16 10:20:21,890 - INFO - ✅ Эмбеддинг создан для записи 975
2025-07-16 10:20:22,091 - INFO - 🔄 Обрабатываем запись 976 (308/114708)
2025-07-16 10:20:22,612 - INFO - ✅ Эмбеддинг создан для записи 976
2025-07-16 10:20:22,813 - INFO - 🔄 Обрабатываем запись 977 (309/114708)
2025-07-16 10:20:23,332 - INFO - ✅ Эмбеддинг создан для записи 977
2025-07-16 10:20:23,532 - INFO - 🔄 Обрабатываем запись 978 (310/114708)
2025-07-16 10:20:24,044 - INFO - ✅ Эмбеддинг создан для записи 978
2025-07-16 10:20:24,245 - INFO - 🔄 Обрабатываем запись 979 (311/114708)
2025-07-16 10:20:24,691 - INFO - ✅ Эмбеддинг создан для записи 979
2025-07-16 10:20:24,892 - INFO - 🔄 Обрабатываем запись 980 (312/114708)
2025-07-16 10:20:25,406 - INFO - ✅ Эмбеддинг создан для записи 980
2025-07-16 10:20:25,606 - INFO - 🔄 Обрабатываем запись 981 (313/114708)
2025-07-16 10:20:26,065 - INFO - ✅ Эмбеддинг создан для записи 981
2025-07-16 10:20:26,266 - INFO - 🔄 Обрабатываем запись 982 (314/114708)
2025-07-16 10:20:26,721 - INFO - ✅ Эмбеддинг создан для записи 982
2025-07-16 10:20:26,922 - INFO - 🔄 Обрабатываем запись 983 (315/114708)
2025-07-16 10:20:27,387 - INFO - ✅ Эмбеддинг создан для записи 983
2025-07-16 10:20:27,588 - INFO - 🔄 Обрабатываем запись 984 (316/114708)
2025-07-16 10:20:28,135 - INFO - ✅ Эмбеддинг создан для записи 984
2025-07-16 10:20:28,336 - INFO - 🔄 Обрабатываем запись 985 (317/114708)
2025-07-16 10:20:28,826 - INFO - ✅ Эмбеддинг создан для записи 985
2025-07-16 10:20:29,027 - INFO - 🔄 Обрабатываем запись 986 (318/114708)
2025-07-16 10:20:29,497 - INFO - ✅ Эмбеддинг создан для записи 986
2025-07-16 10:20:29,698 - INFO - 🔄 Обрабатываем запись 987 (319/114708)
2025-07-16 10:20:30,199 - INFO - ✅ Эмбеддинг создан для записи 987
2025-07-16 10:20:30,400 - INFO - 🔄 Обрабатываем запись 988 (320/114708)
2025-07-16 10:20:30,901 - INFO - ✅ Эмбеддинг создан для записи 988
2025-07-16 10:20:31,102 - INFO - 🔄 Обрабатываем запись 989 (321/114708)
2025-07-16 10:20:31,632 - INFO - ✅ Эмбеддинг создан для записи 989
2025-07-16 10:20:31,833 - INFO - 🔄 Обрабатываем запись 990 (322/114708)
2025-07-16 10:20:32,336 - INFO - ✅ Эмбеддинг создан для записи 990
2025-07-16 10:20:32,537 - INFO - 🔄 Обрабатываем запись 991 (323/114708)
2025-07-16 10:20:32,998 - INFO - ✅ Эмбеддинг создан для записи 991
2025-07-16 10:20:33,198 - INFO - 🔄 Обрабатываем запись 992 (324/114708)
2025-07-16 10:20:33,647 - INFO - ✅ Эмбеддинг создан для записи 992
2025-07-16 10:20:33,848 - INFO - 🔄 Обрабатываем запись 993 (325/114708)
2025-07-16 10:20:34,360 - INFO - ✅ Эмбеддинг создан для записи 993
2025-07-16 10:20:34,561 - INFO - 🔄 Обрабатываем запись 994 (326/114708)
2025-07-16 10:20:35,055 - INFO - ✅ Эмбеддинг создан для записи 994
2025-07-16 10:20:35,256 - INFO - 🔄 Обрабатываем запись 995 (327/114708)
2025-07-16 10:20:35,712 - INFO - ✅ Эмбеддинг создан для записи 995
2025-07-16 10:20:35,914 - INFO - 🔄 Обрабатываем запись 996 (328/114708)
2025-07-16 10:20:36,399 - INFO - ✅ Эмбеддинг создан для записи 996
2025-07-16 10:20:36,599 - INFO - 🔄 Обрабатываем запись 997 (329/114708)
2025-07-16 10:20:37,042 - INFO - ✅ Эмбеддинг создан для записи 997
2025-07-16 10:20:37,243 - INFO - 🔄 Обрабатываем запись 998 (330/114708)
2025-07-16 10:20:37,710 - INFO - ✅ Эмбеддинг создан для записи 998
2025-07-16 10:20:37,911 - INFO - 🔄 Обрабатываем запись 999 (331/114708)
2025-07-16 10:20:38,567 - INFO - ✅ Эмбеддинг создан для записи 999
2025-07-16 10:20:38,768 - INFO - 🔄 Обрабатываем запись 1000 (332/114708)
2025-07-16 10:20:39,227 - INFO - ✅ Эмбеддинг создан для записи 1000
2025-07-16 10:20:39,428 - INFO - 🔄 Обрабатываем запись 1001 (333/114708)
2025-07-16 10:20:39,912 - INFO - ✅ Эмбеддинг создан для записи 1001
2025-07-16 10:20:40,113 - INFO - 🔄 Обрабатываем запись 1002 (334/114708)
2025-07-16 10:20:40,579 - INFO - ✅ Эмбеддинг создан для записи 1002
2025-07-16 10:20:40,780 - INFO - 🔄 Обрабатываем запись 1003 (335/114708)
2025-07-16 10:20:41,246 - INFO - ✅ Эмбеддинг создан для записи 1003
2025-07-16 10:20:41,446 - INFO - 🔄 Обрабатываем запись 1004 (336/114708)
2025-07-16 10:20:42,098 - INFO - ✅ Эмбеддинг создан для записи 1004
2025-07-16 10:20:42,298 - INFO - 🔄 Обрабатываем запись 1005 (337/114708)
2025-07-16 10:20:42,802 - INFO - ✅ Эмбеддинг создан для записи 1005
2025-07-16 10:20:43,004 - INFO - 🔄 Обрабатываем запись 1006 (338/114708)
2025-07-16 10:20:43,425 - INFO - ✅ Эмбеддинг создан для записи 1006
2025-07-16 10:20:43,626 - INFO - 🔄 Обрабатываем запись 1007 (339/114708)
2025-07-16 10:20:44,125 - INFO - ✅ Эмбеддинг создан для записи 1007
2025-07-16 10:20:44,326 - INFO - 🔄 Обрабатываем запись 1008 (340/114708)
2025-07-16 10:20:44,818 - INFO - ✅ Эмбеддинг создан для записи 1008
2025-07-16 10:20:45,019 - INFO - 🔄 Обрабатываем запись 1009 (341/114708)
2025-07-16 10:20:45,495 - INFO - ✅ Эмбеддинг создан для записи 1009
2025-07-16 10:20:45,696 - INFO - 🔄 Обрабатываем запись 1010 (342/114708)
2025-07-16 10:20:46,147 - INFO - ✅ Эмбеддинг создан для записи 1010
2025-07-16 10:20:46,347 - INFO - 🔄 Обрабатываем запись 1011 (343/114708)
2025-07-16 10:20:46,856 - INFO - ✅ Эмбеддинг создан для записи 1011
2025-07-16 10:20:47,057 - INFO - 🔄 Обрабатываем запись 1012 (344/114708)
2025-07-16 10:20:47,573 - INFO - ✅ Эмбеддинг создан для записи 1012
2025-07-16 10:20:47,774 - INFO - 🔄 Обрабатываем запись 1013 (345/114708)
2025-07-16 10:20:48,176 - INFO - ✅ Эмбеддинг создан для записи 1013
2025-07-16 10:20:48,376 - INFO - 🔄 Обрабатываем запись 1014 (346/114708)
2025-07-16 10:20:48,783 - INFO - ✅ Эмбеддинг создан для записи 1014
2025-07-16 10:20:48,984 - INFO - 🔄 Обрабатываем запись 1015 (347/114708)
2025-07-16 10:20:49,480 - INFO - ✅ Эмбеддинг создан для записи 1015
2025-07-16 10:20:49,681 - INFO - 🔄 Обрабатываем запись 1016 (348/114708)
2025-07-16 10:20:50,171 - INFO - ✅ Эмбеддинг создан для записи 1016
2025-07-16 10:20:50,371 - INFO - 🔄 Обрабатываем запись 1017 (349/114708)
2025-07-16 10:20:50,821 - INFO - ✅ Эмбеддинг создан для записи 1017
2025-07-16 10:20:51,022 - INFO - 🔄 Обрабатываем запись 1018 (350/114708)
2025-07-16 10:20:51,506 - INFO - ✅ Эмбеддинг создан для записи 1018
2025-07-16 10:20:51,706 - INFO - 🔄 Обрабатываем запись 1019 (351/114708)
2025-07-16 10:20:52,237 - INFO - ✅ Эмбеддинг создан для записи 1019
2025-07-16 10:20:52,438 - INFO - 🔄 Обрабатываем запись 1020 (352/114708)
2025-07-16 10:20:52,915 - INFO - ✅ Эмбеддинг создан для записи 1020
2025-07-16 10:20:53,116 - INFO - 🔄 Обрабатываем запись 1021 (353/114708)
2025-07-16 10:20:54,148 - INFO - ✅ Эмбеддинг создан для записи 1021
2025-07-16 10:20:54,348 - INFO - 🔄 Обрабатываем запись 1022 (354/114708)
2025-07-16 10:20:54,848 - INFO - ✅ Эмбеддинг создан для записи 1022
2025-07-16 10:20:55,048 - INFO - 🔄 Обрабатываем запись 1023 (355/114708)
2025-07-16 10:20:55,673 - INFO - ✅ Эмбеддинг создан для записи 1023
2025-07-16 10:20:55,874 - INFO - 🔄 Обрабатываем запись 1024 (356/114708)
2025-07-16 10:20:56,316 - INFO - ✅ Эмбеддинг создан для записи 1024
2025-07-16 10:20:56,517 - INFO - 🔄 Обрабатываем запись 1025 (357/114708)
2025-07-16 10:20:56,914 - INFO - ✅ Эмбеддинг создан для записи 1025
2025-07-16 10:20:57,115 - INFO - 🔄 Обрабатываем запись 1026 (358/114708)
2025-07-16 10:20:57,538 - INFO - ✅ Эмбеддинг создан для записи 1026
2025-07-16 10:20:57,739 - INFO - 🔄 Обрабатываем запись 1027 (359/114708)
2025-07-16 10:20:58,252 - INFO - ✅ Эмбеддинг создан для записи 1027
2025-07-16 10:20:58,453 - INFO - 🔄 Обрабатываем запись 1028 (360/114708)
2025-07-16 10:20:58,935 - INFO - ✅ Эмбеддинг создан для записи 1028
2025-07-16 10:20:59,136 - INFO - 🔄 Обрабатываем запись 1029 (361/114708)
2025-07-16 10:20:59,628 - INFO - ✅ Эмбеддинг создан для записи 1029
2025-07-16 10:20:59,828 - INFO - 🔄 Обрабатываем запись 1030 (362/114708)
2025-07-16 10:21:00,324 - INFO - ✅ Эмбеддинг создан для записи 1030
2025-07-16 10:21:00,524 - INFO - 🔄 Обрабатываем запись 1031 (363/114708)
2025-07-16 10:21:01,026 - INFO - ✅ Эмбеддинг создан для записи 1031
2025-07-16 10:21:01,227 - INFO - 🔄 Обрабатываем запись 1032 (364/114708)
2025-07-16 10:21:01,715 - INFO - ✅ Эмбеддинг создан для записи 1032
2025-07-16 10:21:01,916 - INFO - 🔄 Обрабатываем запись 1033 (365/114708)
2025-07-16 10:21:02,392 - INFO - ✅ Эмбеддинг создан для записи 1033
2025-07-16 10:21:02,592 - INFO - 🔄 Обрабатываем запись 1034 (366/114708)
2025-07-16 10:21:03,044 - INFO - ✅ Эмбеддинг создан для записи 1034
2025-07-16 10:21:03,245 - INFO - 🔄 Обрабатываем запись 1035 (367/114708)
2025-07-16 10:21:03,768 - INFO - ✅ Эмбеддинг создан для записи 1035
2025-07-16 10:21:03,969 - INFO - 🔄 Обрабатываем запись 1036 (368/114708)
2025-07-16 10:21:04,567 - INFO - ✅ Эмбеддинг создан для записи 1036
2025-07-16 10:21:04,768 - INFO - 🔄 Обрабатываем запись 1037 (369/114708)
2025-07-16 10:21:05,198 - INFO - ✅ Эмбеддинг создан для записи 1037
2025-07-16 10:21:05,398 - INFO - 🔄 Обрабатываем запись 1038 (370/114708)
2025-07-16 10:21:05,906 - INFO - ✅ Эмбеддинг создан для записи 1038
2025-07-16 10:21:06,106 - INFO - 🔄 Обрабатываем запись 1039 (371/114708)
2025-07-16 10:21:06,721 - INFO - ✅ Эмбеддинг создан для записи 1039
2025-07-16 10:21:06,922 - INFO - 🔄 Обрабатываем запись 1040 (372/114708)
2025-07-16 10:21:07,311 - INFO - ✅ Эмбеддинг создан для записи 1040
2025-07-16 10:21:07,511 - INFO - 🔄 Обрабатываем запись 1041 (373/114708)
2025-07-16 10:21:07,988 - INFO - ✅ Эмбеддинг создан для записи 1041
2025-07-16 10:21:08,189 - INFO - 🔄 Обрабатываем запись 1042 (374/114708)
2025-07-16 10:21:08,700 - INFO - ✅ Эмбеддинг создан для записи 1042
2025-07-16 10:21:08,901 - INFO - 🔄 Обрабатываем запись 1043 (375/114708)
2025-07-16 10:21:09,807 - INFO - ✅ Эмбеддинг создан для записи 1043
2025-07-16 10:21:10,008 - INFO - 🔄 Обрабатываем запись 1044 (376/114708)
2025-07-16 10:21:10,516 - INFO - ✅ Эмбеддинг создан для записи 1044
2025-07-16 10:21:10,717 - INFO - 🔄 Обрабатываем запись 1045 (377/114708)
2025-07-16 10:21:11,232 - INFO - ✅ Эмбеддинг создан для записи 1045
2025-07-16 10:21:11,432 - INFO - 🔄 Обрабатываем запись 1046 (378/114708)
2025-07-16 10:21:11,956 - INFO - ✅ Эмбеддинг создан для записи 1046
2025-07-16 10:21:12,157 - INFO - 🔄 Обрабатываем запись 1047 (379/114708)
2025-07-16 10:21:12,681 - INFO - ✅ Эмбеддинг создан для записи 1047
2025-07-16 10:21:12,882 - INFO - 🔄 Обрабатываем запись 1048 (380/114708)
2025-07-16 10:21:13,248 - INFO - ✅ Эмбеддинг создан для записи 1048
2025-07-16 10:21:13,448 - INFO - 🔄 Обрабатываем запись 1049 (381/114708)
2025-07-16 10:21:13,917 - INFO - ✅ Эмбеддинг создан для записи 1049
2025-07-16 10:21:14,118 - INFO - 🔄 Обрабатываем запись 1050 (382/114708)
2025-07-16 10:21:14,604 - INFO - ✅ Эмбеддинг создан для записи 1050
2025-07-16 10:21:14,805 - INFO - 🔄 Обрабатываем запись 1051 (383/114708)
2025-07-16 10:21:15,326 - INFO - ✅ Эмбеддинг создан для записи 1051
2025-07-16 10:21:15,527 - INFO - 🔄 Обрабатываем запись 1052 (384/114708)
2025-07-16 10:21:16,048 - INFO - ✅ Эмбеддинг создан для записи 1052
2025-07-16 10:21:16,249 - INFO - 🔄 Обрабатываем запись 1053 (385/114708)
2025-07-16 10:21:16,755 - INFO - ✅ Эмбеддинг создан для записи 1053
2025-07-16 10:21:16,955 - INFO - 🔄 Обрабатываем запись 1054 (386/114708)
2025-07-16 10:21:17,429 - INFO - ✅ Эмбеддинг создан для записи 1054
2025-07-16 10:21:17,630 - INFO - 🔄 Обрабатываем запись 1055 (387/114708)
2025-07-16 10:21:18,088 - INFO - ✅ Эмбеддинг создан для записи 1055
2025-07-16 10:21:18,288 - INFO - 🔄 Обрабатываем запись 1056 (388/114708)
2025-07-16 10:21:18,775 - INFO - ✅ Эмбеддинг создан для записи 1056
2025-07-16 10:21:18,975 - INFO - 🔄 Обрабатываем запись 1057 (389/114708)
2025-07-16 10:21:19,504 - INFO - ✅ Эмбеддинг создан для записи 1057
2025-07-16 10:21:19,705 - INFO - 🔄 Обрабатываем запись 1058 (390/114708)
2025-07-16 10:21:20,072 - INFO - ✅ Эмбеддинг создан для записи 1058
2025-07-16 10:21:20,273 - INFO - 🔄 Обрабатываем запись 1059 (391/114708)
2025-07-16 10:21:20,724 - INFO - ✅ Эмбеддинг создан для записи 1059
2025-07-16 10:21:20,925 - INFO - 🔄 Обрабатываем запись 1060 (392/114708)
2025-07-16 10:21:21,386 - INFO - ✅ Эмбеддинг создан для записи 1060
2025-07-16 10:21:21,587 - INFO - 🔄 Обрабатываем запись 1061 (393/114708)
2025-07-16 10:21:22,026 - INFO - ✅ Эмбеддинг создан для записи 1061
2025-07-16 10:21:22,226 - INFO - 🔄 Обрабатываем запись 1062 (394/114708)
2025-07-16 10:21:22,709 - INFO - ✅ Эмбеддинг создан для записи 1062
2025-07-16 10:21:22,909 - INFO - 🔄 Обрабатываем запись 1063 (395/114708)
2025-07-16 10:21:23,410 - INFO - ✅ Эмбеддинг создан для записи 1063
2025-07-16 10:21:23,611 - INFO - 🔄 Обрабатываем запись 1064 (396/114708)
2025-07-16 10:21:24,133 - INFO - ✅ Эмбеддинг создан для записи 1064
2025-07-16 10:21:24,334 - INFO - 🔄 Обрабатываем запись 1065 (397/114708)
2025-07-16 10:21:24,805 - INFO - ✅ Эмбеддинг создан для записи 1065
2025-07-16 10:21:25,005 - INFO - 🔄 Обрабатываем запись 1066 (398/114708)
2025-07-16 10:21:25,493 - INFO - ✅ Эмбеддинг создан для записи 1066
2025-07-16 10:21:25,694 - INFO - 🔄 Обрабатываем запись 1067 (399/114708)
2025-07-16 10:21:26,182 - INFO - ✅ Эмбеддинг создан для записи 1067
2025-07-16 10:21:26,383 - INFO - 🔄 Обрабатываем запись 1068 (400/114708)
2025-07-16 10:21:26,900 - INFO - ✅ Эмбеддинг создан для записи 1068
2025-07-16 10:21:57,046 - INFO - 💾 Данные безопасно сохранены
2025-07-16 10:21:57,046 - INFO - 💾 Сохранено после 400 записей
2025-07-16 10:21:57,246 - INFO - 🔄 Обрабатываем запись 1069 (401/114708)
2025-07-16 10:21:57,746 - INFO - ✅ Эмбеддинг создан для записи 1069
2025-07-16 10:21:57,946 - INFO - 🔄 Обрабатываем запись 1070 (402/114708)
2025-07-16 10:21:58,438 - INFO - ✅ Эмбеддинг создан для записи 1070
2025-07-16 10:21:58,639 - INFO - 🔄 Обрабатываем запись 1071 (403/114708)
2025-07-16 10:21:59,105 - INFO - ✅ Эмбеддинг создан для записи 1071
2025-07-16 10:21:59,306 - INFO - 🔄 Обрабатываем запись 1072 (404/114708)
2025-07-16 10:21:59,679 - INFO - ✅ Эмбеддинг создан для записи 1072
2025-07-16 10:21:59,880 - INFO - 🔄 Обрабатываем запись 1073 (405/114708)
2025-07-16 10:22:00,373 - INFO - ✅ Эмбеддинг создан для записи 1073
2025-07-16 10:22:00,574 - INFO - 🔄 Обрабатываем запись 1074 (406/114708)
2025-07-16 10:22:01,021 - INFO - ✅ Эмбеддинг создан для записи 1074
2025-07-16 10:22:01,221 - INFO - 🔄 Обрабатываем запись 1075 (407/114708)
2025-07-16 10:22:01,805 - INFO - ✅ Эмбеддинг создан для записи 1075
2025-07-16 10:22:02,006 - INFO - 🔄 Обрабатываем запись 1076 (408/114708)
2025-07-16 10:22:02,446 - INFO - ✅ Эмбеддинг создан для записи 1076
2025-07-16 10:22:02,647 - INFO - 🔄 Обрабатываем запись 1077 (409/114708)
2025-07-16 10:22:03,448 - INFO - ✅ Эмбеддинг создан для записи 1077
2025-07-16 10:22:03,649 - INFO - 🔄 Обрабатываем запись 1078 (410/114708)
2025-07-16 10:22:04,194 - INFO - ✅ Эмбеддинг создан для записи 1078
2025-07-16 10:22:04,398 - INFO - 🔄 Обрабатываем запись 1079 (411/114708)
2025-07-16 10:22:04,891 - INFO - ✅ Эмбеддинг создан для записи 1079
2025-07-16 10:22:05,092 - INFO - 🔄 Обрабатываем запись 1080 (412/114708)
2025-07-16 10:22:05,630 - INFO - ✅ Эмбеддинг создан для записи 1080
2025-07-16 10:22:05,830 - INFO - 🔄 Обрабатываем запись 1081 (413/114708)
2025-07-16 10:22:06,316 - INFO - ✅ Эмбеддинг создан для записи 1081
2025-07-16 10:22:06,517 - INFO - 🔄 Обрабатываем запись 1082 (414/114708)
2025-07-16 10:22:06,963 - INFO - ✅ Эмбеддинг создан для записи 1082
2025-07-16 10:22:07,163 - INFO - 🔄 Обрабатываем запись 1083 (415/114708)
2025-07-16 10:22:07,600 - INFO - ✅ Эмбеддинг создан для записи 1083
2025-07-16 10:22:07,801 - INFO - 🔄 Обрабатываем запись 1084 (416/114708)
2025-07-16 10:22:08,193 - INFO - ✅ Эмбеддинг создан для записи 1084
2025-07-16 10:22:08,393 - INFO - 🔄 Обрабатываем запись 1085 (417/114708)
2025-07-16 10:22:08,858 - INFO - ✅ Эмбеддинг создан для записи 1085
2025-07-16 10:22:09,058 - INFO - 🔄 Обрабатываем запись 1086 (418/114708)
2025-07-16 10:22:09,535 - INFO - ✅ Эмбеддинг создан для записи 1086
2025-07-16 10:22:09,735 - INFO - 🔄 Обрабатываем запись 1087 (419/114708)
2025-07-16 10:22:10,180 - INFO - ✅ Эмбеддинг создан для записи 1087
2025-07-16 10:22:10,380 - INFO - 🔄 Обрабатываем запись 1088 (420/114708)
2025-07-16 10:22:10,844 - INFO - ✅ Эмбеддинг создан для записи 1088
2025-07-16 10:22:11,045 - INFO - 🔄 Обрабатываем запись 1089 (421/114708)
2025-07-16 10:22:11,512 - INFO - ✅ Эмбеддинг создан для записи 1089
2025-07-16 10:22:11,713 - INFO - 🔄 Обрабатываем запись 1090 (422/114708)
2025-07-16 10:22:12,258 - INFO - ✅ Эмбеддинг создан для записи 1090
2025-07-16 10:22:12,459 - INFO - 🔄 Обрабатываем запись 1091 (423/114708)
2025-07-16 10:22:12,908 - INFO - ✅ Эмбеддинг создан для записи 1091
2025-07-16 10:22:13,109 - INFO - 🔄 Обрабатываем запись 1092 (424/114708)
2025-07-16 10:22:13,597 - INFO - ✅ Эмбеддинг создан для записи 1092
2025-07-16 10:22:13,797 - INFO - 🔄 Обрабатываем запись 1093 (425/114708)
2025-07-16 10:22:14,413 - INFO - ✅ Эмбеддинг создан для записи 1093
2025-07-16 10:22:14,614 - INFO - 🔄 Обрабатываем запись 1094 (426/114708)
2025-07-16 10:22:15,123 - INFO - ✅ Эмбеддинг создан для записи 1094
2025-07-16 10:22:15,324 - INFO - 🔄 Обрабатываем запись 1095 (427/114708)
2025-07-16 10:22:15,797 - INFO - ✅ Эмбеддинг создан для записи 1095
2025-07-16 10:22:15,998 - INFO - 🔄 Обрабатываем запись 1096 (428/114708)
2025-07-16 10:22:16,522 - INFO - ✅ Эмбеддинг создан для записи 1096
2025-07-16 10:22:16,723 - INFO - 🔄 Обрабатываем запись 1097 (429/114708)
2025-07-16 10:22:17,391 - INFO - ✅ Эмбеддинг создан для записи 1097
2025-07-16 10:22:17,591 - INFO - 🔄 Обрабатываем запись 1098 (430/114708)
2025-07-16 10:22:18,116 - INFO - ✅ Эмбеддинг создан для записи 1098
2025-07-16 10:22:18,317 - INFO - 🔄 Обрабатываем запись 1099 (431/114708)
2025-07-16 10:22:18,810 - INFO - ✅ Эмбеддинг создан для записи 1099
2025-07-16 10:22:19,011 - INFO - 🔄 Обрабатываем запись 1100 (432/114708)
2025-07-16 10:22:19,469 - INFO - ✅ Эмбеддинг создан для записи 1100
2025-07-16 10:22:19,670 - INFO - 🔄 Обрабатываем запись 1101 (433/114708)
2025-07-16 10:22:20,169 - INFO - ✅ Эмбеддинг создан для записи 1101
2025-07-16 10:22:20,370 - INFO - 🔄 Обрабатываем запись 1102 (434/114708)
2025-07-16 10:22:20,831 - INFO - ✅ Эмбеддинг создан для записи 1102
2025-07-16 10:22:21,031 - INFO - 🔄 Обрабатываем запись 1103 (435/114708)
2025-07-16 10:22:21,503 - INFO - ✅ Эмбеддинг создан для записи 1103
2025-07-16 10:22:21,703 - INFO - 🔄 Обрабатываем запись 1104 (436/114708)
2025-07-16 10:22:22,189 - INFO - ✅ Эмбеддинг создан для записи 1104
2025-07-16 10:22:22,390 - INFO - 🔄 Обрабатываем запись 1105 (437/114708)
2025-07-16 10:22:23,161 - INFO - ✅ Эмбеддинг создан для записи 1105
2025-07-16 10:22:23,362 - INFO - 🔄 Обрабатываем запись 1106 (438/114708)
2025-07-16 10:22:24,028 - INFO - ✅ Эмбеддинг создан для записи 1106
2025-07-16 10:22:24,229 - INFO - 🔄 Обрабатываем запись 1107 (439/114708)
2025-07-16 10:22:24,684 - INFO - ✅ Эмбеддинг создан для записи 1107
2025-07-16 10:22:24,884 - INFO - 🔄 Обрабатываем запись 1108 (440/114708)
2025-07-16 10:22:25,308 - INFO - ✅ Эмбеддинг создан для записи 1108
2025-07-16 10:22:25,508 - INFO - 🔄 Обрабатываем запись 1109 (441/114708)
2025-07-16 10:22:25,924 - INFO - ✅ Эмбеддинг создан для записи 1109
2025-07-16 10:22:26,124 - INFO - 🔄 Обрабатываем запись 1110 (442/114708)
2025-07-16 10:22:26,591 - INFO - ✅ Эмбеддинг создан для записи 1110
2025-07-16 10:22:26,791 - INFO - 🔄 Обрабатываем запись 1111 (443/114708)
2025-07-16 10:22:27,262 - INFO - ✅ Эмбеддинг создан для записи 1111
2025-07-16 10:22:27,462 - INFO - 🔄 Обрабатываем запись 1112 (444/114708)
2025-07-16 10:22:27,923 - INFO - ✅ Эмбеддинг создан для записи 1112
2025-07-16 10:22:28,125 - INFO - 🔄 Обрабатываем запись 1113 (445/114708)
2025-07-16 10:22:28,671 - INFO - ✅ Эмбеддинг создан для записи 1113
2025-07-16 10:22:28,872 - INFO - 🔄 Обрабатываем запись 1114 (446/114708)
2025-07-16 10:22:29,363 - INFO - ✅ Эмбеддинг создан для записи 1114
2025-07-16 10:22:29,563 - INFO - 🔄 Обрабатываем запись 1115 (447/114708)
2025-07-16 10:22:30,001 - INFO - ✅ Эмбеддинг создан для записи 1115
2025-07-16 10:22:30,202 - INFO - 🔄 Обрабатываем запись 1116 (448/114708)
2025-07-16 10:22:30,625 - INFO - ✅ Эмбеддинг создан для записи 1116
2025-07-16 10:22:30,825 - INFO - 🔄 Обрабатываем запись 1117 (449/114708)
2025-07-16 10:22:31,171 - INFO - ✅ Эмбеддинг создан для записи 1117
2025-07-16 10:22:31,372 - INFO - 🔄 Обрабатываем запись 1118 (450/114708)
2025-07-16 10:22:31,726 - INFO - ✅ Эмбеддинг создан для записи 1118
2025-07-16 10:22:31,927 - INFO - 🔄 Обрабатываем запись 1119 (451/114708)
2025-07-16 10:22:32,421 - INFO - ✅ Эмбеддинг создан для записи 1119
2025-07-16 10:22:32,622 - INFO - 🔄 Обрабатываем запись 1120 (452/114708)
2025-07-16 10:22:33,056 - INFO - ✅ Эмбеддинг создан для записи 1120
2025-07-16 10:22:33,256 - INFO - 🔄 Обрабатываем запись 1121 (453/114708)
2025-07-16 10:22:33,754 - INFO - ✅ Эмбеддинг создан для записи 1121
2025-07-16 10:22:33,954 - INFO - 🔄 Обрабатываем запись 1122 (454/114708)
2025-07-16 10:22:34,382 - INFO - ✅ Эмбеддинг создан для записи 1122
2025-07-16 10:22:34,582 - INFO - 🔄 Обрабатываем запись 1123 (455/114708)
2025-07-16 10:22:35,032 - INFO - ✅ Эмбеддинг создан для записи 1123
2025-07-16 10:22:35,233 - INFO - 🔄 Обрабатываем запись 1124 (456/114708)
2025-07-16 10:22:35,690 - INFO - ✅ Эмбеддинг создан для записи 1124
2025-07-16 10:22:35,890 - INFO - 🔄 Обрабатываем запись 1125 (457/114708)
2025-07-16 10:22:36,321 - INFO - ✅ Эмбеддинг создан для записи 1125
2025-07-16 10:22:36,522 - INFO - 🔄 Обрабатываем запись 1126 (458/114708)
2025-07-16 10:22:37,043 - INFO - ✅ Эмбеддинг создан для записи 1126
2025-07-16 10:22:37,244 - INFO - 🔄 Обрабатываем запись 1127 (459/114708)
2025-07-16 10:22:37,688 - INFO - ✅ Эмбеддинг создан для записи 1127
2025-07-16 10:22:37,890 - INFO - 🔄 Обрабатываем запись 1128 (460/114708)
2025-07-16 10:22:38,368 - INFO - ✅ Эмбеддинг создан для записи 1128
2025-07-16 10:22:38,569 - INFO - 🔄 Обрабатываем запись 1129 (461/114708)
2025-07-16 10:22:39,073 - INFO - ✅ Эмбеддинг создан для записи 1129
2025-07-16 10:22:39,273 - INFO - 🔄 Обрабатываем запись 1130 (462/114708)
2025-07-16 10:22:39,700 - INFO - ✅ Эмбеддинг создан для записи 1130
2025-07-16 10:22:39,900 - INFO - 🔄 Обрабатываем запись 1131 (463/114708)
2025-07-16 10:22:40,341 - INFO - ✅ Эмбеддинг создан для записи 1131
2025-07-16 10:22:40,541 - INFO - 🔄 Обрабатываем запись 1132 (464/114708)
2025-07-16 10:22:40,972 - INFO - ✅ Эмбеддинг создан для записи 1132
2025-07-16 10:22:41,172 - INFO - 🔄 Обрабатываем запись 1133 (465/114708)
2025-07-16 10:22:41,602 - INFO - ✅ Эмбеддинг создан для записи 1133
2025-07-16 10:22:41,802 - INFO - 🔄 Обрабатываем запись 1134 (466/114708)
2025-07-16 10:22:42,258 - INFO - ✅ Эмбеддинг создан для записи 1134
2025-07-16 10:22:42,458 - INFO - 🔄 Обрабатываем запись 1135 (467/114708)
2025-07-16 10:22:42,834 - INFO - ✅ Эмбеддинг создан для записи 1135
2025-07-16 10:22:43,034 - INFO - 🔄 Обрабатываем запись 1136 (468/114708)
2025-07-16 10:22:43,379 - INFO - ✅ Эмбеддинг создан для записи 1136
2025-07-16 10:22:43,579 - INFO - 🔄 Обрабатываем запись 1137 (469/114708)
2025-07-16 10:22:44,114 - INFO - ✅ Эмбеддинг создан для записи 1137
2025-07-16 10:22:44,315 - INFO - 🔄 Обрабатываем запись 1138 (470/114708)
2025-07-16 10:22:44,772 - INFO - ✅ Эмбеддинг создан для записи 1138
2025-07-16 10:22:44,973 - INFO - 🔄 Обрабатываем запись 1139 (471/114708)
2025-07-16 10:22:45,446 - INFO - ✅ Эмбеддинг создан для записи 1139
2025-07-16 10:22:45,647 - INFO - 🔄 Обрабатываем запись 1140 (472/114708)
2025-07-16 10:22:46,105 - INFO - ✅ Эмбеддинг создан для записи 1140
2025-07-16 10:22:46,306 - INFO - 🔄 Обрабатываем запись 1141 (473/114708)
2025-07-16 10:22:46,767 - INFO - ✅ Эмбеддинг создан для записи 1141
2025-07-16 10:22:46,967 - INFO - 🔄 Обрабатываем запись 1142 (474/114708)
2025-07-16 10:22:47,459 - INFO - ✅ Эмбеддинг создан для записи 1142
2025-07-16 10:22:47,660 - INFO - 🔄 Обрабатываем запись 1143 (475/114708)
2025-07-16 10:22:48,106 - INFO - ✅ Эмбеддинг создан для записи 1143
2025-07-16 10:22:48,307 - INFO - 🔄 Обрабатываем запись 1144 (476/114708)
2025-07-16 10:22:48,774 - INFO - ✅ Эмбеддинг создан для записи 1144
2025-07-16 10:22:48,974 - INFO - 🔄 Обрабатываем запись 1145 (477/114708)
2025-07-16 10:22:49,434 - INFO - ✅ Эмбеддинг создан для записи 1145
2025-07-16 10:22:49,636 - INFO - 🔄 Обрабатываем запись 1146 (478/114708)
2025-07-16 10:22:50,162 - INFO - ✅ Эмбеддинг создан для записи 1146
2025-07-16 10:22:50,363 - INFO - 🔄 Обрабатываем запись 1147 (479/114708)
2025-07-16 10:22:50,844 - INFO - ✅ Эмбеддинг создан для записи 1147
2025-07-16 10:22:51,045 - INFO - 🔄 Обрабатываем запись 1148 (480/114708)
2025-07-16 10:22:51,506 - INFO - ✅ Эмбеддинг создан для записи 1148
2025-07-16 10:22:51,707 - INFO - 🔄 Обрабатываем запись 1149 (481/114708)
2025-07-16 10:22:52,389 - INFO - ✅ Эмбеддинг создан для записи 1149
2025-07-16 10:22:52,590 - INFO - 🔄 Обрабатываем запись 1150 (482/114708)
2025-07-16 10:22:53,026 - INFO - ✅ Эмбеддинг создан для записи 1150
2025-07-16 10:22:53,227 - INFO - 🔄 Обрабатываем запись 1151 (483/114708)
2025-07-16 10:22:53,685 - INFO - ✅ Эмбеддинг создан для записи 1151
2025-07-16 10:22:53,886 - INFO - 🔄 Обрабатываем запись 1152 (484/114708)
2025-07-16 10:22:54,375 - INFO - ✅ Эмбеддинг создан для записи 1152
2025-07-16 10:22:54,576 - INFO - 🔄 Обрабатываем запись 1153 (485/114708)
2025-07-16 10:22:55,026 - INFO - ✅ Эмбеддинг создан для записи 1153
2025-07-16 10:22:55,227 - INFO - 🔄 Обрабатываем запись 1154 (486/114708)
2025-07-16 10:22:55,695 - INFO - ✅ Эмбеддинг создан для записи 1154
2025-07-16 10:22:55,897 - INFO - 🔄 Обрабатываем запись 1155 (487/114708)
2025-07-16 10:22:56,608 - INFO - ✅ Эмбеддинг создан для записи 1155
2025-07-16 10:22:56,809 - INFO - 🔄 Обрабатываем запись 1156 (488/114708)
2025-07-16 10:22:57,243 - INFO - ✅ Эмбеддинг создан для записи 1156
2025-07-16 10:22:57,443 - INFO - 🔄 Обрабатываем запись 1157 (489/114708)
2025-07-16 10:22:57,971 - INFO - ✅ Эмбеддинг создан для записи 1157
2025-07-16 10:22:58,172 - INFO - 🔄 Обрабатываем запись 1158 (490/114708)
2025-07-16 10:22:58,739 - INFO - ✅ Эмбеддинг создан для записи 1158
2025-07-16 10:22:58,940 - INFO - 🔄 Обрабатываем запись 1159 (491/114708)
2025-07-16 10:22:59,407 - INFO - ✅ Эмбеддинг создан для записи 1159
2025-07-16 10:22:59,607 - INFO - 🔄 Обрабатываем запись 1160 (492/114708)
2025-07-16 10:23:00,077 - INFO - ✅ Эмбеддинг создан для записи 1160
2025-07-16 10:23:00,278 - INFO - 🔄 Обрабатываем запись 1161 (493/114708)
2025-07-16 10:23:00,748 - INFO - ✅ Эмбеддинг создан для записи 1161
2025-07-16 10:23:00,949 - INFO - 🔄 Обрабатываем запись 1162 (494/114708)
2025-07-16 10:23:01,427 - INFO - ✅ Эмбеддинг создан для записи 1162
2025-07-16 10:23:01,628 - INFO - 🔄 Обрабатываем запись 1163 (495/114708)
2025-07-16 10:23:02,431 - INFO - ✅ Эмбеддинг создан для записи 1163
2025-07-16 10:23:02,632 - INFO - 🔄 Обрабатываем запись 1164 (496/114708)
2025-07-16 10:23:03,122 - INFO - ✅ Эмбеддинг создан для записи 1164
2025-07-16 10:23:03,323 - INFO - 🔄 Обрабатываем запись 1165 (497/114708)
2025-07-16 10:23:03,827 - INFO - ✅ Эмбеддинг создан для записи 1165
2025-07-16 10:23:04,027 - INFO - 🔄 Обрабатываем запись 1166 (498/114708)
2025-07-16 10:23:04,530 - INFO - ✅ Эмбеддинг создан для записи 1166
2025-07-16 10:23:04,732 - INFO - 🔄 Обрабатываем запись 1167 (499/114708)
2025-07-16 10:23:05,448 - INFO - ✅ Эмбеддинг создан для записи 1167
2025-07-16 10:23:05,649 - INFO - 🔄 Обрабатываем запись 1168 (500/114708)
2025-07-16 10:23:06,111 - INFO - ✅ Эмбеддинг создан для записи 1168
2025-07-16 10:23:35,376 - INFO - 💾 Данные безопасно сохранены
2025-07-16 10:23:35,376 - INFO - 💾 Сохранено после 500 записей
2025-07-16 10:23:35,577 - INFO - 🔄 Обрабатываем запись 1169 (501/114708)
2025-07-16 10:23:36,262 - INFO - ✅ Эмбеддинг создан для записи 1169
2025-07-16 10:23:36,462 - INFO - 🔄 Обрабатываем запись 1170 (502/114708)
2025-07-16 10:23:36,873 - INFO - ✅ Эмбеддинг создан для записи 1170
2025-07-16 10:23:37,074 - INFO - 🔄 Обрабатываем запись 1171 (503/114708)
2025-07-16 10:23:37,594 - INFO - ✅ Эмбеддинг создан для записи 1171
2025-07-16 10:23:37,795 - INFO - 🔄 Обрабатываем запись 1172 (504/114708)
2025-07-16 10:23:38,484 - INFO - ✅ Эмбеддинг создан для записи 1172
2025-07-16 10:23:38,685 - INFO - 🔄 Обрабатываем запись 1173 (505/114708)
2025-07-16 10:23:39,379 - INFO - ✅ Эмбеддинг создан для записи 1173
2025-07-16 10:23:39,579 - INFO - 🔄 Обрабатываем запись 1174 (506/114708)
2025-07-16 10:23:40,036 - INFO - ✅ Эмбеддинг создан для записи 1174
2025-07-16 10:23:40,237 - INFO - 🔄 Обрабатываем запись 1175 (507/114708)
2025-07-16 10:23:40,724 - INFO - ✅ Эмбеддинг создан для записи 1175
2025-07-16 10:23:40,926 - INFO - 🔄 Обрабатываем запись 1176 (508/114708)
2025-07-16 10:23:41,452 - INFO - ✅ Эмбеддинг создан для записи 1176
2025-07-16 10:23:41,653 - INFO - 🔄 Обрабатываем запись 1177 (509/114708)
2025-07-16 10:23:42,154 - INFO - ✅ Эмбеддинг создан для записи 1177
2025-07-16 10:23:42,355 - INFO - 🔄 Обрабатываем запись 1178 (510/114708)
2025-07-16 10:23:42,841 - INFO - ✅ Эмбеддинг создан для записи 1178
2025-07-16 10:23:43,042 - INFO - 🔄 Обрабатываем запись 1179 (511/114708)
2025-07-16 10:23:43,604 - INFO - ✅ Эмбеддинг создан для записи 1179
2025-07-16 10:23:43,804 - INFO - 🔄 Обрабатываем запись 1180 (512/114708)
2025-07-16 10:23:44,324 - INFO - ✅ Эмбеддинг создан для записи 1180
2025-07-16 10:23:44,525 - INFO - 🔄 Обрабатываем запись 1181 (513/114708)
2025-07-16 10:23:45,011 - INFO - ✅ Эмбеддинг создан для записи 1181
2025-07-16 10:23:45,212 - INFO - 🔄 Обрабатываем запись 1182 (514/114708)
2025-07-16 10:23:45,725 - INFO - ✅ Эмбеддинг создан для записи 1182
2025-07-16 10:23:45,929 - INFO - 🔄 Обрабатываем запись 1183 (515/114708)
2025-07-16 10:23:46,431 - INFO - ✅ Эмбеддинг создан для записи 1183
2025-07-16 10:23:46,632 - INFO - 🔄 Обрабатываем запись 1184 (516/114708)
2025-07-16 10:23:47,103 - INFO - ✅ Эмбеддинг создан для записи 1184
2025-07-16 10:23:47,304 - INFO - 🔄 Обрабатываем запись 1185 (517/114708)
2025-07-16 10:23:47,842 - INFO - ✅ Эмбеддинг создан для записи 1185
2025-07-16 10:23:48,043 - INFO - 🔄 Обрабатываем запись 1186 (518/114708)
2025-07-16 10:23:48,584 - INFO - ✅ Эмбеддинг создан для записи 1186
2025-07-16 10:23:48,785 - INFO - 🔄 Обрабатываем запись 1187 (519/114708)
2025-07-16 10:23:49,184 - INFO - ✅ Эмбеддинг создан для записи 1187
2025-07-16 10:23:49,384 - INFO - 🔄 Обрабатываем запись 1188 (520/114708)
2025-07-16 10:23:49,899 - INFO - ✅ Эмбеддинг создан для записи 1188
2025-07-16 10:23:50,100 - INFO - 🔄 Обрабатываем запись 1189 (521/114708)
2025-07-16 10:23:50,664 - INFO - ✅ Эмбеддинг создан для записи 1189
2025-07-16 10:23:50,865 - INFO - 🔄 Обрабатываем запись 1190 (522/114708)
2025-07-16 10:23:51,561 - INFO - ✅ Эмбеддинг создан для записи 1190
2025-07-16 10:23:51,761 - INFO - 🔄 Обрабатываем запись 1191 (523/114708)
2025-07-16 10:23:52,502 - INFO - ✅ Эмбеддинг создан для записи 1191
2025-07-16 10:23:52,702 - INFO - 🔄 Обрабатываем запись 1192 (524/114708)
2025-07-16 10:23:53,248 - INFO - ✅ Эмбеддинг создан для записи 1192
2025-07-16 10:23:53,448 - INFO - 🔄 Обрабатываем запись 1193 (525/114708)
2025-07-16 10:23:54,075 - INFO - ✅ Эмбеддинг создан для записи 1193
2025-07-16 10:23:54,275 - INFO - 🔄 Обрабатываем запись 1194 (526/114708)
2025-07-16 10:23:54,788 - INFO - ✅ Эмбеддинг создан для записи 1194
2025-07-16 10:23:54,989 - INFO - 🔄 Обрабатываем запись 1195 (527/114708)
2025-07-16 10:23:55,531 - INFO - ✅ Эмбеддинг создан для записи 1195
2025-07-16 10:23:55,732 - INFO - 🔄 Обрабатываем запись 1196 (528/114708)
2025-07-16 10:23:56,239 - INFO - ✅ Эмбеддинг создан для записи 1196
2025-07-16 10:23:56,440 - INFO - 🔄 Обрабатываем запись 1197 (529/114708)
2025-07-16 10:23:56,825 - INFO - ✅ Эмбеддинг создан для записи 1197
2025-07-16 10:23:57,026 - INFO - 🔄 Обрабатываем запись 1198 (530/114708)
2025-07-16 10:23:57,496 - INFO - ✅ Эмбеддинг создан для записи 1198
2025-07-16 10:23:57,697 - INFO - 🔄 Обрабатываем запись 1199 (531/114708)
2025-07-16 10:23:58,189 - INFO - ✅ Эмбеддинг создан для записи 1199
2025-07-16 10:23:58,390 - INFO - 🔄 Обрабатываем запись 1200 (532/114708)
2025-07-16 10:23:58,914 - INFO - ✅ Эмбеддинг создан для записи 1200
2025-07-16 10:23:59,114 - INFO - 🔄 Обрабатываем запись 1201 (533/114708)
2025-07-16 10:23:59,568 - INFO - ✅ Эмбеддинг создан для записи 1201
2025-07-16 10:23:59,769 - INFO - 🔄 Обрабатываем запись 1202 (534/114708)
2025-07-16 10:24:00,245 - INFO - ✅ Эмбеддинг создан для записи 1202
2025-07-16 10:24:00,446 - INFO - 🔄 Обрабатываем запись 1203 (535/114708)
2025-07-16 10:24:00,988 - INFO - ✅ Эмбеддинг создан для записи 1203
2025-07-16 10:24:01,189 - INFO - 🔄 Обрабатываем запись 1204 (536/114708)
2025-07-16 10:24:01,696 - INFO - ✅ Эмбеддинг создан для записи 1204
2025-07-16 10:24:01,897 - INFO - 🔄 Обрабатываем запись 1205 (537/114708)
2025-07-16 10:24:02,360 - INFO - ✅ Эмбеддинг создан для записи 1205
2025-07-16 10:24:02,561 - INFO - 🔄 Обрабатываем запись 1206 (538/114708)
2025-07-16 10:24:03,047 - INFO - ✅ Эмбеддинг создан для записи 1206
2025-07-16 10:24:03,248 - INFO - 🔄 Обрабатываем запись 1207 (539/114708)
2025-07-16 10:24:03,693 - INFO - ✅ Эмбеддинг создан для записи 1207
2025-07-16 10:24:03,894 - INFO - 🔄 Обрабатываем запись 1208 (540/114708)
2025-07-16 10:24:04,485 - INFO - ✅ Эмбеддинг создан для записи 1208
2025-07-16 10:24:04,686 - INFO - 🔄 Обрабатываем запись 1209 (541/114708)
2025-07-16 10:24:05,241 - INFO - ✅ Эмбеддинг создан для записи 1209
2025-07-16 10:24:05,441 - INFO - 🔄 Обрабатываем запись 1210 (542/114708)
2025-07-16 10:24:05,956 - INFO - ✅ Эмбеддинг создан для записи 1210
2025-07-16 10:24:06,157 - INFO - 🔄 Обрабатываем запись 1211 (543/114708)
2025-07-16 10:24:06,654 - INFO - ✅ Эмбеддинг создан для записи 1211
2025-07-16 10:24:06,855 - INFO - 🔄 Обрабатываем запись 1212 (544/114708)
2025-07-16 10:24:07,398 - INFO - ✅ Эмбеддинг создан для записи 1212
2025-07-16 10:24:07,598 - INFO - 🔄 Обрабатываем запись 1213 (545/114708)
2025-07-16 10:24:08,396 - INFO - ✅ Эмбеддинг создан для записи 1213
2025-07-16 10:24:08,596 - INFO - 🔄 Обрабатываем запись 1214 (546/114708)
2025-07-16 10:24:09,121 - INFO - ✅ Эмбеддинг создан для записи 1214
2025-07-16 10:24:09,322 - INFO - 🔄 Обрабатываем запись 1215 (547/114708)
2025-07-16 10:24:09,821 - INFO - ✅ Эмбеддинг создан для записи 1215
2025-07-16 10:24:10,022 - INFO - 🔄 Обрабатываем запись 1216 (548/114708)
2025-07-16 10:24:10,510 - INFO - ✅ Эмбеддинг создан для записи 1216
2025-07-16 10:24:10,710 - INFO - 🔄 Обрабатываем запись 1217 (549/114708)
2025-07-16 10:24:11,181 - INFO - ✅ Эмбеддинг создан для записи 1217
2025-07-16 10:24:11,382 - INFO - 🔄 Обрабатываем запись 1218 (550/114708)
2025-07-16 10:24:11,885 - INFO - ✅ Эмбеддинг создан для записи 1218
2025-07-16 10:24:12,085 - INFO - 🔄 Обрабатываем запись 1219 (551/114708)
2025-07-16 10:24:12,667 - INFO - ✅ Эмбеддинг создан для записи 1219
2025-07-16 10:24:12,867 - INFO - 🔄 Обрабатываем запись 1220 (552/114708)
2025-07-16 10:24:13,377 - INFO - ✅ Эмбеддинг создан для записи 1220
2025-07-16 10:24:13,577 - INFO - 🔄 Обрабатываем запись 1221 (553/114708)
2025-07-16 10:24:14,130 - INFO - ✅ Эмбеддинг создан для записи 1221
2025-07-16 10:24:14,331 - INFO - 🔄 Обрабатываем запись 1222 (554/114708)
2025-07-16 10:24:14,773 - INFO - ✅ Эмбеддинг создан для записи 1222
2025-07-16 10:24:14,974 - INFO - 🔄 Обрабатываем запись 1223 (555/114708)
2025-07-16 10:24:15,460 - INFO - ✅ Эмбеддинг создан для записи 1223
2025-07-16 10:24:15,660 - INFO - 🔄 Обрабатываем запись 1224 (556/114708)
2025-07-16 10:24:16,196 - INFO - ✅ Эмбеддинг создан для записи 1224
2025-07-16 10:24:16,396 - INFO - 🔄 Обрабатываем запись 1225 (557/114708)
2025-07-16 10:24:16,799 - INFO - ✅ Эмбеддинг создан для записи 1225
2025-07-16 10:24:17,000 - INFO - 🔄 Обрабатываем запись 1226 (558/114708)
2025-07-16 10:24:17,555 - INFO - ✅ Эмбеддинг создан для записи 1226
2025-07-16 10:24:17,756 - INFO - 🔄 Обрабатываем запись 1227 (559/114708)
2025-07-16 10:24:18,269 - INFO - ✅ Эмбеддинг создан для записи 1227
2025-07-16 10:24:18,469 - INFO - 🔄 Обрабатываем запись 1228 (560/114708)
2025-07-16 10:24:19,084 - INFO - ✅ Эмбеддинг создан для записи 1228
2025-07-16 10:24:19,285 - INFO - 🔄 Обрабатываем запись 1229 (561/114708)
2025-07-16 10:24:19,775 - INFO - ✅ Эмбеддинг создан для записи 1229
2025-07-16 10:24:19,976 - INFO - 🔄 Обрабатываем запись 1230 (562/114708)
2025-07-16 10:24:20,508 - INFO - ✅ Эмбеддинг создан для записи 1230
2025-07-16 10:24:20,709 - INFO - 🔄 Обрабатываем запись 1231 (563/114708)
2025-07-16 10:24:21,265 - INFO - ✅ Эмбеддинг создан для записи 1231
2025-07-16 10:24:21,466 - INFO - 🔄 Обрабатываем запись 1232 (564/114708)
2025-07-16 10:24:22,027 - INFO - ✅ Эмбеддинг создан для записи 1232
2025-07-16 10:24:22,228 - INFO - 🔄 Обрабатываем запись 1233 (565/114708)
2025-07-16 10:24:23,158 - INFO - ✅ Эмбеддинг создан для записи 1233
2025-07-16 10:24:23,359 - INFO - 🔄 Обрабатываем запись 1234 (566/114708)
2025-07-16 10:24:24,122 - INFO - ✅ Эмбеддинг создан для записи 1234
2025-07-16 10:24:24,323 - INFO - 🔄 Обрабатываем запись 1235 (567/114708)
2025-07-16 10:24:24,905 - INFO - ✅ Эмбеддинг создан для записи 1235
2025-07-16 10:24:25,106 - INFO - 🔄 Обрабатываем запись 1236 (568/114708)
2025-07-16 10:24:25,654 - INFO - ✅ Эмбеддинг создан для записи 1236
2025-07-16 10:24:25,855 - INFO - 🔄 Обрабатываем запись 1237 (569/114708)
2025-07-16 10:24:26,272 - INFO - ✅ Эмбеддинг создан для записи 1237
2025-07-16 10:24:26,473 - INFO - 🔄 Обрабатываем запись 1238 (570/114708)
2025-07-16 10:24:26,913 - INFO - ✅ Эмбеддинг создан для записи 1238
2025-07-16 10:24:27,113 - INFO - 🔄 Обрабатываем запись 1239 (571/114708)
2025-07-16 10:24:27,599 - INFO - ✅ Эмбеддинг создан для записи 1239
2025-07-16 10:24:27,802 - INFO - 🔄 Обрабатываем запись 1240 (572/114708)
2025-07-16 10:24:28,322 - INFO - ✅ Эмбеддинг создан для записи 1240
2025-07-16 10:24:28,523 - INFO - 🔄 Обрабатываем запись 1241 (573/114708)
2025-07-16 10:24:29,211 - INFO - ✅ Эмбеддинг создан для записи 1241
2025-07-16 10:24:29,412 - INFO - 🔄 Обрабатываем запись 1242 (574/114708)
2025-07-16 10:24:30,276 - INFO - ✅ Эмбеддинг создан для записи 1242
2025-07-16 10:24:30,477 - INFO - 🔄 Обрабатываем запись 1243 (575/114708)
2025-07-16 10:24:31,030 - INFO - ✅ Эмбеддинг создан для записи 1243
2025-07-16 10:24:31,231 - INFO - 🔄 Обрабатываем запись 1244 (576/114708)
2025-07-16 10:24:31,718 - INFO - ✅ Эмбеддинг создан для записи 1244
2025-07-16 10:24:31,918 - INFO - 🔄 Обрабатываем запись 1245 (577/114708)
2025-07-16 10:24:32,393 - INFO - ✅ Эмбеддинг создан для записи 1245
2025-07-16 10:24:32,594 - INFO - 🔄 Обрабатываем запись 1246 (578/114708)
2025-07-16 10:24:33,055 - INFO - ✅ Эмбеддинг создан для записи 1246
2025-07-16 10:24:33,256 - INFO - 🔄 Обрабатываем запись 1247 (579/114708)
2025-07-16 10:24:33,728 - INFO - ✅ Эмбеддинг создан для записи 1247
2025-07-16 10:24:33,929 - INFO - 🔄 Обрабатываем запись 1248 (580/114708)
2025-07-16 10:24:34,455 - INFO - ✅ Эмбеддинг создан для записи 1248
2025-07-16 10:24:34,656 - INFO - 🔄 Обрабатываем запись 1249 (581/114708)
2025-07-16 10:24:35,176 - INFO - ✅ Эмбеддинг создан для записи 1249
2025-07-16 10:24:35,377 - INFO - 🔄 Обрабатываем запись 1250 (582/114708)
2025-07-16 10:24:35,887 - INFO - ✅ Эмбеддинг создан для записи 1250
2025-07-16 10:24:36,088 - INFO - 🔄 Обрабатываем запись 1251 (583/114708)
2025-07-16 10:24:36,601 - INFO - ✅ Эмбеддинг создан для записи 1251
2025-07-16 10:24:36,802 - INFO - 🔄 Обрабатываем запись 1252 (584/114708)
2025-07-16 10:24:37,419 - INFO - ✅ Эмбеддинг создан для записи 1252
2025-07-16 10:24:37,623 - INFO - 🔄 Обрабатываем запись 1253 (585/114708)
2025-07-16 10:24:38,149 - INFO - ✅ Эмбеддинг создан для записи 1253
2025-07-16 10:24:38,349 - INFO - 🔄 Обрабатываем запись 1254 (586/114708)
2025-07-16 10:24:38,857 - INFO - ✅ Эмбеддинг создан для записи 1254
2025-07-16 10:24:39,058 - INFO - 🔄 Обрабатываем запись 1255 (587/114708)
2025-07-16 10:24:39,583 - INFO - ✅ Эмбеддинг создан для записи 1255
2025-07-16 10:24:39,784 - INFO - 🔄 Обрабатываем запись 1256 (588/114708)
2025-07-16 10:24:40,293 - INFO - ✅ Эмбеддинг создан для записи 1256
2025-07-16 10:24:40,494 - INFO - 🔄 Обрабатываем запись 1257 (589/114708)
2025-07-16 10:24:40,970 - INFO - ✅ Эмбеддинг создан для записи 1257
2025-07-16 10:24:41,171 - INFO - 🔄 Обрабатываем запись 1258 (590/114708)
2025-07-16 10:24:41,660 - INFO - ✅ Эмбеддинг создан для записи 1258
2025-07-16 10:24:41,861 - INFO - 🔄 Обрабатываем запись 1259 (591/114708)
2025-07-16 10:24:43,014 - INFO - ✅ Эмбеддинг создан для записи 1259
2025-07-16 10:24:43,215 - INFO - 🔄 Обрабатываем запись 1260 (592/114708)
2025-07-16 10:24:43,852 - INFO - ✅ Эмбеддинг создан для записи 1260
2025-07-16 10:24:44,052 - INFO - 🔄 Обрабатываем запись 1261 (593/114708)
2025-07-16 10:24:44,625 - INFO - ✅ Эмбеддинг создан для записи 1261
2025-07-16 10:24:44,826 - INFO - 🔄 Обрабатываем запись 1262 (594/114708)
2025-07-16 10:24:45,344 - INFO - ✅ Эмбеддинг создан для записи 1262
2025-07-16 10:24:45,546 - INFO - 🔄 Обрабатываем запись 1263 (595/114708)
2025-07-16 10:24:46,337 - INFO - ✅ Эмбеддинг создан для записи 1263
2025-07-16 10:24:46,537 - INFO - 🔄 Обрабатываем запись 1264 (596/114708)
2025-07-16 10:24:47,075 - INFO - ✅ Эмбеддинг создан для записи 1264
2025-07-16 10:24:47,276 - INFO - 🔄 Обрабатываем запись 1265 (597/114708)
2025-07-16 10:24:47,758 - INFO - ✅ Эмбеддинг создан для записи 1265
2025-07-16 10:24:47,958 - INFO - 🔄 Обрабатываем запись 1266 (598/114708)
2025-07-16 10:24:48,614 - INFO - ✅ Эмбеддинг создан для записи 1266
2025-07-16 10:24:48,815 - INFO - 🔄 Обрабатываем запись 1267 (599/114708)
2025-07-16 10:24:49,414 - INFO - ✅ Эмбеддинг создан для записи 1267
2025-07-16 10:24:49,614 - INFO - 🔄 Обрабатываем запись 1268 (600/114708)
2025-07-16 10:24:50,138 - INFO - ✅ Эмбеддинг создан для записи 1268
2025-07-16 10:25:18,588 - INFO - 💾 Данные безопасно сохранены
2025-07-16 10:25:18,589 - INFO - 💾 Сохранено после 600 записей
2025-07-16 10:25:18,790 - INFO - 🔄 Обрабатываем запись 1269 (601/114708)
2025-07-16 10:25:19,446 - INFO - ✅ Эмбеддинг создан для записи 1269
2025-07-16 10:25:19,647 - INFO - 🔄 Обрабатываем запись 1270 (602/114708)
2025-07-16 10:25:20,248 - INFO - ✅ Эмбеддинг создан для записи 1270
2025-07-16 10:25:20,449 - INFO - 🔄 Обрабатываем запись 1271 (603/114708)
2025-07-16 10:25:21,265 - INFO - ✅ Эмбеддинг создан для записи 1271
2025-07-16 10:25:21,465 - INFO - 🔄 Обрабатываем запись 1272 (604/114708)
2025-07-16 10:25:22,256 - INFO - ✅ Эмбеддинг создан для записи 1272
2025-07-16 10:25:22,457 - INFO - 🔄 Обрабатываем запись 1273 (605/114708)
2025-07-16 10:25:23,490 - INFO - ✅ Эмбеддинг создан для записи 1273
2025-07-16 10:25:23,690 - INFO - 🔄 Обрабатываем запись 1274 (606/114708)
2025-07-16 10:25:24,438 - INFO - ✅ Эмбеддинг создан для записи 1274
2025-07-16 10:25:24,638 - INFO - 🔄 Обрабатываем запись 1275 (607/114708)
2025-07-16 10:25:25,276 - INFO - ✅ Эмбеддинг создан для записи 1275
2025-07-16 10:25:25,477 - INFO - 🔄 Обрабатываем запись 1276 (608/114708)
2025-07-16 10:25:26,034 - INFO - ✅ Эмбеддинг создан для записи 1276
2025-07-16 10:25:26,235 - INFO - 🔄 Обрабатываем запись 1277 (609/114708)
2025-07-16 10:25:26,783 - INFO - ✅ Эмбеддинг создан для записи 1277
2025-07-16 10:25:26,984 - INFO - 🔄 Обрабатываем запись 1278 (610/114708)
2025-07-16 10:25:27,473 - INFO - ✅ Эмбеддинг создан для записи 1278
2025-07-16 10:25:27,674 - INFO - 🔄 Обрабатываем запись 1279 (611/114708)
2025-07-16 10:25:28,109 - INFO - ✅ Эмбеддинг создан для записи 1279
2025-07-16 10:25:28,310 - INFO - 🔄 Обрабатываем запись 1280 (612/114708)
2025-07-16 10:25:28,835 - INFO - ✅ Эмбеддинг создан для записи 1280
2025-07-16 10:25:29,036 - INFO - 🔄 Обрабатываем запись 1281 (613/114708)
2025-07-16 10:25:29,560 - INFO - ✅ Эмбеддинг создан для записи 1281
2025-07-16 10:25:29,761 - INFO - 🔄 Обрабатываем запись 1282 (614/114708)
2025-07-16 10:25:30,322 - INFO - ✅ Эмбеддинг создан для записи 1282
2025-07-16 10:25:30,523 - INFO - 🔄 Обрабатываем запись 1283 (615/114708)
2025-07-16 10:25:31,061 - INFO - ✅ Эмбеддинг создан для записи 1283
2025-07-16 10:25:31,262 - INFO - 🔄 Обрабатываем запись 1284 (616/114708)
2025-07-16 10:25:31,787 - INFO - ✅ Эмбеддинг создан для записи 1284
2025-07-16 10:25:31,987 - INFO - 🔄 Обрабатываем запись 1285 (617/114708)
2025-07-16 10:25:32,408 - INFO - ✅ Эмбеддинг создан для записи 1285
2025-07-16 10:25:32,608 - INFO - 🔄 Обрабатываем запись 1286 (618/114708)
2025-07-16 10:25:33,142 - INFO - ✅ Эмбеддинг создан для записи 1286
2025-07-16 10:25:33,342 - INFO - 🔄 Обрабатываем запись 1287 (619/114708)
2025-07-16 10:25:33,859 - INFO - ✅ Эмбеддинг создан для записи 1287
2025-07-16 10:25:34,059 - INFO - 🔄 Обрабатываем запись 1288 (620/114708)
2025-07-16 10:25:34,491 - INFO - ✅ Эмбеддинг создан для записи 1288
2025-07-16 10:25:34,691 - INFO - 🔄 Обрабатываем запись 1289 (621/114708)
2025-07-16 10:25:35,207 - INFO - ✅ Эмбеддинг создан для записи 1289
2025-07-16 10:25:35,408 - INFO - 🔄 Обрабатываем запись 1290 (622/114708)
2025-07-16 10:25:36,012 - INFO - ✅ Эмбеддинг создан для записи 1290
2025-07-16 10:25:36,217 - INFO - 🔄 Обрабатываем запись 1291 (623/114708)
2025-07-16 10:25:36,724 - INFO - ✅ Эмбеддинг создан для записи 1291
2025-07-16 10:25:36,925 - INFO - 🔄 Обрабатываем запись 1292 (624/114708)
2025-07-16 10:25:37,452 - INFO - ✅ Эмбеддинг создан для записи 1292
2025-07-16 10:25:37,653 - INFO - 🔄 Обрабатываем запись 1293 (625/114708)
2025-07-16 10:25:38,107 - INFO - ✅ Эмбеддинг создан для записи 1293
2025-07-16 10:25:38,308 - INFO - 🔄 Обрабатываем запись 1294 (626/114708)
2025-07-16 10:25:38,907 - INFO - ✅ Эмбеддинг создан для записи 1294
2025-07-16 10:25:39,107 - INFO - 🔄 Обрабатываем запись 1295 (627/114708)
2025-07-16 10:25:39,667 - INFO - ✅ Эмбеддинг создан для записи 1295
2025-07-16 10:25:39,868 - INFO - 🔄 Обрабатываем запись 1296 (628/114708)
2025-07-16 10:25:40,445 - INFO - ✅ Эмбеддинг создан для записи 1296
2025-07-16 10:25:40,645 - INFO - 🔄 Обрабатываем запись 1297 (629/114708)
2025-07-16 10:25:41,230 - INFO - ✅ Эмбеддинг создан для записи 1297
2025-07-16 10:25:41,431 - INFO - 🔄 Обрабатываем запись 1298 (630/114708)
2025-07-16 10:25:41,943 - INFO - ✅ Эмбеддинг создан для записи 1298
2025-07-16 10:25:42,144 - INFO - 🔄 Обрабатываем запись 1299 (631/114708)
2025-07-16 10:25:42,662 - INFO - ✅ Эмбеддинг создан для записи 1299
2025-07-16 10:25:42,864 - INFO - 🔄 Обрабатываем запись 1300 (632/114708)
2025-07-16 10:25:43,287 - INFO - ✅ Эмбеддинг создан для записи 1300
2025-07-16 10:25:43,488 - INFO - 🔄 Обрабатываем запись 1301 (633/114708)
2025-07-16 10:25:44,052 - INFO - ✅ Эмбеддинг создан для записи 1301
2025-07-16 10:25:44,253 - INFO - 🔄 Обрабатываем запись 1302 (634/114708)
2025-07-16 10:25:44,846 - INFO - ✅ Эмбеддинг создан для записи 1302
2025-07-16 10:25:45,047 - INFO - 🔄 Обрабатываем запись 1303 (635/114708)
2025-07-16 10:25:45,539 - INFO - ✅ Эмбеддинг создан для записи 1303
2025-07-16 10:25:45,740 - INFO - 🔄 Обрабатываем запись 1304 (636/114708)
2025-07-16 10:25:46,543 - INFO - ✅ Эмбеддинг создан для записи 1304
2025-07-16 10:25:46,744 - INFO - 🔄 Обрабатываем запись 1305 (637/114708)
2025-07-16 10:25:47,368 - INFO - ✅ Эмбеддинг создан для записи 1305
2025-07-16 10:25:47,568 - INFO - 🔄 Обрабатываем запись 1306 (638/114708)
2025-07-16 10:25:48,003 - INFO - ✅ Эмбеддинг создан для записи 1306
2025-07-16 10:25:48,203 - INFO - 🔄 Обрабатываем запись 1307 (639/114708)
2025-07-16 10:25:48,627 - INFO - ✅ Эмбеддинг создан для записи 1307
2025-07-16 10:25:48,827 - INFO - 🔄 Обрабатываем запись 1308 (640/114708)
2025-07-16 10:25:49,354 - INFO - ✅ Эмбеддинг создан для записи 1308
2025-07-16 10:25:49,555 - INFO - 🔄 Обрабатываем запись 1309 (641/114708)
2025-07-16 10:25:50,054 - INFO - ✅ Эмбеддинг создан для записи 1309
2025-07-16 10:25:50,254 - INFO - 🔄 Обрабатываем запись 1310 (642/114708)
2025-07-16 10:25:50,691 - INFO - ✅ Эмбеддинг создан для записи 1310
2025-07-16 10:25:50,892 - INFO - 🔄 Обрабатываем запись 1311 (643/114708)
2025-07-16 10:25:51,330 - INFO - ✅ Эмбеддинг создан для записи 1311
2025-07-16 10:25:51,531 - INFO - 🔄 Обрабатываем запись 1312 (644/114708)
2025-07-16 10:25:52,035 - INFO - ✅ Эмбеддинг создан для записи 1312
2025-07-16 10:25:52,236 - INFO - 🔄 Обрабатываем запись 1313 (645/114708)
2025-07-16 10:25:52,738 - INFO - ✅ Эмбеддинг создан для записи 1313
2025-07-16 10:25:52,939 - INFO - 🔄 Обрабатываем запись 1314 (646/114708)
2025-07-16 10:25:53,662 - INFO - ✅ Эмбеддинг создан для записи 1314
2025-07-16 10:25:53,863 - INFO - 🔄 Обрабатываем запись 1315 (647/114708)
2025-07-16 10:25:54,385 - INFO - ✅ Эмбеддинг создан для записи 1315
2025-07-16 10:25:54,585 - INFO - 🔄 Обрабатываем запись 1316 (648/114708)
2025-07-16 10:25:55,089 - INFO - ✅ Эмбеддинг создан для записи 1316
2025-07-16 10:25:55,290 - INFO - 🔄 Обрабатываем запись 1317 (649/114708)
2025-07-16 10:25:55,805 - INFO - ✅ Эмбеддинг создан для записи 1317
2025-07-16 10:25:56,005 - INFO - 🔄 Обрабатываем запись 1318 (650/114708)
2025-07-16 10:25:56,620 - INFO - ✅ Эмбеддинг создан для записи 1318
2025-07-16 10:25:56,821 - INFO - 🔄 Обрабатываем запись 1319 (651/114708)
2025-07-16 10:25:57,339 - INFO - ✅ Эмбеддинг создан для записи 1319
2025-07-16 10:25:57,539 - INFO - 🔄 Обрабатываем запись 1320 (652/114708)
2025-07-16 10:25:58,054 - INFO - ✅ Эмбеддинг создан для записи 1320
2025-07-16 10:25:58,255 - INFO - 🔄 Обрабатываем запись 1321 (653/114708)
2025-07-16 10:25:58,730 - INFO - ✅ Эмбеддинг создан для записи 1321
2025-07-16 10:25:58,930 - INFO - 🔄 Обрабатываем запись 1322 (654/114708)
2025-07-16 10:25:59,306 - INFO - ✅ Эмбеддинг создан для записи 1322
2025-07-16 10:25:59,506 - INFO - 🔄 Обрабатываем запись 1323 (655/114708)
2025-07-16 10:25:59,994 - INFO - ✅ Эмбеддинг создан для записи 1323
2025-07-16 10:26:00,194 - INFO - 🔄 Обрабатываем запись 1324 (656/114708)
2025-07-16 10:26:00,715 - INFO - ✅ Эмбеддинг создан для записи 1324
2025-07-16 10:26:00,916 - INFO - 🔄 Обрабатываем запись 1325 (657/114708)
2025-07-16 10:26:01,387 - INFO - ✅ Эмбеддинг создан для записи 1325
2025-07-16 10:26:01,588 - INFO - 🔄 Обрабатываем запись 1326 (658/114708)
2025-07-16 10:26:02,004 - INFO - ✅ Эмбеддинг создан для записи 1326
2025-07-16 10:26:02,205 - INFO - 🔄 Обрабатываем запись 1327 (659/114708)
2025-07-16 10:26:02,672 - INFO - ✅ Эмбеддинг создан для записи 1327
2025-07-16 10:26:02,872 - INFO - 🔄 Обрабатываем запись 1328 (660/114708)
2025-07-16 10:26:03,279 - INFO - ✅ Эмбеддинг создан для записи 1328
2025-07-16 10:26:03,480 - INFO - 🔄 Обрабатываем запись 1329 (661/114708)
2025-07-16 10:26:04,010 - INFO - ✅ Эмбеддинг создан для записи 1329
2025-07-16 10:26:04,211 - INFO - 🔄 Обрабатываем запись 1330 (662/114708)
2025-07-16 10:26:04,844 - INFO - ✅ Эмбеддинг создан для записи 1330
2025-07-16 10:26:05,045 - INFO - 🔄 Обрабатываем запись 1331 (663/114708)
2025-07-16 10:26:05,536 - INFO - ✅ Эмбеддинг создан для записи 1331
2025-07-16 10:26:05,737 - INFO - 🔄 Обрабатываем запись 1332 (664/114708)
2025-07-16 10:26:06,266 - INFO - ✅ Эмбеддинг создан для записи 1332
2025-07-16 10:26:06,468 - INFO - 🔄 Обрабатываем запись 1333 (665/114708)
2025-07-16 10:26:07,178 - INFO - ✅ Эмбеддинг создан для записи 1333
2025-07-16 10:26:07,379 - INFO - 🔄 Обрабатываем запись 1334 (666/114708)
2025-07-16 10:26:07,782 - INFO - ✅ Эмбеддинг создан для записи 1334
2025-07-16 10:26:07,982 - INFO - 🔄 Обрабатываем запись 1335 (667/114708)
2025-07-16 10:26:08,610 - INFO - ✅ Эмбеддинг создан для записи 1335
2025-07-16 10:26:08,810 - INFO - 🔄 Обрабатываем запись 1336 (668/114708)
2025-07-16 10:26:09,333 - INFO - ✅ Эмбеддинг создан для записи 1336
2025-07-16 10:26:09,534 - INFO - 🔄 Обрабатываем запись 1337 (669/114708)
2025-07-16 10:26:10,062 - INFO - ✅ Эмбеддинг создан для записи 1337
2025-07-16 10:26:10,265 - INFO - 🔄 Обрабатываем запись 1338 (670/114708)
2025-07-16 10:26:10,760 - INFO - ✅ Эмбеддинг создан для записи 1338
2025-07-16 10:26:10,961 - INFO - 🔄 Обрабатываем запись 1339 (671/114708)
2025-07-16 10:26:11,470 - INFO - ✅ Эмбеддинг создан для записи 1339
2025-07-16 10:26:11,671 - INFO - 🔄 Обрабатываем запись 1340 (672/114708)
2025-07-16 10:26:12,190 - INFO - ✅ Эмбеддинг создан для записи 1340
2025-07-16 10:26:12,391 - INFO - 🔄 Обрабатываем запись 1341 (673/114708)
2025-07-16 10:26:12,915 - INFO - ✅ Эмбеддинг создан для записи 1341
2025-07-16 10:26:13,115 - INFO - 🔄 Обрабатываем запись 1342 (674/114708)
2025-07-16 10:26:13,728 - INFO - ✅ Эмбеддинг создан для записи 1342
2025-07-16 10:26:13,929 - INFO - 🔄 Обрабатываем запись 1343 (675/114708)
2025-07-16 10:26:14,428 - INFO - ✅ Эмбеддинг создан для записи 1343
2025-07-16 10:26:14,630 - INFO - 🔄 Обрабатываем запись 1344 (676/114708)
2025-07-16 10:26:15,161 - INFO - ✅ Эмбеддинг создан для записи 1344
2025-07-16 10:26:15,362 - INFO - 🔄 Обрабатываем запись 1345 (677/114708)
2025-07-16 10:26:15,880 - INFO - ✅ Эмбеддинг создан для записи 1345
2025-07-16 10:26:16,081 - INFO - 🔄 Обрабатываем запись 1346 (678/114708)
2025-07-16 10:26:16,701 - INFO - ✅ Эмбеддинг создан для записи 1346
2025-07-16 10:26:16,902 - INFO - 🔄 Обрабатываем запись 1347 (679/114708)
2025-07-16 10:26:17,423 - INFO - ✅ Эмбеддинг создан для записи 1347
2025-07-16 10:26:17,624 - INFO - 🔄 Обрабатываем запись 1348 (680/114708)
2025-07-16 10:26:18,147 - INFO - ✅ Эмбеддинг создан для записи 1348
2025-07-16 10:26:18,348 - INFO - 🔄 Обрабатываем запись 1349 (681/114708)
2025-07-16 10:26:18,851 - INFO - ✅ Эмбеддинг создан для записи 1349
2025-07-16 10:26:19,051 - INFO - 🔄 Обрабатываем запись 1350 (682/114708)
2025-07-16 10:26:19,678 - INFO - ✅ Эмбеддинг создан для записи 1350
2025-07-16 10:26:19,880 - INFO - 🔄 Обрабатываем запись 1351 (683/114708)
2025-07-16 10:26:20,390 - INFO - ✅ Эмбеддинг создан для записи 1351
2025-07-16 10:26:20,590 - INFO - 🔄 Обрабатываем запись 1352 (684/114708)
2025-07-16 10:26:21,096 - INFO - ✅ Эмбеддинг создан для записи 1352
2025-07-16 10:26:21,297 - INFO - 🔄 Обрабатываем запись 1353 (685/114708)
2025-07-16 10:26:21,924 - INFO - ✅ Эмбеддинг создан для записи 1353
2025-07-16 10:26:22,124 - INFO - 🔄 Обрабатываем запись 1354 (686/114708)
2025-07-16 10:26:22,632 - INFO - ✅ Эмбеддинг создан для записи 1354
2025-07-16 10:26:22,833 - INFO - 🔄 Обрабатываем запись 1355 (687/114708)
2025-07-16 10:26:23,362 - INFO - ✅ Эмбеддинг создан для записи 1355
2025-07-16 10:26:23,563 - INFO - 🔄 Обрабатываем запись 1356 (688/114708)
2025-07-16 10:26:24,088 - INFO - ✅ Эмбеддинг создан для записи 1356
2025-07-16 10:26:24,289 - INFO - 🔄 Обрабатываем запись 1357 (689/114708)
2025-07-16 10:26:24,894 - INFO - ✅ Эмбеддинг создан для записи 1357
2025-07-16 10:26:25,094 - INFO - 🔄 Обрабатываем запись 1358 (690/114708)
2025-07-16 10:26:25,601 - INFO - ✅ Эмбеддинг создан для записи 1358
2025-07-16 10:26:25,801 - INFO - 🔄 Обрабатываем запись 1359 (691/114708)
2025-07-16 10:26:26,334 - INFO - ✅ Эмбеддинг создан для записи 1359
2025-07-16 10:26:26,534 - INFO - 🔄 Обрабатываем запись 1360 (692/114708)
2025-07-16 10:26:27,056 - INFO - ✅ Эмбеддинг создан для записи 1360
2025-07-16 10:26:27,257 - INFO - 🔄 Обрабатываем запись 1361 (693/114708)
2025-07-16 10:26:27,858 - INFO - ✅ Эмбеддинг создан для записи 1361
2025-07-16 10:26:28,059 - INFO - 🔄 Обрабатываем запись 1362 (694/114708)
2025-07-16 10:26:28,577 - INFO - ✅ Эмбеддинг создан для записи 1362
2025-07-16 10:26:28,778 - INFO - 🔄 Обрабатываем запись 1363 (695/114708)
2025-07-16 10:26:29,293 - INFO - ✅ Эмбеддинг создан для записи 1363
2025-07-16 10:26:29,494 - INFO - 🔄 Обрабатываем запись 1364 (696/114708)
2025-07-16 10:26:29,954 - INFO - ✅ Эмбеддинг создан для записи 1364
2025-07-16 10:26:30,156 - INFO - 🔄 Обрабатываем запись 1365 (697/114708)
2025-07-16 10:26:30,828 - INFO - ✅ Эмбеддинг создан для записи 1365
2025-07-16 10:26:31,029 - INFO - 🔄 Обрабатываем запись 1366 (698/114708)
2025-07-16 10:26:31,651 - INFO - ✅ Эмбеддинг создан для записи 1366
2025-07-16 10:26:31,852 - INFO - 🔄 Обрабатываем запись 1367 (699/114708)
2025-07-16 10:26:32,338 - INFO - ✅ Эмбеддинг создан для записи 1367
2025-07-16 10:26:32,538 - INFO - 🔄 Обрабатываем запись 1368 (700/114708)
2025-07-16 10:26:32,920 - INFO - ✅ Эмбеддинг создан для записи 1368
2025-07-16 10:27:09,715 - INFO - 💾 Данные безопасно сохранены
2025-07-16 10:27:09,715 - INFO - 💾 Сохранено после 700 записей
2025-07-16 10:27:09,916 - INFO - 🔄 Обрабатываем запись 1369 (701/114708)
2025-07-16 10:27:10,914 - INFO - ✅ Эмбеддинг создан для записи 1369
2025-07-16 10:27:11,115 - INFO - 🔄 Обрабатываем запись 1370 (702/114708)
2025-07-16 10:27:11,708 - INFO - ✅ Эмбеддинг создан для записи 1370
2025-07-16 10:27:11,909 - INFO - 🔄 Обрабатываем запись 1371 (703/114708)
2025-07-16 10:27:12,528 - INFO - ✅ Эмбеддинг создан для записи 1371
2025-07-16 10:27:12,730 - INFO - 🔄 Обрабатываем запись 1372 (704/114708)
2025-07-16 10:27:13,221 - INFO - ✅ Эмбеддинг создан для записи 1372
2025-07-16 10:27:13,422 - INFO - 🔄 Обрабатываем запись 1373 (705/114708)
2025-07-16 10:27:13,959 - INFO - ✅ Эмбеддинг создан для записи 1373
2025-07-16 10:27:14,160 - INFO - 🔄 Обрабатываем запись 1374 (706/114708)
2025-07-16 10:27:14,648 - INFO - ✅ Эмбеддинг создан для записи 1374
2025-07-16 10:27:14,849 - INFO - 🔄 Обрабатываем запись 1375 (707/114708)
2025-07-16 10:27:15,406 - INFO - ✅ Эмбеддинг создан для записи 1375
2025-07-16 10:27:15,607 - INFO - 🔄 Обрабатываем запись 1376 (708/114708)
2025-07-16 10:27:16,005 - INFO - ✅ Эмбеддинг создан для записи 1376
2025-07-16 10:27:16,206 - INFO - 🔄 Обрабатываем запись 1377 (709/114708)
2025-07-16 10:27:16,711 - INFO - ✅ Эмбеддинг создан для записи 1377
2025-07-16 10:27:16,912 - INFO - 🔄 Обрабатываем запись 1378 (710/114708)
2025-07-16 10:27:17,738 - INFO - ✅ Эмбеддинг создан для записи 1378
2025-07-16 10:27:17,939 - INFO - 🔄 Обрабатываем запись 1379 (711/114708)
2025-07-16 10:27:18,422 - INFO - ✅ Эмбеддинг создан для записи 1379
2025-07-16 10:27:18,623 - INFO - 🔄 Обрабатываем запись 1380 (712/114708)
2025-07-16 10:27:19,367 - INFO - ✅ Эмбеддинг создан для записи 1380
2025-07-16 10:27:19,567 - INFO - 🔄 Обрабатываем запись 1381 (713/114708)
2025-07-16 10:27:20,036 - INFO - ✅ Эмбеддинг создан для записи 1381
2025-07-16 10:27:20,237 - INFO - 🔄 Обрабатываем запись 1382 (714/114708)
2025-07-16 10:27:20,723 - INFO - ✅ Эмбеддинг создан для записи 1382
2025-07-16 10:27:20,924 - INFO - 🔄 Обрабатываем запись 1383 (715/114708)
2025-07-16 10:27:21,417 - INFO - ✅ Эмбеддинг создан для записи 1383
2025-07-16 10:27:21,618 - INFO - 🔄 Обрабатываем запись 1384 (716/114708)
2025-07-16 10:27:22,054 - INFO - ✅ Эмбеддинг создан для записи 1384
2025-07-16 10:27:22,255 - INFO - 🔄 Обрабатываем запись 1385 (717/114708)
2025-07-16 10:27:23,055 - INFO - ✅ Эмбеддинг создан для записи 1385
2025-07-16 10:27:23,256 - INFO - 🔄 Обрабатываем запись 1386 (718/114708)
2025-07-16 10:27:23,779 - INFO - ✅ Эмбеддинг создан для записи 1386
2025-07-16 10:27:23,980 - INFO - 🔄 Обрабатываем запись 1387 (719/114708)
2025-07-16 10:27:24,480 - INFO - ✅ Эмбеддинг создан для записи 1387
2025-07-16 10:27:24,680 - INFO - 🔄 Обрабатываем запись 1388 (720/114708)
2025-07-16 10:27:25,177 - INFO - ✅ Эмбеддинг создан для записи 1388
2025-07-16 10:27:25,378 - INFO - 🔄 Обрабатываем запись 1389 (721/114708)
2025-07-16 10:27:25,956 - INFO - ✅ Эмбеддинг создан для записи 1389
2025-07-16 10:27:26,157 - INFO - 🔄 Обрабатываем запись 1390 (722/114708)
2025-07-16 10:27:26,729 - INFO - ✅ Эмбеддинг создан для записи 1390
2025-07-16 10:27:26,930 - INFO - 🔄 Обрабатываем запись 1391 (723/114708)
2025-07-16 10:27:27,559 - INFO - ✅ Эмбеддинг создан для записи 1391
2025-07-16 10:27:27,759 - INFO - 🔄 Обрабатываем запись 1392 (724/114708)
2025-07-16 10:27:28,271 - INFO - ✅ Эмбеддинг создан для записи 1392
2025-07-16 10:27:28,471 - INFO - 🔄 Обрабатываем запись 1393 (725/114708)
2025-07-16 10:27:28,988 - INFO - ✅ Эмбеддинг создан для записи 1393
2025-07-16 10:27:29,190 - INFO - 🔄 Обрабатываем запись 1394 (726/114708)
2025-07-16 10:27:29,693 - INFO - ✅ Эмбеддинг создан для записи 1394
2025-07-16 10:27:29,893 - INFO - 🔄 Обрабатываем запись 1395 (727/114708)
2025-07-16 10:27:30,812 - INFO - ✅ Эмбеддинг создан для записи 1395
2025-07-16 10:27:31,013 - INFO - 🔄 Обрабатываем запись 1396 (728/114708)
2025-07-16 10:27:31,515 - INFO - ✅ Эмбеддинг создан для записи 1396
2025-07-16 10:27:31,716 - INFO - 🔄 Обрабатываем запись 1397 (729/114708)
2025-07-16 10:27:32,234 - INFO - ✅ Эмбеддинг создан для записи 1397
2025-07-16 10:27:32,435 - INFO - 🔄 Обрабатываем запись 1398 (730/114708)
2025-07-16 10:27:32,924 - INFO - ✅ Эмбеддинг создан для записи 1398
2025-07-16 10:27:33,124 - INFO - 🔄 Обрабатываем запись 1399 (731/114708)
2025-07-16 10:27:33,587 - INFO - ✅ Эмбеддинг создан для записи 1399
2025-07-16 10:27:33,788 - INFO - 🔄 Обрабатываем запись 1400 (732/114708)
2025-07-16 10:27:34,269 - INFO - ✅ Эмбеддинг создан для записи 1400
2025-07-16 10:27:34,469 - INFO - 🔄 Обрабатываем запись 1401 (733/114708)
2025-07-16 10:27:34,999 - INFO - ✅ Эмбеддинг создан для записи 1401
2025-07-16 10:27:35,200 - INFO - 🔄 Обрабатываем запись 1402 (734/114708)
2025-07-16 10:27:35,700 - INFO - ✅ Эмбеддинг создан для записи 1402
2025-07-16 10:27:35,901 - INFO - 🔄 Обрабатываем запись 1403 (735/114708)
2025-07-16 10:27:36,269 - INFO - ✅ Эмбеддинг создан для записи 1403
2025-07-16 10:27:36,470 - INFO - 🔄 Обрабатываем запись 1404 (736/114708)
2025-07-16 10:27:36,960 - INFO - ✅ Эмбеддинг создан для записи 1404
2025-07-16 10:27:37,160 - INFO - 🔄 Обрабатываем запись 1405 (737/114708)
2025-07-16 10:27:37,678 - INFO - ✅ Эмбеддинг создан для записи 1405
2025-07-16 10:27:37,879 - INFO - 🔄 Обрабатываем запись 1406 (738/114708)
2025-07-16 10:27:38,414 - INFO - ✅ Эмбеддинг создан для записи 1406
2025-07-16 10:27:38,615 - INFO - 🔄 Обрабатываем запись 1407 (739/114708)
2025-07-16 10:27:39,139 - INFO - ✅ Эмбеддинг создан для записи 1407
2025-07-16 10:27:39,340 - INFO - 🔄 Обрабатываем запись 1408 (740/114708)
2025-07-16 10:27:39,951 - INFO - ✅ Эмбеддинг создан для записи 1408
2025-07-16 10:27:40,151 - INFO - 🔄 Обрабатываем запись 1409 (741/114708)
2025-07-16 10:27:40,769 - INFO - ✅ Эмбеддинг создан для записи 1409
2025-07-16 10:27:40,970 - INFO - 🔄 Обрабатываем запись 1410 (742/114708)
2025-07-16 10:27:41,487 - INFO - ✅ Эмбеддинг создан для записи 1410
2025-07-16 10:27:41,688 - INFO - 🔄 Обрабатываем запись 1411 (743/114708)
2025-07-16 10:27:42,207 - INFO - ✅ Эмбеддинг создан для записи 1411
2025-07-16 10:27:42,407 - INFO - 🔄 Обрабатываем запись 1412 (744/114708)
2025-07-16 10:27:42,916 - INFO - ✅ Эмбеддинг создан для записи 1412
2025-07-16 10:27:43,117 - INFO - 🔄 Обрабатываем запись 1413 (745/114708)
2025-07-16 10:27:43,647 - INFO - ✅ Эмбеддинг создан для записи 1413
2025-07-16 10:27:43,848 - INFO - 🔄 Обрабатываем запись 1414 (746/114708)
2025-07-16 10:27:44,007 - WARNING - Ошибка генерации batch (попытка 1): 429 Resource has been exhausted (e.g. check quota).
2025-07-16 10:27:44,008 - INFO - Используется API-ключ #2
2025-07-16 10:27:44,008 - WARNING - Переключение на API-ключ #2
2025-07-16 10:27:44,888 - INFO - ✅ Эмбеддинг создан для записи 1414
2025-07-16 10:27:45,089 - INFO - 🔄 Обрабатываем запись 1415 (747/114708)
2025-07-16 10:27:45,598 - INFO - ✅ Эмбеддинг создан для записи 1415
2025-07-16 10:27:45,799 - INFO - 🔄 Обрабатываем запись 1416 (748/114708)
2025-07-16 10:27:46,315 - INFO - ✅ Эмбеддинг создан для записи 1416
2025-07-16 10:27:46,516 - INFO - 🔄 Обрабатываем запись 1417 (749/114708)
2025-07-16 10:27:46,960 - INFO - ✅ Эмбеддинг создан для записи 1417
2025-07-16 10:27:47,160 - INFO - 🔄 Обрабатываем запись 1418 (750/114708)
2025-07-16 10:27:47,705 - INFO - ✅ Эмбеддинг создан для записи 1418
2025-07-16 10:27:47,906 - INFO - 🔄 Обрабатываем запись 1419 (751/114708)
2025-07-16 10:27:48,350 - INFO - ✅ Эмбеддинг создан для записи 1419
2025-07-16 10:27:48,551 - INFO - 🔄 Обрабатываем запись 1420 (752/114708)
2025-07-16 10:27:49,066 - INFO - ✅ Эмбеддинг создан для записи 1420
2025-07-16 10:27:49,267 - INFO - 🔄 Обрабатываем запись 1421 (753/114708)
2025-07-16 10:27:49,773 - INFO - ✅ Эмбеддинг создан для записи 1421
2025-07-16 10:27:49,973 - INFO - 🔄 Обрабатываем запись 1422 (754/114708)
2025-07-16 10:27:50,494 - INFO - ✅ Эмбеддинг создан для записи 1422
2025-07-16 10:27:50,694 - INFO - 🔄 Обрабатываем запись 1423 (755/114708)
2025-07-16 10:27:51,206 - INFO - ✅ Эмбеддинг создан для записи 1423
2025-07-16 10:27:51,407 - INFO - 🔄 Обрабатываем запись 1424 (756/114708)
2025-07-16 10:27:51,921 - INFO - ✅ Эмбеддинг создан для записи 1424
2025-07-16 10:27:52,122 - INFO - 🔄 Обрабатываем запись 1425 (757/114708)
2025-07-16 10:27:52,537 - INFO - ✅ Эмбеддинг создан для записи 1425
2025-07-16 10:27:52,737 - INFO - 🔄 Обрабатываем запись 1426 (758/114708)
2025-07-16 10:27:53,357 - INFO - ✅ Эмбеддинг создан для записи 1426
2025-07-16 10:27:53,558 - INFO - 🔄 Обрабатываем запись 1427 (759/114708)
2025-07-16 10:27:54,272 - INFO - ✅ Эмбеддинг создан для записи 1427
2025-07-16 10:27:54,473 - INFO - 🔄 Обрабатываем запись 1428 (760/114708)
2025-07-16 10:27:54,898 - INFO - ✅ Эмбеддинг создан для записи 1428
2025-07-16 10:27:55,098 - INFO - 🔄 Обрабатываем запись 1429 (761/114708)
2025-07-16 10:27:55,611 - INFO - ✅ Эмбеддинг создан для записи 1429
2025-07-16 10:27:55,812 - INFO - 🔄 Обрабатываем запись 1430 (762/114708)
2025-07-16 10:27:56,225 - INFO - ✅ Эмбеддинг создан для записи 1430
2025-07-16 10:27:56,425 - INFO - 🔄 Обрабатываем запись 1431 (763/114708)
2025-07-16 10:27:57,048 - INFO - ✅ Эмбеддинг создан для записи 1431
2025-07-16 10:27:57,249 - INFO - 🔄 Обрабатываем запись 1432 (764/114708)
2025-07-16 10:27:57,764 - INFO - ✅ Эмбеддинг создан для записи 1432
2025-07-16 10:27:57,964 - INFO - 🔄 Обрабатываем запись 1433 (765/114708)
2025-07-16 10:27:58,487 - INFO - ✅ Эмбеддинг создан для записи 1433
2025-07-16 10:27:58,688 - INFO - 🔄 Обрабатываем запись 1434 (766/114708)
2025-07-16 10:27:59,203 - INFO - ✅ Эмбеддинг создан для записи 1434
2025-07-16 10:27:59,404 - INFO - 🔄 Обрабатываем запись 1435 (767/114708)
2025-07-16 10:27:59,858 - INFO - ✅ Эмбеддинг создан для записи 1435
2025-07-16 10:28:00,059 - INFO - 🔄 Обрабатываем запись 1436 (768/114708)
2025-07-16 10:28:00,790 - INFO - ✅ Эмбеддинг создан для записи 1436
2025-07-16 10:28:00,991 - INFO - 🔄 Обрабатываем запись 1437 (769/114708)
2025-07-16 10:28:01,448 - INFO - ✅ Эмбеддинг создан для записи 1437
2025-07-16 10:28:01,649 - INFO - 🔄 Обрабатываем запись 1438 (770/114708)
2025-07-16 10:28:02,248 - INFO - ✅ Эмбеддинг создан для записи 1438
2025-07-16 10:28:02,448 - INFO - 🔄 Обрабатываем запись 1439 (771/114708)
2025-07-16 10:28:02,913 - INFO - ✅ Эмбеддинг создан для записи 1439
2025-07-16 10:28:03,113 - INFO - 🔄 Обрабатываем запись 1440 (772/114708)
2025-07-16 10:28:03,806 - INFO - ✅ Эмбеддинг создан для записи 1440
2025-07-16 10:28:04,006 - INFO - 🔄 Обрабатываем запись 1441 (773/114708)
2025-07-16 10:28:04,519 - INFO - ✅ Эмбеддинг создан для записи 1441
2025-07-16 10:28:04,719 - INFO - 🔄 Обрабатываем запись 1442 (774/114708)
2025-07-16 10:28:05,237 - INFO - ✅ Эмбеддинг создан для записи 1442
2025-07-16 10:28:05,438 - INFO - 🔄 Обрабатываем запись 1443 (775/114708)
2025-07-16 10:28:05,965 - INFO - ✅ Эмбеддинг создан для записи 1443
2025-07-16 10:28:06,166 - INFO - 🔄 Обрабатываем запись 1444 (776/114708)
2025-07-16 10:28:06,666 - INFO - ✅ Эмбеддинг создан для записи 1444
2025-07-16 10:28:06,867 - INFO - 🔄 Обрабатываем запись 1445 (777/114708)
2025-07-16 10:28:07,323 - INFO - ✅ Эмбеддинг создан для записи 1445
2025-07-16 10:28:07,523 - INFO - 🔄 Обрабатываем запись 1446 (778/114708)
2025-07-16 10:28:08,280 - INFO - ✅ Эмбеддинг создан для записи 1446
2025-07-16 10:28:08,480 - INFO - 🔄 Обрабатываем запись 1447 (779/114708)
2025-07-16 10:28:08,923 - INFO - ✅ Эмбеддинг создан для записи 1447
2025-07-16 10:28:09,124 - INFO - 🔄 Обрабатываем запись 1448 (780/114708)
2025-07-16 10:28:09,661 - INFO - ✅ Эмбеддинг создан для записи 1448
2025-07-16 10:28:09,862 - INFO - 🔄 Обрабатываем запись 1449 (781/114708)
2025-07-16 10:28:10,368 - INFO - ✅ Эмбеддинг создан для записи 1449
2025-07-16 10:28:10,569 - INFO - 🔄 Обрабатываем запись 1450 (782/114708)
2025-07-16 10:28:11,177 - INFO - ✅ Эмбеддинг создан для записи 1450
2025-07-16 10:28:11,378 - INFO - 🔄 Обрабатываем запись 1451 (783/114708)
2025-07-16 10:28:11,903 - INFO - ✅ Эмбеддинг создан для записи 1451
2025-07-16 10:28:12,104 - INFO - 🔄 Обрабатываем запись 1452 (784/114708)
2025-07-16 10:28:12,533 - INFO - ✅ Эмбеддинг создан для записи 1452
2025-07-16 10:28:12,733 - INFO - 🔄 Обрабатываем запись 1453 (785/114708)
2025-07-16 10:28:13,336 - INFO - ✅ Эмбеддинг создан для записи 1453
2025-07-16 10:28:13,536 - INFO - 🔄 Обрабатываем запись 1454 (786/114708)
2025-07-16 10:28:14,054 - INFO - ✅ Эмбеддинг создан для записи 1454
2025-07-16 10:28:14,254 - INFO - 🔄 Обрабатываем запись 1455 (787/114708)
2025-07-16 10:28:14,879 - INFO - ✅ Эмбеддинг создан для записи 1455
2025-07-16 10:28:15,079 - INFO - 🔄 Обрабатываем запись 1456 (788/114708)
2025-07-16 10:28:15,595 - INFO - ✅ Эмбеддинг создан для записи 1456
2025-07-16 10:28:15,795 - INFO - 🔄 Обрабатываем запись 1457 (789/114708)
2025-07-16 10:28:16,303 - INFO - ✅ Эмбеддинг создан для записи 1457
2025-07-16 10:28:16,504 - INFO - 🔄 Обрабатываем запись 1458 (790/114708)
2025-07-16 10:28:16,943 - INFO - ✅ Эмбеддинг создан для записи 1458
2025-07-16 10:28:17,144 - INFO - 🔄 Обрабатываем запись 1459 (791/114708)
2025-07-16 10:28:17,839 - INFO - ✅ Эмбеддинг создан для записи 1459
2025-07-16 10:28:18,040 - INFO - 🔄 Обрабатываем запись 1460 (792/114708)
2025-07-16 10:28:18,770 - INFO - ✅ Эмбеддинг создан для записи 1460
2025-07-16 10:28:18,971 - INFO - 🔄 Обрабатываем запись 1461 (793/114708)
2025-07-16 10:28:19,437 - INFO - ✅ Эмбеддинг создан для записи 1461
2025-07-16 10:28:19,637 - INFO - 🔄 Обрабатываем запись 1462 (794/114708)
2025-07-16 10:28:20,085 - INFO - ✅ Эмбеддинг создан для записи 1462
2025-07-16 10:28:20,285 - INFO - 🔄 Обрабатываем запись 1463 (795/114708)
2025-07-16 10:28:20,823 - INFO - ✅ Эмбеддинг создан для записи 1463
2025-07-16 10:28:21,024 - INFO - 🔄 Обрабатываем запись 1464 (796/114708)
2025-07-16 10:28:21,644 - INFO - ✅ Эмбеддинг создан для записи 1464
2025-07-16 10:28:21,844 - INFO - 🔄 Обрабатываем запись 1465 (797/114708)
2025-07-16 10:28:22,334 - INFO - ✅ Эмбеддинг создан для записи 1465
2025-07-16 10:28:22,535 - INFO - 🔄 Обрабатываем запись 1466 (798/114708)
2025-07-16 10:28:23,061 - INFO - ✅ Эмбеддинг создан для записи 1466
2025-07-16 10:28:23,261 - INFO - 🔄 Обрабатываем запись 1467 (799/114708)
2025-07-16 10:28:23,779 - INFO - ✅ Эмбеддинг создан для записи 1467
2025-07-16 10:28:23,980 - INFO - 🔄 Обрабатываем запись 1468 (800/114708)
2025-07-16 10:28:24,407 - INFO - ✅ Эмбеддинг создан для записи 1468
2025-07-16 10:28:54,699 - INFO - 💾 Данные безопасно сохранены
2025-07-16 10:28:54,700 - INFO - 💾 Сохранено после 800 записей
2025-07-16 10:28:54,900 - INFO - 🔄 Обрабатываем запись 1469 (801/114708)
2025-07-16 10:28:55,440 - INFO - ✅ Эмбеддинг создан для записи 1469
2025-07-16 10:28:55,640 - INFO - 🔄 Обрабатываем запись 1470 (802/114708)
2025-07-16 10:28:56,163 - INFO - ✅ Эмбеддинг создан для записи 1470
2025-07-16 10:28:56,363 - INFO - 🔄 Обрабатываем запись 1471 (803/114708)
2025-07-16 10:28:56,744 - INFO - ✅ Эмбеддинг создан для записи 1471
2025-07-16 10:28:56,945 - INFO - 🔄 Обрабатываем запись 1472 (804/114708)
2025-07-16 10:28:57,420 - INFO - ✅ Эмбеддинг создан для записи 1472
2025-07-16 10:28:57,621 - INFO - 🔄 Обрабатываем запись 1473 (805/114708)
2025-07-16 10:28:58,074 - INFO - ✅ Эмбеддинг создан для записи 1473
2025-07-16 10:28:58,275 - INFO - 🔄 Обрабатываем запись 1474 (806/114708)
2025-07-16 10:28:58,692 - INFO - ✅ Эмбеддинг создан для записи 1474
2025-07-16 10:28:58,892 - INFO - 🔄 Обрабатываем запись 1475 (807/114708)
2025-07-16 10:28:59,415 - INFO - ✅ Эмбеддинг создан для записи 1475
2025-07-16 10:28:59,616 - INFO - 🔄 Обрабатываем запись 1476 (808/114708)
2025-07-16 10:29:00,137 - INFO - ✅ Эмбеддинг создан для записи 1476
2025-07-16 10:29:00,338 - INFO - 🔄 Обрабатываем запись 1477 (809/114708)
2025-07-16 10:29:00,969 - INFO - ✅ Эмбеддинг создан для записи 1477
2025-07-16 10:29:01,170 - INFO - 🔄 Обрабатываем запись 1478 (810/114708)
2025-07-16 10:29:01,666 - INFO - ✅ Эмбеддинг создан для записи 1478
2025-07-16 10:29:01,867 - INFO - 🔄 Обрабатываем запись 1479 (811/114708)
2025-07-16 10:29:02,297 - INFO - ✅ Эмбеддинг создан для записи 1479
2025-07-16 10:29:02,497 - INFO - 🔄 Обрабатываем запись 1480 (812/114708)
2025-07-16 10:29:03,104 - INFO - ✅ Эмбеддинг создан для записи 1480
2025-07-16 10:29:03,305 - INFO - 🔄 Обрабатываем запись 1481 (813/114708)
2025-07-16 10:29:03,922 - INFO - ✅ Эмбеддинг создан для записи 1481
2025-07-16 10:29:04,122 - INFO - 🔄 Обрабатываем запись 1482 (814/114708)
2025-07-16 10:29:04,460 - INFO - ✅ Эмбеддинг создан для записи 1482
2025-07-16 10:29:04,661 - INFO - 🔄 Обрабатываем запись 1483 (815/114708)
2025-07-16 10:29:05,082 - INFO - ✅ Эмбеддинг создан для записи 1483
2025-07-16 10:29:05,283 - INFO - 🔄 Обрабатываем запись 1484 (816/114708)
2025-07-16 10:29:06,169 - INFO - ✅ Эмбеддинг создан для записи 1484
2025-07-16 10:29:06,370 - INFO - 🔄 Обрабатываем запись 1485 (817/114708)
2025-07-16 10:29:06,904 - INFO - ✅ Эмбеддинг создан для записи 1485
2025-07-16 10:29:07,104 - INFO - 🔄 Обрабатываем запись 1486 (818/114708)
2025-07-16 10:29:07,517 - INFO - ✅ Эмбеддинг создан для записи 1486
2025-07-16 10:29:07,718 - INFO - 🔄 Обрабатываем запись 1487 (819/114708)
2025-07-16 10:29:08,323 - INFO - ✅ Эмбеддинг создан для записи 1487
2025-07-16 10:29:08,523 - INFO - 🔄 Обрабатываем запись 1488 (820/114708)
2025-07-16 10:29:09,151 - INFO - ✅ Эмбеддинг создан для записи 1488
2025-07-16 10:29:09,352 - INFO - 🔄 Обрабатываем запись 1489 (821/114708)
2025-07-16 10:29:09,853 - INFO - ✅ Эмбеддинг создан для записи 1489
2025-07-16 10:29:10,054 - INFO - 🔄 Обрабатываем запись 1490 (822/114708)
2025-07-16 10:29:10,505 - INFO - ✅ Эмбеддинг создан для записи 1490
2025-07-16 10:29:10,705 - INFO - 🔄 Обрабатываем запись 1491 (823/114708)
2025-07-16 10:29:11,304 - INFO - ✅ Эмбеддинг создан для записи 1491
2025-07-16 10:29:11,505 - INFO - 🔄 Обрабатываем запись 1492 (824/114708)
2025-07-16 10:29:12,208 - INFO - ✅ Эмбеддинг создан для записи 1492
2025-07-16 10:29:12,408 - INFO - 🔄 Обрабатываем запись 1493 (825/114708)
2025-07-16 10:29:12,940 - INFO - ✅ Эмбеддинг создан для записи 1493
2025-07-16 10:29:13,140 - INFO - 🔄 Обрабатываем запись 1494 (826/114708)
2025-07-16 10:29:13,673 - INFO - ✅ Эмбеддинг создан для записи 1494
2025-07-16 10:29:13,874 - INFO - 🔄 Обрабатываем запись 1495 (827/114708)
2025-07-16 10:29:14,359 - INFO - ✅ Эмбеддинг создан для записи 1495
2025-07-16 10:29:14,559 - INFO - 🔄 Обрабатываем запись 1496 (828/114708)
2025-07-16 10:29:15,075 - INFO - ✅ Эмбеддинг создан для записи 1496
2025-07-16 10:29:15,276 - INFO - 🔄 Обрабатываем запись 1497 (829/114708)
2025-07-16 10:29:15,799 - INFO - ✅ Эмбеддинг создан для записи 1497
2025-07-16 10:29:15,999 - INFO - 🔄 Обрабатываем запись 1498 (830/114708)
2025-07-16 10:29:16,530 - INFO - ✅ Эмбеддинг создан для записи 1498
2025-07-16 10:29:16,731 - INFO - 🔄 Обрабатываем запись 1499 (831/114708)
2025-07-16 10:29:17,238 - INFO - ✅ Эмбеддинг создан для записи 1499
2025-07-16 10:29:17,438 - INFO - 🔄 Обрабатываем запись 1500 (832/114708)
2025-07-16 10:29:18,047 - INFO - ✅ Эмбеддинг создан для записи 1500
2025-07-16 10:29:18,248 - INFO - 🔄 Обрабатываем запись 1501 (833/114708)
2025-07-16 10:29:18,763 - INFO - ✅ Эмбеддинг создан для записи 1501
2025-07-16 10:29:18,964 - INFO - 🔄 Обрабатываем запись 1502 (834/114708)
2025-07-16 10:29:19,404 - INFO - ✅ Эмбеддинг создан для записи 1502
2025-07-16 10:29:19,605 - INFO - 🔄 Обрабатываем запись 1503 (835/114708)
2025-07-16 10:29:20,208 - INFO - ✅ Эмбеддинг создан для записи 1503
2025-07-16 10:29:20,409 - INFO - 🔄 Обрабатываем запись 1504 (836/114708)
2025-07-16 10:29:20,879 - INFO - ✅ Эмбеддинг создан для записи 1504
2025-07-16 10:29:21,080 - INFO - 🔄 Обрабатываем запись 1505 (837/114708)
2025-07-16 10:29:21,737 - INFO - ✅ Эмбеддинг создан для записи 1505
2025-07-16 10:29:21,937 - INFO - 🔄 Обрабатываем запись 1506 (838/114708)
2025-07-16 10:29:22,454 - INFO - ✅ Эмбеддинг создан для записи 1506
2025-07-16 10:29:22,655 - INFO - 🔄 Обрабатываем запись 1507 (839/114708)
2025-07-16 10:29:23,174 - INFO - ✅ Эмбеддинг создан для записи 1507
2025-07-16 10:29:23,374 - INFO - 🔄 Обрабатываем запись 1508 (840/114708)
2025-07-16 10:29:23,985 - INFO - ✅ Эмбеддинг создан для записи 1508
2025-07-16 10:29:24,186 - INFO - 🔄 Обрабатываем запись 1509 (841/114708)
2025-07-16 10:29:24,703 - INFO - ✅ Эмбеддинг создан для записи 1509
2025-07-16 10:29:24,904 - INFO - 🔄 Обрабатываем запись 1510 (842/114708)
2025-07-16 10:29:25,423 - INFO - ✅ Эмбеддинг создан для записи 1510
2025-07-16 10:29:25,623 - INFO - 🔄 Обрабатываем запись 1511 (843/114708)
2025-07-16 10:29:26,143 - INFO - ✅ Эмбеддинг создан для записи 1511
2025-07-16 10:29:26,343 - INFO - 🔄 Обрабатываем запись 1512 (844/114708)
2025-07-16 10:29:26,952 - INFO - ✅ Эмбеддинг создан для записи 1512
2025-07-16 10:29:27,153 - INFO - 🔄 Обрабатываем запись 1513 (845/114708)
2025-07-16 10:29:27,676 - INFO - ✅ Эмбеддинг создан для записи 1513
2025-07-16 10:29:27,876 - INFO - 🔄 Обрабатываем запись 1514 (846/114708)
2025-07-16 10:29:28,393 - INFO - ✅ Эмбеддинг создан для записи 1514
2025-07-16 10:29:28,593 - INFO - 🔄 Обрабатываем запись 1515 (847/114708)
2025-07-16 10:29:29,211 - INFO - ✅ Эмбеддинг создан для записи 1515
2025-07-16 10:29:29,412 - INFO - 🔄 Обрабатываем запись 1516 (848/114708)
2025-07-16 10:29:29,820 - INFO - ✅ Эмбеддинг создан для записи 1516
2025-07-16 10:29:30,020 - INFO - 🔄 Обрабатываем запись 1517 (849/114708)
2025-07-16 10:29:30,641 - INFO - ✅ Эмбеддинг создан для записи 1517
2025-07-16 10:29:30,842 - INFO - 🔄 Обрабатываем запись 1518 (850/114708)
2025-07-16 10:29:31,360 - INFO - ✅ Эмбеддинг создан для записи 1518
2025-07-16 10:29:31,561 - INFO - 🔄 Обрабатываем запись 1519 (851/114708)
2025-07-16 10:29:32,187 - INFO - ✅ Эмбеддинг создан для записи 1519
2025-07-16 10:29:32,388 - INFO - 🔄 Обрабатываем запись 1520 (852/114708)
2025-07-16 10:29:32,891 - INFO - ✅ Эмбеддинг создан для записи 1520
2025-07-16 10:29:33,091 - INFO - 🔄 Обрабатываем запись 1521 (853/114708)
2025-07-16 10:29:33,613 - INFO - ✅ Эмбеддинг создан для записи 1521
2025-07-16 10:29:33,814 - INFO - 🔄 Обрабатываем запись 1522 (854/114708)
2025-07-16 10:29:34,338 - INFO - ✅ Эмбеддинг создан для записи 1522
2025-07-16 10:29:34,538 - INFO - 🔄 Обрабатываем запись 1523 (855/114708)
2025-07-16 10:29:35,180 - INFO - ✅ Эмбеддинг создан для записи 1523
2025-07-16 10:29:35,382 - INFO - 🔄 Обрабатываем запись 1524 (856/114708)
2025-07-16 10:29:35,970 - INFO - ✅ Эмбеддинг создан для записи 1524
2025-07-16 10:29:36,172 - INFO - 🔄 Обрабатываем запись 1525 (857/114708)
2025-07-16 10:29:36,690 - INFO - ✅ Эмбеддинг создан для записи 1525
2025-07-16 10:29:36,890 - INFO - 🔄 Обрабатываем запись 1526 (858/114708)
2025-07-16 10:29:37,305 - INFO - ✅ Эмбеддинг создан для записи 1526
2025-07-16 10:29:37,505 - INFO - 🔄 Обрабатываем запись 1527 (859/114708)
2025-07-16 10:29:38,114 - INFO - ✅ Эмбеддинг создан для записи 1527
2025-07-16 10:29:38,315 - INFO - 🔄 Обрабатываем запись 1528 (860/114708)
2025-07-16 10:29:38,937 - INFO - ✅ Эмбеддинг создан для записи 1528
2025-07-16 10:29:39,138 - INFO - 🔄 Обрабатываем запись 1529 (861/114708)
2025-07-16 10:29:39,575 - INFO - ✅ Эмбеддинг создан для записи 1529
2025-07-16 10:29:39,775 - INFO - 🔄 Обрабатываем запись 1530 (862/114708)
2025-07-16 10:29:40,190 - INFO - ✅ Эмбеддинг создан для записи 1530
2025-07-16 10:29:40,391 - INFO - 🔄 Обрабатываем запись 1531 (863/114708)
2025-07-16 10:29:41,087 - INFO - ✅ Эмбеддинг создан для записи 1531
2025-07-16 10:29:41,288 - INFO - 🔄 Обрабатываем запись 1532 (864/114708)
2025-07-16 10:29:41,708 - INFO - ✅ Эмбеддинг создан для записи 1532
2025-07-16 10:29:41,909 - INFO - 🔄 Обрабатываем запись 1533 (865/114708)
2025-07-16 10:29:42,522 - INFO - ✅ Эмбеддинг создан для записи 1533
2025-07-16 10:29:42,722 - INFO - 🔄 Обрабатываем запись 1534 (866/114708)
2025-07-16 10:29:43,277 - INFO - ✅ Эмбеддинг создан для записи 1534
2025-07-16 10:29:43,478 - INFO - 🔄 Обрабатываем запись 1535 (867/114708)
2025-07-16 10:29:44,055 - INFO - ✅ Эмбеддинг создан для записи 1535
2025-07-16 10:29:44,255 - INFO - 🔄 Обрабатываем запись 1536 (868/114708)
2025-07-16 10:29:44,770 - INFO - ✅ Эмбеддинг создан для записи 1536
2025-07-16 10:29:44,971 - INFO - 🔄 Обрабатываем запись 1537 (869/114708)
2025-07-16 10:29:45,492 - INFO - ✅ Эмбеддинг создан для записи 1537
2025-07-16 10:29:45,693 - INFO - 🔄 Обрабатываем запись 1538 (870/114708)
2025-07-16 10:29:46,111 - INFO - ✅ Эмбеддинг создан для записи 1538
2025-07-16 10:29:46,312 - INFO - 🔄 Обрабатываем запись 1539 (871/114708)
2025-07-16 10:29:47,028 - INFO - ✅ Эмбеддинг создан для записи 1539
2025-07-16 10:29:47,229 - INFO - 🔄 Обрабатываем запись 1540 (872/114708)
2025-07-16 10:29:47,748 - INFO - ✅ Эмбеддинг создан для записи 1540
2025-07-16 10:29:47,949 - INFO - 🔄 Обрабатываем запись 1541 (873/114708)
2025-07-16 10:29:48,626 - INFO - ✅ Эмбеддинг создан для записи 1541
2025-07-16 10:29:48,827 - INFO - 🔄 Обрабатываем запись 1542 (874/114708)
2025-07-16 10:29:49,275 - INFO - ✅ Эмбеддинг создан для записи 1542
2025-07-16 10:29:49,475 - INFO - 🔄 Обрабатываем запись 1543 (875/114708)
2025-07-16 10:29:49,996 - INFO - ✅ Эмбеддинг создан для записи 1543
2025-07-16 10:29:50,198 - INFO - 🔄 Обрабатываем запись 1544 (876/114708)
2025-07-16 10:29:50,716 - INFO - ✅ Эмбеддинг создан для записи 1544
2025-07-16 10:29:50,917 - INFO - 🔄 Обрабатываем запись 1545 (877/114708)
2025-07-16 10:29:51,432 - INFO - ✅ Эмбеддинг создан для записи 1545
2025-07-16 10:29:51,632 - INFO - 🔄 Обрабатываем запись 1546 (878/114708)
2025-07-16 10:29:52,247 - INFO - ✅ Эмбеддинг создан для записи 1546
2025-07-16 10:29:52,447 - INFO - 🔄 Обрабатываем запись 1547 (879/114708)
2025-07-16 10:29:52,964 - INFO - ✅ Эмбеддинг создан для записи 1547
2025-07-16 10:29:53,165 - INFO - 🔄 Обрабатываем запись 1548 (880/114708)
2025-07-16 10:29:53,688 - INFO - ✅ Эмбеддинг создан для записи 1548
2025-07-16 10:29:53,888 - INFO - 🔄 Обрабатываем запись 1549 (881/114708)
2025-07-16 10:29:54,403 - INFO - ✅ Эмбеддинг создан для записи 1549
2025-07-16 10:29:54,604 - INFO - 🔄 Обрабатываем запись 1550 (882/114708)
2025-07-16 10:29:55,216 - INFO - ✅ Эмбеддинг создан для записи 1550
2025-07-16 10:29:55,417 - INFO - 🔄 Обрабатываем запись 1551 (883/114708)
2025-07-16 10:29:55,833 - INFO - ✅ Эмбеддинг создан для записи 1551
2025-07-16 10:29:56,033 - INFO - 🔄 Обрабатываем запись 1552 (884/114708)
2025-07-16 10:29:56,754 - INFO - ✅ Эмбеддинг создан для записи 1552
2025-07-16 10:29:56,954 - INFO - 🔄 Обрабатываем запись 1553 (885/114708)
2025-07-16 10:29:57,472 - INFO - ✅ Эмбеддинг создан для записи 1553
2025-07-16 10:29:57,672 - INFO - 🔄 Обрабатываем запись 1554 (886/114708)
2025-07-16 10:29:58,184 - INFO - ✅ Эмбеддинг создан для записи 1554
2025-07-16 10:29:58,384 - INFO - 🔄 Обрабатываем запись 1555 (887/114708)
2025-07-16 10:29:59,006 - INFO - ✅ Эмбеддинг создан для записи 1555
2025-07-16 10:29:59,207 - INFO - 🔄 Обрабатываем запись 1556 (888/114708)
2025-07-16 10:29:59,634 - INFO - ✅ Эмбеддинг создан для записи 1556
2025-07-16 10:29:59,834 - INFO - 🔄 Обрабатываем запись 1557 (889/114708)
2025-07-16 10:30:00,243 - INFO - ✅ Эмбеддинг создан для записи 1557
2025-07-16 10:30:00,444 - INFO - 🔄 Обрабатываем запись 1558 (890/114708)
2025-07-16 10:30:01,154 - INFO - ✅ Эмбеддинг создан для записи 1558
2025-07-16 10:30:01,355 - INFO - 🔄 Обрабатываем запись 1559 (891/114708)
2025-07-16 10:30:01,872 - INFO - ✅ Эмбеддинг создан для записи 1559
2025-07-16 10:30:02,073 - INFO - 🔄 Обрабатываем запись 1560 (892/114708)
2025-07-16 10:30:02,592 - INFO - ✅ Эмбеддинг создан для записи 1560
2025-07-16 10:30:02,792 - INFO - 🔄 Обрабатываем запись 1561 (893/114708)
2025-07-16 10:30:03,313 - INFO - ✅ Эмбеддинг создан для записи 1561
2025-07-16 10:30:03,514 - INFO - 🔄 Обрабатываем запись 1562 (894/114708)
2025-07-16 10:30:04,124 - INFO - ✅ Эмбеддинг создан для записи 1562
2025-07-16 10:30:04,325 - INFO - 🔄 Обрабатываем запись 1563 (895/114708)
2025-07-16 10:30:04,842 - INFO - ✅ Эмбеддинг создан для записи 1563
2025-07-16 10:30:05,043 - INFO - 🔄 Обрабатываем запись 1564 (896/114708)
2025-07-16 10:30:05,665 - INFO - ✅ Эмбеддинг создан для записи 1564
2025-07-16 10:30:05,866 - INFO - 🔄 Обрабатываем запись 1565 (897/114708)
2025-07-16 10:30:06,272 - INFO - ✅ Эмбеддинг создан для записи 1565
2025-07-16 10:30:06,473 - INFO - 🔄 Обрабатываем запись 1566 (898/114708)
2025-07-16 10:30:07,114 - INFO - ✅ Эмбеддинг создан для записи 1566
2025-07-16 10:30:07,314 - INFO - 🔄 Обрабатываем запись 1567 (899/114708)
2025-07-16 10:30:07,741 - INFO - ✅ Эмбеддинг создан для записи 1567
2025-07-16 10:30:07,942 - INFO - 🔄 Обрабатываем запись 1568 (900/114708)
2025-07-16 10:30:08,532 - INFO - ✅ Эмбеддинг создан для записи 1568
2025-07-16 10:30:35,773 - INFO - 💾 Данные безопасно сохранены
2025-07-16 10:30:35,773 - INFO - 💾 Сохранено после 900 записей
2025-07-16 10:30:35,974 - INFO - 🔄 Обрабатываем запись 1569 (901/114708)
2025-07-16 10:30:36,511 - INFO - ✅ Эмбеддинг создан для записи 1569
2025-07-16 10:30:36,712 - INFO - 🔄 Обрабатываем запись 1570 (902/114708)
2025-07-16 10:30:37,260 - INFO - ✅ Эмбеддинг создан для записи 1570
2025-07-16 10:30:37,460 - INFO - 🔄 Обрабатываем запись 1571 (903/114708)
2025-07-16 10:30:37,948 - INFO - ✅ Эмбеддинг создан для записи 1571
2025-07-16 10:30:38,148 - INFO - 🔄 Обрабатываем запись 1572 (904/114708)
2025-07-16 10:30:38,636 - INFO - ✅ Эмбеддинг создан для записи 1572
2025-07-16 10:30:38,837 - INFO - 🔄 Обрабатываем запись 1573 (905/114708)
2025-07-16 10:30:39,354 - INFO - ✅ Эмбеддинг создан для записи 1573
2025-07-16 10:30:39,556 - INFO - 🔄 Обрабатываем запись 1574 (906/114708)
2025-07-16 10:30:40,071 - INFO - ✅ Эмбеддинг создан для записи 1574
2025-07-16 10:30:40,271 - INFO - 🔄 Обрабатываем запись 1575 (907/114708)
2025-07-16 10:30:40,797 - INFO - ✅ Эмбеддинг создан для записи 1575
2025-07-16 10:30:40,997 - INFO - 🔄 Обрабатываем запись 1576 (908/114708)
2025-07-16 10:30:41,528 - INFO - ✅ Эмбеддинг создан для записи 1576
2025-07-16 10:30:41,729 - INFO - 🔄 Обрабатываем запись 1577 (909/114708)
2025-07-16 10:30:42,216 - INFO - ✅ Эмбеддинг создан для записи 1577
2025-07-16 10:30:42,416 - INFO - 🔄 Обрабатываем запись 1578 (910/114708)
2025-07-16 10:30:42,935 - INFO - ✅ Эмбеддинг создан для записи 1578
2025-07-16 10:30:43,135 - INFO - 🔄 Обрабатываем запись 1579 (911/114708)
2025-07-16 10:30:43,664 - INFO - ✅ Эмбеддинг создан для записи 1579
2025-07-16 10:30:43,865 - INFO - 🔄 Обрабатываем запись 1580 (912/114708)
2025-07-16 10:30:44,365 - INFO - ✅ Эмбеддинг создан для записи 1580
2025-07-16 10:30:44,566 - INFO - 🔄 Обрабатываем запись 1581 (913/114708)
2025-07-16 10:30:45,086 - INFO - ✅ Эмбеддинг создан для записи 1581
2025-07-16 10:30:45,286 - INFO - 🔄 Обрабатываем запись 1582 (914/114708)
2025-07-16 10:30:45,804 - INFO - ✅ Эмбеддинг создан для записи 1582
2025-07-16 10:30:46,005 - INFO - 🔄 Обрабатываем запись 1583 (915/114708)
2025-07-16 10:30:46,521 - INFO - ✅ Эмбеддинг создан для записи 1583
2025-07-16 10:30:46,722 - INFO - 🔄 Обрабатываем запись 1584 (916/114708)
2025-07-16 10:30:47,142 - INFO - ✅ Эмбеддинг создан для записи 1584
2025-07-16 10:30:47,343 - INFO - 🔄 Обрабатываем запись 1585 (917/114708)
2025-07-16 10:30:47,814 - INFO - ✅ Эмбеддинг создан для записи 1585
2025-07-16 10:30:48,015 - INFO - 🔄 Обрабатываем запись 1586 (918/114708)
2025-07-16 10:30:48,667 - INFO - ✅ Эмбеддинг создан для записи 1586
2025-07-16 10:30:48,867 - INFO - 🔄 Обрабатываем запись 1587 (919/114708)
2025-07-16 10:30:49,307 - INFO - ✅ Эмбеддинг создан для записи 1587
2025-07-16 10:30:49,507 - INFO - 🔄 Обрабатываем запись 1588 (920/114708)
2025-07-16 10:30:49,933 - INFO - ✅ Эмбеддинг создан для записи 1588
2025-07-16 10:30:50,133 - INFO - 🔄 Обрабатываем запись 1589 (921/114708)
2025-07-16 10:30:50,607 - INFO - ✅ Эмбеддинг создан для записи 1589
2025-07-16 10:30:50,808 - INFO - 🔄 Обрабатываем запись 1590 (922/114708)
2025-07-16 10:30:51,293 - INFO - ✅ Эмбеддинг создан для записи 1590
2025-07-16 10:30:51,494 - INFO - 🔄 Обрабатываем запись 1591 (923/114708)
2025-07-16 10:30:51,940 - INFO - ✅ Эмбеддинг создан для записи 1591
2025-07-16 10:30:52,141 - INFO - 🔄 Обрабатываем запись 1592 (924/114708)
2025-07-16 10:30:52,662 - INFO - ✅ Эмбеддинг создан для записи 1592
2025-07-16 10:30:52,862 - INFO - 🔄 Обрабатываем запись 1593 (925/114708)
2025-07-16 10:30:53,371 - INFO - ✅ Эмбеддинг создан для записи 1593
2025-07-16 10:30:53,572 - INFO - 🔄 Обрабатываем запись 1594 (926/114708)
2025-07-16 10:30:54,091 - INFO - ✅ Эмбеддинг создан для записи 1594
2025-07-16 10:30:54,292 - INFO - 🔄 Обрабатываем запись 1595 (927/114708)
2025-07-16 10:30:54,791 - INFO - ✅ Эмбеддинг создан для записи 1595
2025-07-16 10:30:54,992 - INFO - 🔄 Обрабатываем запись 1596 (928/114708)
2025-07-16 10:30:55,531 - INFO - ✅ Эмбеддинг создан для записи 1596
2025-07-16 10:30:55,731 - INFO - 🔄 Обрабатываем запись 1597 (929/114708)
2025-07-16 10:30:56,248 - INFO - ✅ Эмбеддинг создан для записи 1597
2025-07-16 10:30:56,448 - INFO - 🔄 Обрабатываем запись 1598 (930/114708)
2025-07-16 10:30:56,969 - INFO - ✅ Эмбеддинг создан для записи 1598
2025-07-16 10:30:57,170 - INFO - 🔄 Обрабатываем запись 1599 (931/114708)
2025-07-16 10:30:57,687 - INFO - ✅ Эмбеддинг создан для записи 1599
2025-07-16 10:30:57,888 - INFO - 🔄 Обрабатываем запись 1600 (932/114708)
2025-07-16 10:30:58,398 - INFO - ✅ Эмбеддинг создан для записи 1600
2025-07-16 10:30:58,599 - INFO - 🔄 Обрабатываем запись 1601 (933/114708)
2025-07-16 10:30:59,014 - INFO - ✅ Эмбеддинг создан для записи 1601
2025-07-16 10:30:59,214 - INFO - 🔄 Обрабатываем запись 1602 (934/114708)
2025-07-16 10:30:59,734 - INFO - ✅ Эмбеддинг создан для записи 1602
2025-07-16 10:30:59,935 - INFO - 🔄 Обрабатываем запись 1603 (935/114708)
2025-07-16 10:31:00,562 - INFO - ✅ Эмбеддинг создан для записи 1603
2025-07-16 10:31:00,762 - INFO - 🔄 Обрабатываем запись 1604 (936/114708)
2025-07-16 10:31:01,273 - INFO - ✅ Эмбеддинг создан для записи 1604
2025-07-16 10:31:01,473 - INFO - 🔄 Обрабатываем запись 1605 (937/114708)
2025-07-16 10:31:02,084 - INFO - ✅ Эмбеддинг создан для записи 1605
2025-07-16 10:31:02,285 - INFO - 🔄 Обрабатываем запись 1606 (938/114708)
2025-07-16 10:31:02,806 - INFO - ✅ Эмбеддинг создан для записи 1606
2025-07-16 10:31:03,006 - INFO - 🔄 Обрабатываем запись 1607 (939/114708)
2025-07-16 10:31:03,425 - INFO - ✅ Эмбеддинг создан для записи 1607
2025-07-16 10:31:03,625 - INFO - 🔄 Обрабатываем запись 1608 (940/114708)
2025-07-16 10:31:04,243 - INFO - ✅ Эмбеддинг создан для записи 1608
2025-07-16 10:31:04,443 - INFO - 🔄 Обрабатываем запись 1609 (941/114708)
2025-07-16 10:31:04,798 - INFO - ✅ Эмбеддинг создан для записи 1609
2025-07-16 10:31:04,998 - INFO - 🔄 Обрабатываем запись 1610 (942/114708)
2025-07-16 10:31:05,490 - INFO - ✅ Эмбеддинг создан для записи 1610
2025-07-16 10:31:05,690 - INFO - 🔄 Обрабатываем запись 1611 (943/114708)
2025-07-16 10:31:06,141 - INFO - ✅ Эмбеддинг создан для записи 1611
2025-07-16 10:31:06,341 - INFO - 🔄 Обрабатываем запись 1612 (944/114708)
2025-07-16 10:31:06,794 - INFO - ✅ Эмбеддинг создан для записи 1612
2025-07-16 10:31:06,995 - INFO - 🔄 Обрабатываем запись 1613 (945/114708)
2025-07-16 10:31:07,509 - INFO - ✅ Эмбеддинг создан для записи 1613
2025-07-16 10:31:07,710 - INFO - 🔄 Обрабатываем запись 1614 (946/114708)
2025-07-16 10:31:08,128 - INFO - ✅ Эмбеддинг создан для записи 1614
2025-07-16 10:31:08,328 - INFO - 🔄 Обрабатываем запись 1615 (947/114708)
2025-07-16 10:31:08,842 - INFO - ✅ Эмбеддинг создан для записи 1615
2025-07-16 10:31:09,043 - INFO - 🔄 Обрабатываем запись 1616 (948/114708)
2025-07-16 10:31:09,460 - INFO - ✅ Эмбеддинг создан для записи 1616
2025-07-16 10:31:09,660 - INFO - 🔄 Обрабатываем запись 1617 (949/114708)
2025-07-16 10:31:10,277 - INFO - ✅ Эмбеддинг создан для записи 1617
2025-07-16 10:31:10,478 - INFO - 🔄 Обрабатываем запись 1618 (950/114708)
2025-07-16 10:31:10,992 - INFO - ✅ Эмбеддинг создан для записи 1618
2025-07-16 10:31:11,193 - INFO - 🔄 Обрабатываем запись 1619 (951/114708)
2025-07-16 10:31:11,714 - INFO - ✅ Эмбеддинг создан для записи 1619
2025-07-16 10:31:11,914 - INFO - 🔄 Обрабатываем запись 1620 (952/114708)
2025-07-16 10:31:12,438 - INFO - ✅ Эмбеддинг создан для записи 1620
2025-07-16 10:31:12,639 - INFO - 🔄 Обрабатываем запись 1621 (953/114708)
2025-07-16 10:31:13,144 - INFO - ✅ Эмбеддинг создан для записи 1621
2025-07-16 10:31:13,344 - INFO - 🔄 Обрабатываем запись 1622 (954/114708)
2025-07-16 10:31:13,964 - INFO - ✅ Эмбеддинг создан для записи 1622
2025-07-16 10:31:14,164 - INFO - 🔄 Обрабатываем запись 1623 (955/114708)
2025-07-16 10:31:14,685 - INFO - ✅ Эмбеддинг создан для записи 1623
2025-07-16 10:31:14,886 - INFO - 🔄 Обрабатываем запись 1624 (956/114708)
2025-07-16 10:31:15,402 - INFO - ✅ Эмбеддинг создан для записи 1624
2025-07-16 10:31:15,603 - INFO - 🔄 Обрабатываем запись 1625 (957/114708)
2025-07-16 10:31:16,213 - INFO - ✅ Эмбеддинг создан для записи 1625
2025-07-16 10:31:16,413 - INFO - 🔄 Обрабатываем запись 1626 (958/114708)
2025-07-16 10:31:16,936 - INFO - ✅ Эмбеддинг создан для записи 1626
2025-07-16 10:31:17,137 - INFO - 🔄 Обрабатываем запись 1627 (959/114708)
2025-07-16 10:31:17,654 - INFO - ✅ Эмбеддинг создан для записи 1627
2025-07-16 10:31:17,855 - INFO - 🔄 Обрабатываем запись 1628 (960/114708)
2025-07-16 10:31:18,371 - INFO - ✅ Эмбеддинг создан для записи 1628
2025-07-16 10:31:18,572 - INFO - 🔄 Обрабатываем запись 1629 (961/114708)
2025-07-16 10:31:19,184 - INFO - ✅ Эмбеддинг создан для записи 1629
2025-07-16 10:31:19,385 - INFO - 🔄 Обрабатываем запись 1630 (962/114708)
2025-07-16 10:31:19,901 - INFO - ✅ Эмбеддинг создан для записи 1630
2025-07-16 10:31:20,103 - INFO - 🔄 Обрабатываем запись 1631 (963/114708)
2025-07-16 10:31:20,629 - INFO - ✅ Эмбеддинг создан для записи 1631
2025-07-16 10:31:20,829 - INFO - 🔄 Обрабатываем запись 1632 (964/114708)
2025-07-16 10:31:21,341 - INFO - ✅ Эмбеддинг создан для записи 1632
2025-07-16 10:31:21,542 - INFO - 🔄 Обрабатываем запись 1633 (965/114708)
2025-07-16 10:31:22,157 - INFO - ✅ Эмбеддинг создан для записи 1633
2025-07-16 10:31:22,357 - INFO - 🔄 Обрабатываем запись 1634 (966/114708)
2025-07-16 10:31:22,867 - INFO - ✅ Эмбеддинг создан для записи 1634
2025-07-16 10:31:23,068 - INFO - 🔄 Обрабатываем запись 1635 (967/114708)
2025-07-16 10:31:23,596 - INFO - ✅ Эмбеддинг создан для записи 1635
2025-07-16 10:31:23,796 - INFO - 🔄 Обрабатываем запись 1636 (968/114708)
2025-07-16 10:31:24,314 - INFO - ✅ Эмбеддинг создан для записи 1636
2025-07-16 10:31:24,514 - INFO - 🔄 Обрабатываем запись 1637 (969/114708)
2025-07-16 10:31:25,129 - INFO - ✅ Эмбеддинг создан для записи 1637
2025-07-16 10:31:25,329 - INFO - 🔄 Обрабатываем запись 1638 (970/114708)
2025-07-16 10:31:25,845 - INFO - ✅ Эмбеддинг создан для записи 1638
2025-07-16 10:31:26,046 - INFO - 🔄 Обрабатываем запись 1639 (971/114708)
2025-07-16 10:31:26,574 - INFO - ✅ Эмбеддинг создан для записи 1639
2025-07-16 10:31:26,775 - INFO - 🔄 Обрабатываем запись 1640 (972/114708)
2025-07-16 10:31:27,286 - INFO - ✅ Эмбеддинг создан для записи 1640
2025-07-16 10:31:27,486 - INFO - 🔄 Обрабатываем запись 1641 (973/114708)
2025-07-16 10:31:27,920 - INFO - ✅ Эмбеддинг создан для записи 1641
2025-07-16 10:31:28,121 - INFO - 🔄 Обрабатываем запись 1642 (974/114708)
2025-07-16 10:31:28,529 - INFO - ✅ Эмбеддинг создан для записи 1642
2025-07-16 10:31:28,729 - INFO - 🔄 Обрабатываем запись 1643 (975/114708)
2025-07-16 10:31:29,250 - INFO - ✅ Эмбеддинг создан для записи 1643
2025-07-16 10:31:29,451 - INFO - 🔄 Обрабатываем запись 1644 (976/114708)
2025-07-16 10:31:29,938 - INFO - ✅ Эмбеддинг создан для записи 1644
2025-07-16 10:31:30,138 - INFO - 🔄 Обрабатываем запись 1645 (977/114708)
2025-07-16 10:31:30,657 - INFO - ✅ Эмбеддинг создан для записи 1645
2025-07-16 10:31:30,858 - INFO - 🔄 Обрабатываем запись 1646 (978/114708)
2025-07-16 10:31:31,291 - INFO - ✅ Эмбеддинг создан для записи 1646
2025-07-16 10:31:31,492 - INFO - 🔄 Обрабатываем запись 1647 (979/114708)
2025-07-16 10:31:31,989 - INFO - ✅ Эмбеддинг создан для записи 1647
2025-07-16 10:31:32,189 - INFO - 🔄 Обрабатываем запись 1648 (980/114708)
2025-07-16 10:31:32,598 - INFO - ✅ Эмбеддинг создан для записи 1648
2025-07-16 10:31:32,798 - INFO - 🔄 Обрабатываем запись 1649 (981/114708)
2025-07-16 10:31:33,228 - INFO - ✅ Эмбеддинг создан для записи 1649
2025-07-16 10:31:33,428 - INFO - 🔄 Обрабатываем запись 1650 (982/114708)
2025-07-16 10:31:33,931 - INFO - ✅ Эмбеддинг создан для записи 1650
2025-07-16 10:31:34,131 - INFO - 🔄 Обрабатываем запись 1651 (983/114708)
2025-07-16 10:31:34,568 - INFO - ✅ Эмбеддинг создан для записи 1651
2025-07-16 10:31:34,769 - INFO - 🔄 Обрабатываем запись 1652 (984/114708)
2025-07-16 10:31:35,279 - INFO - ✅ Эмбеддинг создан для записи 1652
2025-07-16 10:31:35,480 - INFO - 🔄 Обрабатываем запись 1653 (985/114708)
2025-07-16 10:31:36,018 - INFO - ✅ Эмбеддинг создан для записи 1653
2025-07-16 10:31:36,219 - INFO - 🔄 Обрабатываем запись 1654 (986/114708)
2025-07-16 10:31:36,723 - INFO - ✅ Эмбеддинг создан для записи 1654
2025-07-16 10:31:36,924 - INFO - 🔄 Обрабатываем запись 1655 (987/114708)
2025-07-16 10:31:37,490 - INFO - ✅ Эмбеддинг создан для записи 1655
2025-07-16 10:31:37,691 - INFO - 🔄 Обрабатываем запись 1656 (988/114708)
2025-07-16 10:31:38,067 - INFO - ✅ Эмбеддинг создан для записи 1656
2025-07-16 10:31:38,268 - INFO - 🔄 Обрабатываем запись 1657 (989/114708)
2025-07-16 10:31:38,741 - INFO - ✅ Эмбеддинг создан для записи 1657
2025-07-16 10:31:38,941 - INFO - 🔄 Обрабатываем запись 1658 (990/114708)
2025-07-16 10:31:39,526 - INFO - ✅ Эмбеддинг создан для записи 1658
2025-07-16 10:31:39,726 - INFO - 🔄 Обрабатываем запись 1659 (991/114708)
2025-07-16 10:31:40,157 - INFO - ✅ Эмбеддинг создан для записи 1659
2025-07-16 10:31:40,358 - INFO - 🔄 Обрабатываем запись 1660 (992/114708)
2025-07-16 10:31:40,900 - INFO - ✅ Эмбеддинг создан для записи 1660
2025-07-16 10:31:41,101 - INFO - 🔄 Обрабатываем запись 1661 (993/114708)
2025-07-16 10:31:41,616 - INFO - ✅ Эмбеддинг создан для записи 1661
2025-07-16 10:31:41,816 - INFO - 🔄 Обрабатываем запись 1662 (994/114708)
2025-07-16 10:31:42,325 - INFO - ✅ Эмбеддинг создан для записи 1662
2025-07-16 10:31:42,526 - INFO - 🔄 Обрабатываем запись 1663 (995/114708)
2025-07-16 10:31:42,949 - INFO - ✅ Эмбеддинг создан для записи 1663
2025-07-16 10:31:43,150 - INFO - 🔄 Обрабатываем запись 1664 (996/114708)
2025-07-16 10:31:43,683 - INFO - ✅ Эмбеддинг создан для записи 1664
2025-07-16 10:31:43,884 - INFO - 🔄 Обрабатываем запись 1665 (997/114708)
2025-07-16 10:31:44,413 - INFO - ✅ Эмбеддинг создан для записи 1665
2025-07-16 10:31:44,614 - INFO - 🔄 Обрабатываем запись 1666 (998/114708)
2025-07-16 10:31:45,197 - INFO - ✅ Эмбеддинг создан для записи 1666
2025-07-16 10:31:45,398 - INFO - 🔄 Обрабатываем запись 1667 (999/114708)
2025-07-16 10:31:45,914 - INFO - ✅ Эмбеддинг создан для записи 1667
2025-07-16 10:31:46,115 - INFO - 🔄 Обрабатываем запись 1668 (1000/114708)
2025-07-16 10:31:46,802 - INFO - ✅ Эмбеддинг создан для записи 1668
2025-07-16 10:32:14,267 - INFO - 💾 Данные безопасно сохранены
2025-07-16 10:32:14,267 - INFO - 💾 Сохранено после 1000 записей
2025-07-16 10:32:14,468 - INFO - 🔄 Обрабатываем запись 1669 (1001/114708)
2025-07-16 10:32:15,456 - INFO - ✅ Эмбеддинг создан для записи 1669
2025-07-16 10:32:15,657 - INFO - 🔄 Обрабатываем запись 1670 (1002/114708)
2025-07-16 10:32:16,139 - INFO - ✅ Эмбеддинг создан для записи 1670
2025-07-16 10:32:16,340 - INFO - 🔄 Обрабатываем запись 1671 (1003/114708)
2025-07-16 10:32:16,862 - INFO - ✅ Эмбеддинг создан для записи 1671
2025-07-16 10:32:17,062 - INFO - 🔄 Обрабатываем запись 1672 (1004/114708)
2025-07-16 10:32:17,580 - INFO - ✅ Эмбеддинг создан для записи 1672
2025-07-16 10:32:17,781 - INFO - 🔄 Обрабатываем запись 1673 (1005/114708)
2025-07-16 10:32:18,307 - INFO - ✅ Эмбеддинг создан для записи 1673
2025-07-16 10:32:18,508 - INFO - 🔄 Обрабатываем запись 1674 (1006/114708)
2025-07-16 10:32:18,985 - INFO - ✅ Эмбеддинг создан для записи 1674
2025-07-16 10:32:19,185 - INFO - 🔄 Обрабатываем запись 1675 (1007/114708)
2025-07-16 10:32:19,707 - INFO - ✅ Эмбеддинг создан для записи 1675
2025-07-16 10:32:19,908 - INFO - 🔄 Обрабатываем запись 1676 (1008/114708)
2025-07-16 10:32:20,240 - INFO - ✅ Эмбеддинг создан для записи 1676
2025-07-16 10:32:20,441 - INFO - 🔄 Обрабатываем запись 1677 (1009/114708)
2025-07-16 10:32:20,932 - INFO - ✅ Эмбеддинг создан для записи 1677
2025-07-16 10:32:21,133 - INFO - 🔄 Обрабатываем запись 1678 (1010/114708)
2025-07-16 10:32:21,555 - INFO - ✅ Эмбеддинг создан для записи 1678
2025-07-16 10:32:21,756 - INFO - 🔄 Обрабатываем запись 1679 (1011/114708)
2025-07-16 10:32:22,277 - INFO - ✅ Эмбеддинг создан для записи 1679
2025-07-16 10:32:22,478 - INFO - 🔄 Обрабатываем запись 1680 (1012/114708)
2025-07-16 10:32:23,089 - INFO - ✅ Эмбеддинг создан для записи 1680
2025-07-16 10:32:23,290 - INFO - 🔄 Обрабатываем запись 1681 (1013/114708)
2025-07-16 10:32:23,802 - INFO - ✅ Эмбеддинг создан для записи 1681
2025-07-16 10:32:24,003 - INFO - 🔄 Обрабатываем запись 1682 (1014/114708)
2025-07-16 10:32:24,737 - INFO - ✅ Эмбеддинг создан для записи 1682
2025-07-16 10:32:24,937 - INFO - 🔄 Обрабатываем запись 1683 (1015/114708)
2025-07-16 10:32:25,768 - INFO - ✅ Эмбеддинг создан для записи 1683
2025-07-16 10:32:25,969 - INFO - 🔄 Обрабатываем запись 1684 (1016/114708)
2025-07-16 10:32:26,495 - INFO - ✅ Эмбеддинг создан для записи 1684
2025-07-16 10:32:26,695 - INFO - 🔄 Обрабатываем запись 1685 (1017/114708)
2025-07-16 10:32:27,215 - INFO - ✅ Эмбеддинг создан для записи 1685
2025-07-16 10:32:27,416 - INFO - 🔄 Обрабатываем запись 1686 (1018/114708)
2025-07-16 10:32:27,896 - INFO - ✅ Эмбеддинг создан для записи 1686
2025-07-16 10:32:28,096 - INFO - 🔄 Обрабатываем запись 1687 (1019/114708)
2025-07-16 10:32:28,837 - INFO - ✅ Эмбеддинг создан для записи 1687
2025-07-16 10:32:29,037 - INFO - 🔄 Обрабатываем запись 1688 (1020/114708)
2025-07-16 10:32:29,649 - INFO - ✅ Эмбеддинг создан для записи 1688
2025-07-16 10:32:29,849 - INFO - 🔄 Обрабатываем запись 1689 (1021/114708)
2025-07-16 10:32:30,211 - INFO - ✅ Эмбеддинг создан для записи 1689
2025-07-16 10:32:30,411 - INFO - 🔄 Обрабатываем запись 1690 (1022/114708)
2025-07-16 10:32:30,816 - INFO - ✅ Эмбеддинг создан для записи 1690
2025-07-16 10:32:31,016 - INFO - 🔄 Обрабатываем запись 1691 (1023/114708)
2025-07-16 10:32:31,747 - INFO - ✅ Эмбеддинг создан для записи 1691
2025-07-16 10:32:31,947 - INFO - 🔄 Обрабатываем запись 1692 (1024/114708)
2025-07-16 10:32:32,354 - INFO - ✅ Эмбеддинг создан для записи 1692
2025-07-16 10:32:32,555 - INFO - 🔄 Обрабатываем запись 1693 (1025/114708)
2025-07-16 10:32:32,973 - INFO - ✅ Эмбеддинг создан для записи 1693
2025-07-16 10:32:33,174 - INFO - 🔄 Обрабатываем запись 1694 (1026/114708)
2025-07-16 10:32:33,512 - INFO - ✅ Эмбеддинг создан для записи 1694
2025-07-16 10:32:33,713 - INFO - 🔄 Обрабатываем запись 1695 (1027/114708)
2025-07-16 10:32:34,235 - INFO - ✅ Эмбеддинг создан для записи 1695
2025-07-16 10:32:34,436 - INFO - 🔄 Обрабатываем запись 1696 (1028/114708)
2025-07-16 10:32:34,886 - INFO - ✅ Эмбеддинг создан для записи 1696
2025-07-16 10:32:35,087 - INFO - 🔄 Обрабатываем запись 1697 (1029/114708)
2025-07-16 10:32:35,710 - INFO - ✅ Эмбеддинг создан для записи 1697
2025-07-16 10:32:35,910 - INFO - 🔄 Обрабатываем запись 1698 (1030/114708)
2025-07-16 10:32:36,353 - INFO - ✅ Эмбеддинг создан для записи 1698
2025-07-16 10:32:36,554 - INFO - 🔄 Обрабатываем запись 1699 (1031/114708)
2025-07-16 10:32:36,973 - INFO - ✅ Эмбеддинг создан для записи 1699
2025-07-16 10:32:37,173 - INFO - 🔄 Обрабатываем запись 1700 (1032/114708)
2025-07-16 10:32:37,928 - INFO - ✅ Эмбеддинг создан для записи 1700
2025-07-16 10:32:38,130 - INFO - 🔄 Обрабатываем запись 1701 (1033/114708)
2025-07-16 10:32:38,657 - INFO - ✅ Эмбеддинг создан для записи 1701
2025-07-16 10:32:38,857 - INFO - 🔄 Обрабатываем запись 1702 (1034/114708)
2025-07-16 10:32:39,377 - INFO - ✅ Эмбеддинг создан для записи 1702
2025-07-16 10:32:39,578 - INFO - 🔄 Обрабатываем запись 1703 (1035/114708)
2025-07-16 10:32:40,261 - INFO - ✅ Эмбеддинг создан для записи 1703
2025-07-16 10:32:40,462 - INFO - 🔄 Обрабатываем запись 1704 (1036/114708)
2025-07-16 10:32:40,904 - INFO - ✅ Эмбеддинг создан для записи 1704
2025-07-16 10:32:41,104 - INFO - 🔄 Обрабатываем запись 1705 (1037/114708)
2025-07-16 10:32:41,628 - INFO - ✅ Эмбеддинг создан для записи 1705
2025-07-16 10:32:41,829 - INFO - 🔄 Обрабатываем запись 1706 (1038/114708)
2025-07-16 10:32:42,344 - INFO - ✅ Эмбеддинг создан для записи 1706
2025-07-16 10:32:42,545 - INFO - 🔄 Обрабатываем запись 1707 (1039/114708)
2025-07-16 10:32:43,151 - INFO - ✅ Эмбеддинг создан для записи 1707
2025-07-16 10:32:43,352 - INFO - 🔄 Обрабатываем запись 1708 (1040/114708)
2025-07-16 10:32:43,878 - INFO - ✅ Эмбеддинг создан для записи 1708
2025-07-16 10:32:44,079 - INFO - 🔄 Обрабатываем запись 1709 (1041/114708)
2025-07-16 10:32:44,692 - INFO - ✅ Эмбеддинг создан для записи 1709
2025-07-16 10:32:44,893 - INFO - 🔄 Обрабатываем запись 1710 (1042/114708)
2025-07-16 10:32:45,408 - INFO - ✅ Эмбеддинг создан для записи 1710
2025-07-16 10:32:45,609 - INFO - 🔄 Обрабатываем запись 1711 (1043/114708)
2025-07-16 10:32:46,133 - INFO - ✅ Эмбеддинг создан для записи 1711
2025-07-16 10:32:46,334 - INFO - 🔄 Обрабатываем запись 1712 (1044/114708)
2025-07-16 10:32:46,843 - INFO - ✅ Эмбеддинг создан для записи 1712
2025-07-16 10:32:47,044 - INFO - 🔄 Обрабатываем запись 1713 (1045/114708)
2025-07-16 10:32:47,564 - INFO - ✅ Эмбеддинг создан для записи 1713
2025-07-16 10:32:47,765 - INFO - 🔄 Обрабатываем запись 1714 (1046/114708)
2025-07-16 10:32:48,299 - INFO - ✅ Эмбеддинг создан для записи 1714
2025-07-16 10:32:48,500 - INFO - 🔄 Обрабатываем запись 1715 (1047/114708)
2025-07-16 10:32:49,094 - INFO - ✅ Эмбеддинг создан для записи 1715
2025-07-16 10:32:49,295 - INFO - 🔄 Обрабатываем запись 1716 (1048/114708)
2025-07-16 10:32:50,117 - INFO - ✅ Эмбеддинг создан для записи 1716
2025-07-16 10:32:50,318 - INFO - 🔄 Обрабатываем запись 1717 (1049/114708)
2025-07-16 10:32:50,733 - INFO - ✅ Эмбеддинг создан для записи 1717
2025-07-16 10:32:50,934 - INFO - 🔄 Обрабатываем запись 1718 (1050/114708)
2025-07-16 10:32:51,446 - INFO - ✅ Эмбеддинг создан для записи 1718
2025-07-16 10:32:51,647 - INFO - 🔄 Обрабатываем запись 1719 (1051/114708)
2025-07-16 10:32:52,063 - INFO - ✅ Эмбеддинг создан для записи 1719
2025-07-16 10:32:52,264 - INFO - 🔄 Обрабатываем запись 1720 (1052/114708)
2025-07-16 10:32:52,784 - INFO - ✅ Эмбеддинг создан для записи 1720
2025-07-16 10:32:52,985 - INFO - 🔄 Обрабатываем запись 1721 (1053/114708)
2025-07-16 10:32:53,402 - INFO - ✅ Эмбеддинг создан для записи 1721
2025-07-16 10:32:53,603 - INFO - 🔄 Обрабатываем запись 1722 (1054/114708)
2025-07-16 10:32:54,316 - INFO - ✅ Эмбеддинг создан для записи 1722
2025-07-16 10:32:54,516 - INFO - 🔄 Обрабатываем запись 1723 (1055/114708)
2025-07-16 10:32:54,934 - INFO - ✅ Эмбеддинг создан для записи 1723
2025-07-16 10:32:55,134 - INFO - 🔄 Обрабатываем запись 1724 (1056/114708)
2025-07-16 10:32:55,753 - INFO - ✅ Эмбеддинг создан для записи 1724
2025-07-16 10:32:55,953 - INFO - 🔄 Обрабатываем запись 1725 (1057/114708)
2025-07-16 10:32:56,803 - INFO - ✅ Эмбеддинг создан для записи 1725
2025-07-16 10:32:57,004 - INFO - 🔄 Обрабатываем запись 1726 (1058/114708)
2025-07-16 10:32:57,762 - INFO - ✅ Эмбеддинг создан для записи 1726
2025-07-16 10:32:57,963 - INFO - 🔄 Обрабатываем запись 1727 (1059/114708)
2025-07-16 10:32:58,544 - INFO - ✅ Эмбеддинг создан для записи 1727
2025-07-16 10:32:58,744 - INFO - 🔄 Обрабатываем запись 1728 (1060/114708)
2025-07-16 10:32:59,547 - INFO - ✅ Эмбеддинг создан для записи 1728
2025-07-16 10:32:59,747 - INFO - 🔄 Обрабатываем запись 1729 (1061/114708)
2025-07-16 10:33:00,245 - INFO - ✅ Эмбеддинг создан для записи 1729
2025-07-16 10:33:00,446 - INFO - 🔄 Обрабатываем запись 1730 (1062/114708)
2025-07-16 10:33:00,972 - INFO - ✅ Эмбеддинг создан для записи 1730
2025-07-16 10:33:01,172 - INFO - 🔄 Обрабатываем запись 1731 (1063/114708)
2025-07-16 10:33:01,701 - INFO - ✅ Эмбеддинг создан для записи 1731
2025-07-16 10:33:01,901 - INFO - 🔄 Обрабатываем запись 1732 (1064/114708)
2025-07-16 10:33:02,319 - INFO - ✅ Эмбеддинг создан для записи 1732
2025-07-16 10:33:02,523 - INFO - 🔄 Обрабатываем запись 1733 (1065/114708)
2025-07-16 10:33:03,335 - INFO - ✅ Эмбеддинг создан для записи 1733
2025-07-16 10:33:03,535 - INFO - 🔄 Обрабатываем запись 1734 (1066/114708)
2025-07-16 10:33:04,042 - INFO - ✅ Эмбеддинг создан для записи 1734
2025-07-16 10:33:04,243 - INFO - 🔄 Обрабатываем запись 1735 (1067/114708)
2025-07-16 10:33:05,076 - INFO - ✅ Эмбеддинг создан для записи 1735
2025-07-16 10:33:05,276 - INFO - 🔄 Обрабатываем запись 1736 (1068/114708)
2025-07-16 10:33:05,660 - INFO - ✅ Эмбеддинг создан для записи 1736
2025-07-16 10:33:05,861 - INFO - 🔄 Обрабатываем запись 1737 (1069/114708)
2025-07-16 10:33:06,279 - INFO - ✅ Эмбеддинг создан для записи 1737
2025-07-16 10:33:06,479 - INFO - 🔄 Обрабатываем запись 1738 (1070/114708)
2025-07-16 10:33:07,020 - INFO - ✅ Эмбеддинг создан для записи 1738
2025-07-16 10:33:07,220 - INFO - 🔄 Обрабатываем запись 1739 (1071/114708)
2025-07-16 10:33:07,632 - INFO - ✅ Эмбеддинг создан для записи 1739
2025-07-16 10:33:07,833 - INFO - 🔄 Обрабатываем запись 1740 (1072/114708)
2025-07-16 10:33:08,356 - INFO - ✅ Эмбеддинг создан для записи 1740
2025-07-16 10:33:08,556 - INFO - 🔄 Обрабатываем запись 1741 (1073/114708)
2025-07-16 10:33:08,975 - INFO - ✅ Эмбеддинг создан для записи 1741
2025-07-16 10:33:09,175 - INFO - 🔄 Обрабатываем запись 1742 (1074/114708)
2025-07-16 10:33:09,601 - INFO - ✅ Эмбеддинг создан для записи 1742
2025-07-16 10:33:09,802 - INFO - 🔄 Обрабатываем запись 1743 (1075/114708)
2025-07-16 10:33:10,245 - INFO - ✅ Эмбеддинг создан для записи 1743
2025-07-16 10:33:10,446 - INFO - 🔄 Обрабатываем запись 1744 (1076/114708)
2025-07-16 10:33:10,871 - INFO - ✅ Эмбеддинг создан для записи 1744
2025-07-16 10:33:11,071 - INFO - 🔄 Обрабатываем запись 1745 (1077/114708)
2025-07-16 10:33:11,516 - INFO - ✅ Эмбеддинг создан для записи 1745
2025-07-16 10:33:11,716 - INFO - 🔄 Обрабатываем запись 1746 (1078/114708)
2025-07-16 10:33:12,135 - INFO - ✅ Эмбеддинг создан для записи 1746
2025-07-16 10:33:12,336 - INFO - 🔄 Обрабатываем запись 1747 (1079/114708)
2025-07-16 10:33:13,030 - INFO - ✅ Эмбеддинг создан для записи 1747
2025-07-16 10:33:13,231 - INFO - 🔄 Обрабатываем запись 1748 (1080/114708)
2025-07-16 10:33:13,668 - INFO - ✅ Эмбеддинг создан для записи 1748
2025-07-16 10:33:13,868 - INFO - 🔄 Обрабатываем запись 1749 (1081/114708)
2025-07-16 10:33:14,293 - INFO - ✅ Эмбеддинг создан для записи 1749
2025-07-16 10:33:14,494 - INFO - 🔄 Обрабатываем запись 1750 (1082/114708)
2025-07-16 10:33:15,215 - INFO - ✅ Эмбеддинг создан для записи 1750
2025-07-16 10:33:15,416 - INFO - 🔄 Обрабатываем запись 1751 (1083/114708)
2025-07-16 10:33:15,900 - INFO - ✅ Эмбеддинг создан для записи 1751
2025-07-16 10:33:16,101 - INFO - 🔄 Обрабатываем запись 1752 (1084/114708)
2025-07-16 10:33:16,640 - INFO - ✅ Эмбеддинг создан для записи 1752
2025-07-16 10:33:16,841 - INFO - 🔄 Обрабатываем запись 1753 (1085/114708)
2025-07-16 10:33:17,263 - INFO - ✅ Эмбеддинг создан для записи 1753
2025-07-16 10:33:17,464 - INFO - 🔄 Обрабатываем запись 1754 (1086/114708)
2025-07-16 10:33:17,888 - INFO - ✅ Эмбеддинг создан для записи 1754
2025-07-16 10:33:18,089 - INFO - 🔄 Обрабатываем запись 1755 (1087/114708)
2025-07-16 10:33:18,529 - INFO - ✅ Эмбеддинг создан для записи 1755
2025-07-16 10:33:18,730 - INFO - 🔄 Обрабатываем запись 1756 (1088/114708)
2025-07-16 10:33:19,198 - INFO - ✅ Эмбеддинг создан для записи 1756
2025-07-16 10:33:19,399 - INFO - 🔄 Обрабатываем запись 1757 (1089/114708)
2025-07-16 10:33:19,814 - INFO - ✅ Эмбеддинг создан для записи 1757
2025-07-16 10:33:20,015 - INFO - 🔄 Обрабатываем запись 1758 (1090/114708)
2025-07-16 10:33:20,734 - INFO - ✅ Эмбеддинг создан для записи 1758
2025-07-16 10:33:20,934 - INFO - 🔄 Обрабатываем запись 1759 (1091/114708)
2025-07-16 10:33:21,483 - INFO - ✅ Эмбеддинг создан для записи 1759
2025-07-16 10:33:21,683 - INFO - 🔄 Обрабатываем запись 1760 (1092/114708)
2025-07-16 10:33:22,167 - INFO - ✅ Эмбеддинг создан для записи 1760
2025-07-16 10:33:22,368 - INFO - 🔄 Обрабатываем запись 1761 (1093/114708)
2025-07-16 10:33:22,886 - INFO - ✅ Эмбеддинг создан для записи 1761
2025-07-16 10:33:23,087 - INFO - 🔄 Обрабатываем запись 1762 (1094/114708)
2025-07-16 10:33:23,507 - INFO - ✅ Эмбеддинг создан для записи 1762
2025-07-16 10:33:23,708 - INFO - 🔄 Обрабатываем запись 1763 (1095/114708)
2025-07-16 10:33:24,213 - INFO - ✅ Эмбеддинг создан для записи 1763
2025-07-16 10:33:24,414 - INFO - 🔄 Обрабатываем запись 1764 (1096/114708)
2025-07-16 10:33:24,828 - INFO - ✅ Эмбеддинг создан для записи 1764
2025-07-16 10:33:25,029 - INFO - 🔄 Обрабатываем запись 1765 (1097/114708)
2025-07-16 10:33:25,560 - INFO - ✅ Эмбеддинг создан для записи 1765
2025-07-16 10:33:25,761 - INFO - 🔄 Обрабатываем запись 1766 (1098/114708)
2025-07-16 10:33:26,356 - INFO - ✅ Эмбеддинг создан для записи 1766
2025-07-16 10:33:26,557 - INFO - 🔄 Обрабатываем запись 1767 (1099/114708)
2025-07-16 10:33:27,090 - INFO - ✅ Эмбеддинг создан для записи 1767
2025-07-16 10:33:27,291 - INFO - 🔄 Обрабатываем запись 1768 (1100/114708)
2025-07-16 10:33:27,694 - INFO - ✅ Эмбеддинг создан для записи 1768
2025-07-16 10:33:55,556 - INFO - 💾 Данные безопасно сохранены
2025-07-16 10:33:55,556 - INFO - 💾 Сохранено после 1100 записей
2025-07-16 10:33:55,756 - INFO - 🔄 Обрабатываем запись 1769 (1101/114708)
2025-07-16 10:33:56,602 - INFO - ✅ Эмбеддинг создан для записи 1769
2025-07-16 10:33:56,803 - INFO - 🔄 Обрабатываем запись 1770 (1102/114708)
2025-07-16 10:33:57,413 - INFO - ✅ Эмбеддинг создан для записи 1770
2025-07-16 10:33:57,614 - INFO - 🔄 Обрабатываем запись 1771 (1103/114708)
2025-07-16 10:33:58,216 - INFO - ✅ Эмбеддинг создан для записи 1771
2025-07-16 10:33:58,417 - INFO - 🔄 Обрабатываем запись 1772 (1104/114708)
2025-07-16 10:33:58,941 - INFO - ✅ Эмбеддинг создан для записи 1772
2025-07-16 10:33:59,141 - INFO - 🔄 Обрабатываем запись 1773 (1105/114708)
2025-07-16 10:33:59,590 - INFO - ✅ Эмбеддинг создан для записи 1773
2025-07-16 10:33:59,791 - INFO - 🔄 Обрабатываем запись 1774 (1106/114708)
2025-07-16 10:34:00,234 - INFO - ✅ Эмбеддинг создан для записи 1774
2025-07-16 10:34:00,435 - INFO - 🔄 Обрабатываем запись 1775 (1107/114708)
2025-07-16 10:34:00,902 - INFO - ✅ Эмбеддинг создан для записи 1775
2025-07-16 10:34:01,103 - INFO - 🔄 Обрабатываем запись 1776 (1108/114708)
2025-07-16 10:34:01,625 - INFO - ✅ Эмбеддинг создан для записи 1776
2025-07-16 10:34:01,826 - INFO - 🔄 Обрабатываем запись 1777 (1109/114708)
2025-07-16 10:34:02,272 - INFO - ✅ Эмбеддинг создан для записи 1777
2025-07-16 10:34:02,472 - INFO - 🔄 Обрабатываем запись 1778 (1110/114708)
2025-07-16 10:34:02,932 - INFO - ✅ Эмбеддинг создан для записи 1778
2025-07-16 10:34:03,132 - INFO - 🔄 Обрабатываем запись 1779 (1111/114708)
2025-07-16 10:34:03,562 - INFO - ✅ Эмбеддинг создан для записи 1779
2025-07-16 10:34:03,762 - INFO - 🔄 Обрабатываем запись 1780 (1112/114708)
2025-07-16 10:34:04,357 - INFO - ✅ Эмбеддинг создан для записи 1780
2025-07-16 10:34:04,557 - INFO - 🔄 Обрабатываем запись 1781 (1113/114708)
2025-07-16 10:34:05,083 - INFO - ✅ Эмбеддинг создан для записи 1781
2025-07-16 10:34:05,283 - INFO - 🔄 Обрабатываем запись 1782 (1114/114708)
2025-07-16 10:34:05,790 - INFO - ✅ Эмбеддинг создан для записи 1782
2025-07-16 10:34:05,991 - INFO - 🔄 Обрабатываем запись 1783 (1115/114708)
2025-07-16 10:34:06,950 - INFO - ✅ Эмбеддинг создан для записи 1783
2025-07-16 10:34:07,151 - INFO - 🔄 Обрабатываем запись 1784 (1116/114708)
2025-07-16 10:34:07,664 - INFO - ✅ Эмбеддинг создан для записи 1784
2025-07-16 10:34:07,865 - INFO - 🔄 Обрабатываем запись 1785 (1117/114708)
2025-07-16 10:34:08,566 - INFO - ✅ Эмбеддинг создан для записи 1785
2025-07-16 10:34:08,767 - INFO - 🔄 Обрабатываем запись 1786 (1118/114708)
2025-07-16 10:34:09,586 - INFO - ✅ Эмбеддинг создан для записи 1786
2025-07-16 10:34:09,787 - INFO - 🔄 Обрабатываем запись 1787 (1119/114708)
2025-07-16 10:34:10,198 - INFO - ✅ Эмбеддинг создан для записи 1787
2025-07-16 10:34:10,398 - INFO - 🔄 Обрабатываем запись 1788 (1120/114708)
2025-07-16 10:34:10,910 - INFO - ✅ Эмбеддинг создан для записи 1788
2025-07-16 10:34:11,111 - INFO - 🔄 Обрабатываем запись 1789 (1121/114708)
2025-07-16 10:34:11,634 - INFO - ✅ Эмбеддинг создан для записи 1789
2025-07-16 10:34:11,834 - INFO - 🔄 Обрабатываем запись 1790 (1122/114708)
2025-07-16 10:34:12,452 - INFO - ✅ Эмбеддинг создан для записи 1790
2025-07-16 10:34:12,653 - INFO - 🔄 Обрабатываем запись 1791 (1123/114708)
2025-07-16 10:34:13,324 - INFO - ✅ Эмбеддинг создан для записи 1791
2025-07-16 10:34:13,525 - INFO - 🔄 Обрабатываем запись 1792 (1124/114708)
2025-07-16 10:34:14,327 - INFO - ✅ Эмбеддинг создан для записи 1792
2025-07-16 10:34:14,527 - INFO - 🔄 Обрабатываем запись 1793 (1125/114708)
2025-07-16 10:34:15,031 - INFO - ✅ Эмбеддинг создан для записи 1793
2025-07-16 10:34:15,231 - INFO - 🔄 Обрабатываем запись 1794 (1126/114708)
2025-07-16 10:34:15,753 - INFO - ✅ Эмбеддинг создан для записи 1794
2025-07-16 10:34:15,953 - INFO - 🔄 Обрабатываем запись 1795 (1127/114708)
2025-07-16 10:34:16,470 - INFO - ✅ Эмбеддинг создан для записи 1795
2025-07-16 10:34:16,671 - INFO - 🔄 Обрабатываем запись 1796 (1128/114708)
2025-07-16 10:34:17,484 - INFO - ✅ Эмбеддинг создан для записи 1796
2025-07-16 10:34:17,684 - INFO - 🔄 Обрабатываем запись 1797 (1129/114708)
2025-07-16 10:34:18,285 - INFO - ✅ Эмбеддинг создан для записи 1797
2025-07-16 10:34:18,486 - INFO - 🔄 Обрабатываем запись 1798 (1130/114708)
2025-07-16 10:34:19,023 - INFO - ✅ Эмбеддинг создан для записи 1798
2025-07-16 10:34:19,224 - INFO - 🔄 Обрабатываем запись 1799 (1131/114708)
2025-07-16 10:34:19,725 - INFO - ✅ Эмбеддинг создан для записи 1799
2025-07-16 10:34:19,926 - INFO - 🔄 Обрабатываем запись 1800 (1132/114708)
2025-07-16 10:34:20,347 - INFO - ✅ Эмбеддинг создан для записи 1800
2025-07-16 10:34:20,547 - INFO - 🔄 Обрабатываем запись 1801 (1133/114708)
2025-07-16 10:34:21,253 - INFO - ✅ Эмбеддинг создан для записи 1801
2025-07-16 10:34:21,454 - INFO - 🔄 Обрабатываем запись 1802 (1134/114708)
2025-07-16 10:34:21,976 - INFO - ✅ Эмбеддинг создан для записи 1802
2025-07-16 10:34:22,176 - INFO - 🔄 Обрабатываем запись 1803 (1135/114708)
2025-07-16 10:34:22,696 - INFO - ✅ Эмбеддинг создан для записи 1803
2025-07-16 10:34:22,897 - INFO - 🔄 Обрабатываем запись 1804 (1136/114708)
2025-07-16 10:34:23,360 - INFO - ✅ Эмбеддинг создан для записи 1804
2025-07-16 10:34:23,561 - INFO - 🔄 Обрабатываем запись 1805 (1137/114708)
2025-07-16 10:34:24,229 - INFO - ✅ Эмбеддинг создан для записи 1805
2025-07-16 10:34:24,429 - INFO - 🔄 Обрабатываем запись 1806 (1138/114708)
2025-07-16 10:34:24,945 - INFO - ✅ Эмбеддинг создан для записи 1806
2025-07-16 10:34:25,146 - INFO - 🔄 Обрабатываем запись 1807 (1139/114708)
2025-07-16 10:34:25,777 - INFO - ✅ Эмбеддинг создан для записи 1807
2025-07-16 10:34:25,977 - INFO - 🔄 Обрабатываем запись 1808 (1140/114708)
2025-07-16 10:34:26,475 - INFO - ✅ Эмбеддинг создан для записи 1808
2025-07-16 10:34:26,675 - INFO - 🔄 Обрабатываем запись 1809 (1141/114708)
2025-07-16 10:34:27,102 - INFO - ✅ Эмбеддинг создан для записи 1809
2025-07-16 10:34:27,302 - INFO - 🔄 Обрабатываем запись 1810 (1142/114708)
2025-07-16 10:34:27,725 - INFO - ✅ Эмбеддинг создан для записи 1810
2025-07-16 10:34:27,926 - INFO - 🔄 Обрабатываем запись 1811 (1143/114708)
2025-07-16 10:34:28,637 - INFO - ✅ Эмбеддинг создан для записи 1811
2025-07-16 10:34:28,838 - INFO - 🔄 Обрабатываем запись 1812 (1144/114708)
2025-07-16 10:34:29,352 - INFO - ✅ Эмбеддинг создан для записи 1812
2025-07-16 10:34:29,553 - INFO - 🔄 Обрабатываем запись 1813 (1145/114708)
2025-07-16 10:34:30,083 - INFO - ✅ Эмбеддинг создан для записи 1813
2025-07-16 10:34:30,284 - INFO - 🔄 Обрабатываем запись 1814 (1146/114708)
2025-07-16 10:34:30,884 - INFO - ✅ Эмбеддинг создан для записи 1814
2025-07-16 10:34:31,085 - INFO - 🔄 Обрабатываем запись 1815 (1147/114708)
2025-07-16 10:34:31,603 - INFO - ✅ Эмбеддинг создан для записи 1815
2025-07-16 10:34:31,804 - INFO - 🔄 Обрабатываем запись 1816 (1148/114708)
2025-07-16 10:34:32,232 - INFO - ✅ Эмбеддинг создан для записи 1816
2025-07-16 10:34:32,433 - INFO - 🔄 Обрабатываем запись 1817 (1149/114708)
2025-07-16 10:34:33,136 - INFO - ✅ Эмбеддинг создан для записи 1817
2025-07-16 10:34:33,337 - INFO - 🔄 Обрабатываем запись 1818 (1150/114708)
2025-07-16 10:34:33,759 - INFO - ✅ Эмбеддинг создан для записи 1818
2025-07-16 10:34:33,959 - INFO - 🔄 Обрабатываем запись 1819 (1151/114708)
2025-07-16 10:34:34,571 - INFO - ✅ Эмбеддинг создан для записи 1819
2025-07-16 10:34:34,772 - INFO - 🔄 Обрабатываем запись 1820 (1152/114708)
2025-07-16 10:34:35,389 - INFO - ✅ Эмбеддинг создан для записи 1820
2025-07-16 10:34:35,589 - INFO - 🔄 Обрабатываем запись 1821 (1153/114708)
2025-07-16 10:34:36,101 - INFO - ✅ Эмбеддинг создан для записи 1821
2025-07-16 10:34:36,302 - INFO - 🔄 Обрабатываем запись 1822 (1154/114708)
2025-07-16 10:34:36,729 - INFO - ✅ Эмбеддинг создан для записи 1822
2025-07-16 10:34:36,929 - INFO - 🔄 Обрабатываем запись 1823 (1155/114708)
2025-07-16 10:34:37,356 - INFO - ✅ Эмбеддинг создан для записи 1823
2025-07-16 10:34:37,556 - INFO - 🔄 Обрабатываем запись 1824 (1156/114708)
2025-07-16 10:34:38,068 - INFO - ✅ Эмбеддинг создан для записи 1824
2025-07-16 10:34:38,269 - INFO - 🔄 Обрабатываем запись 1825 (1157/114708)
2025-07-16 10:34:38,803 - INFO - ✅ Эмбеддинг создан для записи 1825
2025-07-16 10:34:39,003 - INFO - 🔄 Обрабатываем запись 1826 (1158/114708)
2025-07-16 10:34:39,382 - INFO - ✅ Эмбеддинг создан для записи 1826
2025-07-16 10:34:39,583 - INFO - 🔄 Обрабатываем запись 1827 (1159/114708)
2025-07-16 10:34:40,101 - INFO - ✅ Эмбеддинг создан для записи 1827
2025-07-16 10:34:40,302 - INFO - 🔄 Обрабатываем запись 1828 (1160/114708)
2025-07-16 10:34:40,821 - INFO - ✅ Эмбеддинг создан для записи 1828
2025-07-16 10:34:41,021 - INFO - 🔄 Обрабатываем запись 1829 (1161/114708)
2025-07-16 10:34:41,425 - INFO - ✅ Эмбеддинг создан для записи 1829
2025-07-16 10:34:41,626 - INFO - 🔄 Обрабатываем запись 1830 (1162/114708)
2025-07-16 10:34:42,142 - INFO - ✅ Эмбеддинг создан для записи 1830
2025-07-16 10:34:42,343 - INFO - 🔄 Обрабатываем запись 1831 (1163/114708)
2025-07-16 10:34:42,761 - INFO - ✅ Эмбеддинг создан для записи 1831
2025-07-16 10:34:42,961 - INFO - 🔄 Обрабатываем запись 1832 (1164/114708)
2025-07-16 10:34:43,391 - INFO - ✅ Эмбеддинг создан для записи 1832
2025-07-16 10:34:43,591 - INFO - 🔄 Обрабатываем запись 1833 (1165/114708)
2025-07-16 10:34:44,007 - INFO - ✅ Эмбеддинг создан для записи 1833
2025-07-16 10:34:44,208 - INFO - 🔄 Обрабатываем запись 1834 (1166/114708)
2025-07-16 10:34:44,644 - INFO - ✅ Эмбеддинг создан для записи 1834
2025-07-16 10:34:44,845 - INFO - 🔄 Обрабатываем запись 1835 (1167/114708)
2025-07-16 10:34:45,455 - INFO - ✅ Эмбеддинг создан для записи 1835
2025-07-16 10:34:45,656 - INFO - 🔄 Обрабатываем запись 1836 (1168/114708)
2025-07-16 10:34:46,033 - INFO - ✅ Эмбеддинг создан для записи 1836
2025-07-16 10:34:46,233 - INFO - 🔄 Обрабатываем запись 1837 (1169/114708)
2025-07-16 10:34:46,652 - INFO - ✅ Эмбеддинг создан для записи 1837
2025-07-16 10:34:46,853 - INFO - 🔄 Обрабатываем запись 1838 (1170/114708)
2025-07-16 10:34:47,369 - INFO - ✅ Эмбеддинг создан для записи 1838
2025-07-16 10:34:47,570 - INFO - 🔄 Обрабатываем запись 1839 (1171/114708)
2025-07-16 10:34:47,985 - INFO - ✅ Эмбеддинг создан для записи 1839
2025-07-16 10:34:48,186 - INFO - 🔄 Обрабатываем запись 1840 (1172/114708)
2025-07-16 10:34:48,713 - INFO - ✅ Эмбеддинг создан для записи 1840
2025-07-16 10:34:48,914 - INFO - 🔄 Обрабатываем запись 1841 (1173/114708)
2025-07-16 10:34:49,453 - INFO - ✅ Эмбеддинг создан для записи 1841
2025-07-16 10:34:49,653 - INFO - 🔄 Обрабатываем запись 1842 (1174/114708)
2025-07-16 10:34:50,140 - INFO - ✅ Эмбеддинг создан для записи 1842
2025-07-16 10:34:50,341 - INFO - 🔄 Обрабатываем запись 1843 (1175/114708)
2025-07-16 10:34:51,060 - INFO - ✅ Эмбеддинг создан для записи 1843
2025-07-16 10:34:51,260 - INFO - 🔄 Обрабатываем запись 1844 (1176/114708)
2025-07-16 10:34:51,800 - INFO - ✅ Эмбеддинг создан для записи 1844
2025-07-16 10:34:52,001 - INFO - 🔄 Обрабатываем запись 1845 (1177/114708)
2025-07-16 10:34:52,509 - INFO - ✅ Эмбеддинг создан для записи 1845
2025-07-16 10:34:52,710 - INFO - 🔄 Обрабатываем запись 1846 (1178/114708)
2025-07-16 10:34:53,208 - INFO - ✅ Эмбеддинг создан для записи 1846
2025-07-16 10:34:53,409 - INFO - 🔄 Обрабатываем запись 1847 (1179/114708)
2025-07-16 10:34:54,001 - INFO - ✅ Эмбеддинг создан для записи 1847
2025-07-16 10:34:54,201 - INFO - 🔄 Обрабатываем запись 1848 (1180/114708)
2025-07-16 10:34:54,739 - INFO - ✅ Эмбеддинг создан для записи 1848
2025-07-16 10:34:54,939 - INFO - 🔄 Обрабатываем запись 1849 (1181/114708)
2025-07-16 10:34:55,361 - INFO - ✅ Эмбеддинг создан для записи 1849
2025-07-16 10:34:55,561 - INFO - 🔄 Обрабатываем запись 1850 (1182/114708)
2025-07-16 10:34:56,180 - INFO - ✅ Эмбеддинг создан для записи 1850
2025-07-16 10:34:56,381 - INFO - 🔄 Обрабатываем запись 1851 (1183/114708)
2025-07-16 10:34:56,888 - INFO - ✅ Эмбеддинг создан для записи 1851
2025-07-16 10:34:57,088 - INFO - 🔄 Обрабатываем запись 1852 (1184/114708)
2025-07-16 10:34:57,610 - INFO - ✅ Эмбеддинг создан для записи 1852
2025-07-16 10:34:57,810 - INFO - 🔄 Обрабатываем запись 1853 (1185/114708)
2025-07-16 10:34:58,341 - INFO - ✅ Эмбеддинг создан для записи 1853
2025-07-16 10:34:58,541 - INFO - 🔄 Обрабатываем запись 1854 (1186/114708)
2025-07-16 10:34:59,144 - INFO - ✅ Эмбеддинг создан для записи 1854
2025-07-16 10:34:59,344 - INFO - 🔄 Обрабатываем запись 1855 (1187/114708)
2025-07-16 10:35:00,063 - INFO - ✅ Эмбеддинг создан для записи 1855
2025-07-16 10:35:00,264 - INFO - 🔄 Обрабатываем запись 1856 (1188/114708)
2025-07-16 10:35:00,747 - INFO - ✅ Эмбеддинг создан для записи 1856
2025-07-16 10:35:00,947 - INFO - 🔄 Обрабатываем запись 1857 (1189/114708)
2025-07-16 10:35:01,498 - INFO - ✅ Эмбеддинг создан для записи 1857
2025-07-16 10:35:01,699 - INFO - 🔄 Обрабатываем запись 1858 (1190/114708)
2025-07-16 10:35:02,409 - INFO - ✅ Эмбеддинг создан для записи 1858
2025-07-16 10:35:02,609 - INFO - 🔄 Обрабатываем запись 1859 (1191/114708)
2025-07-16 10:35:03,175 - INFO - ✅ Эмбеддинг создан для записи 1859
2025-07-16 10:35:03,375 - INFO - 🔄 Обрабатываем запись 1860 (1192/114708)
2025-07-16 10:35:03,855 - INFO - ✅ Эмбеддинг создан для записи 1860
2025-07-16 10:35:04,055 - INFO - 🔄 Обрабатываем запись 1861 (1193/114708)
2025-07-16 10:35:04,377 - INFO - ✅ Эмбеддинг создан для записи 1861
2025-07-16 10:35:04,578 - INFO - 🔄 Обрабатываем запись 1862 (1194/114708)
2025-07-16 10:35:05,081 - INFO - ✅ Эмбеддинг создан для записи 1862
2025-07-16 10:35:05,282 - INFO - 🔄 Обрабатываем запись 1863 (1195/114708)
2025-07-16 10:35:05,807 - INFO - ✅ Эмбеддинг создан для записи 1863
2025-07-16 10:35:06,007 - INFO - 🔄 Обрабатываем запись 1864 (1196/114708)
2025-07-16 10:35:06,625 - INFO - ✅ Эмбеддинг создан для записи 1864
2025-07-16 10:35:06,826 - INFO - 🔄 Обрабатываем запись 1865 (1197/114708)
2025-07-16 10:35:07,334 - INFO - ✅ Эмбеддинг создан для записи 1865
2025-07-16 10:35:07,535 - INFO - 🔄 Обрабатываем запись 1866 (1198/114708)
2025-07-16 10:35:07,964 - INFO - ✅ Эмбеддинг создан для записи 1866
2025-07-16 10:35:08,165 - INFO - 🔄 Обрабатываем запись 1867 (1199/114708)
2025-07-16 10:35:08,773 - INFO - ✅ Эмбеддинг создан для записи 1867
2025-07-16 10:35:08,974 - INFO - 🔄 Обрабатываем запись 1868 (1200/114708)
2025-07-16 10:35:09,512 - INFO - ✅ Эмбеддинг создан для записи 1868
2025-07-16 10:35:41,866 - INFO - 💾 Данные безопасно сохранены
2025-07-16 10:35:41,867 - INFO - 💾 Сохранено после 1200 записей
2025-07-16 10:35:42,067 - INFO - 🔄 Обрабатываем запись 1869 (1201/114708)
2025-07-16 10:35:42,517 - INFO - ✅ Эмбеддинг создан для записи 1869
2025-07-16 10:35:42,718 - INFO - 🔄 Обрабатываем запись 1870 (1202/114708)
2025-07-16 10:35:43,184 - INFO - ✅ Эмбеддинг создан для записи 1870
2025-07-16 10:35:43,385 - INFO - 🔄 Обрабатываем запись 1871 (1203/114708)
2025-07-16 10:35:43,965 - INFO - ✅ Эмбеддинг создан для записи 1871
2025-07-16 10:35:44,166 - INFO - 🔄 Обрабатываем запись 1872 (1204/114708)
2025-07-16 10:35:44,619 - INFO - ✅ Эмбеддинг создан для записи 1872
2025-07-16 10:35:44,820 - INFO - 🔄 Обрабатываем запись 1873 (1205/114708)
2025-07-16 10:35:45,324 - INFO - ✅ Эмбеддинг создан для записи 1873
2025-07-16 10:35:45,525 - INFO - 🔄 Обрабатываем запись 1874 (1206/114708)
2025-07-16 10:35:45,940 - INFO - ✅ Эмбеддинг создан для записи 1874
2025-07-16 10:35:46,141 - INFO - 🔄 Обрабатываем запись 1875 (1207/114708)
2025-07-16 10:35:46,681 - INFO - ✅ Эмбеддинг создан для записи 1875
2025-07-16 10:35:46,882 - INFO - 🔄 Обрабатываем запись 1876 (1208/114708)
2025-07-16 10:35:47,461 - INFO - ✅ Эмбеддинг создан для записи 1876
2025-07-16 10:35:47,662 - INFO - 🔄 Обрабатываем запись 1877 (1209/114708)
2025-07-16 10:35:48,193 - INFO - ✅ Эмбеддинг создан для записи 1877
2025-07-16 10:35:48,394 - INFO - 🔄 Обрабатываем запись 1878 (1210/114708)
2025-07-16 10:35:48,910 - INFO - ✅ Эмбеддинг создан для записи 1878
2025-07-16 10:35:49,111 - INFO - 🔄 Обрабатываем запись 1879 (1211/114708)
2025-07-16 10:35:49,638 - INFO - ✅ Эмбеддинг создан для записи 1879
2025-07-16 10:35:49,838 - INFO - 🔄 Обрабатываем запись 1880 (1212/114708)
2025-07-16 10:35:50,252 - INFO - ✅ Эмбеддинг создан для записи 1880
2025-07-16 10:35:50,452 - INFO - 🔄 Обрабатываем запись 1881 (1213/114708)
2025-07-16 10:35:51,082 - INFO - ✅ Эмбеддинг создан для записи 1881
2025-07-16 10:35:51,283 - INFO - 🔄 Обрабатываем запись 1882 (1214/114708)
2025-07-16 10:35:52,063 - INFO - ✅ Эмбеддинг создан для записи 1882
2025-07-16 10:35:52,264 - INFO - 🔄 Обрабатываем запись 1883 (1215/114708)
2025-07-16 10:35:52,698 - INFO - ✅ Эмбеддинг создан для записи 1883
2025-07-16 10:35:52,898 - INFO - 🔄 Обрабатываем запись 1884 (1216/114708)
2025-07-16 10:35:53,414 - INFO - ✅ Эмбеддинг создан для записи 1884
2025-07-16 10:35:53,614 - INFO - 🔄 Обрабатываем запись 1885 (1217/114708)
2025-07-16 10:35:54,133 - INFO - ✅ Эмбеддинг создан для записи 1885
2025-07-16 10:35:54,334 - INFO - 🔄 Обрабатываем запись 1886 (1218/114708)
2025-07-16 10:35:54,849 - INFO - ✅ Эмбеддинг создан для записи 1886
2025-07-16 10:35:55,052 - INFO - 🔄 Обрабатываем запись 1887 (1219/114708)
2025-07-16 10:35:55,873 - INFO - ✅ Эмбеддинг создан для записи 1887
2025-07-16 10:35:56,074 - INFO - 🔄 Обрабатываем запись 1888 (1220/114708)
2025-07-16 10:35:56,642 - INFO - ✅ Эмбеддинг создан для записи 1888
2025-07-16 10:35:56,843 - INFO - 🔄 Обрабатываем запись 1889 (1221/114708)
2025-07-16 10:35:57,290 - INFO - ✅ Эмбеддинг создан для записи 1889
2025-07-16 10:35:57,491 - INFO - 🔄 Обрабатываем запись 1890 (1222/114708)
2025-07-16 10:35:57,947 - INFO - ✅ Эмбеддинг создан для записи 1890
2025-07-16 10:35:58,148 - INFO - 🔄 Обрабатываем запись 1891 (1223/114708)
2025-07-16 10:35:58,944 - INFO - ✅ Эмбеддинг создан для записи 1891
2025-07-16 10:35:59,145 - INFO - 🔄 Обрабатываем запись 1892 (1224/114708)
2025-07-16 10:35:59,889 - INFO - ✅ Эмбеддинг создан для записи 1892
2025-07-16 10:36:00,090 - INFO - 🔄 Обрабатываем запись 1893 (1225/114708)
2025-07-16 10:36:00,884 - INFO - ✅ Эмбеддинг создан для записи 1893
2025-07-16 10:36:01,085 - INFO - 🔄 Обрабатываем запись 1894 (1226/114708)
2025-07-16 10:36:01,918 - INFO - ✅ Эмбеддинг создан для записи 1894
2025-07-16 10:36:02,118 - INFO - 🔄 Обрабатываем запись 1895 (1227/114708)
2025-07-16 10:36:02,666 - INFO - ✅ Эмбеддинг создан для записи 1895
2025-07-16 10:36:02,866 - INFO - 🔄 Обрабатываем запись 1896 (1228/114708)
2025-07-16 10:36:03,354 - INFO - ✅ Эмбеддинг создан для записи 1896
2025-07-16 10:36:03,554 - INFO - 🔄 Обрабатываем запись 1897 (1229/114708)
2025-07-16 10:36:03,868 - INFO - ✅ Эмбеддинг создан для записи 1897
2025-07-16 10:36:04,068 - INFO - 🔄 Обрабатываем запись 1898 (1230/114708)
2025-07-16 10:36:04,486 - INFO - ✅ Эмбеддинг создан для записи 1898
2025-07-16 10:36:04,686 - INFO - 🔄 Обрабатываем запись 1899 (1231/114708)
2025-07-16 10:36:05,304 - INFO - ✅ Эмбеддинг создан для записи 1899
2025-07-16 10:36:05,504 - INFO - 🔄 Обрабатываем запись 1900 (1232/114708)
2025-07-16 10:36:06,317 - INFO - ✅ Эмбеддинг создан для записи 1900
2025-07-16 10:36:06,517 - INFO - 🔄 Обрабатываем запись 1901 (1233/114708)
2025-07-16 10:36:06,986 - INFO - ✅ Эмбеддинг создан для записи 1901
2025-07-16 10:36:07,187 - INFO - 🔄 Обрабатываем запись 1902 (1234/114708)
2025-07-16 10:36:07,649 - INFO - ✅ Эмбеддинг создан для записи 1902
2025-07-16 10:36:07,849 - INFO - 🔄 Обрабатываем запись 1903 (1235/114708)
2025-07-16 10:36:08,366 - INFO - ✅ Эмбеддинг создан для записи 1903
2025-07-16 10:36:08,567 - INFO - 🔄 Обрабатываем запись 1904 (1236/114708)
2025-07-16 10:36:08,982 - INFO - ✅ Эмбеддинг создан для записи 1904
2025-07-16 10:36:09,182 - INFO - 🔄 Обрабатываем запись 1905 (1237/114708)
2025-07-16 10:36:09,703 - INFO - ✅ Эмбеддинг создан для записи 1905
2025-07-16 10:36:09,904 - INFO - 🔄 Обрабатываем запись 1906 (1238/114708)
2025-07-16 10:36:10,430 - INFO - ✅ Эмбеддинг создан для записи 1906
2025-07-16 10:36:10,630 - INFO - 🔄 Обрабатываем запись 1907 (1239/114708)
2025-07-16 10:36:11,237 - INFO - ✅ Эмбеддинг создан для записи 1907
2025-07-16 10:36:11,438 - INFO - 🔄 Обрабатываем запись 1908 (1240/114708)
2025-07-16 10:36:11,965 - INFO - ✅ Эмбеддинг создан для записи 1908
2025-07-16 10:36:12,165 - INFO - 🔄 Обрабатываем запись 1909 (1241/114708)
2025-07-16 10:36:12,799 - INFO - ✅ Эмбеддинг создан для записи 1909
2025-07-16 10:36:12,999 - INFO - 🔄 Обрабатываем запись 1910 (1242/114708)
2025-07-16 10:36:13,407 - INFO - ✅ Эмбеддинг создан для записи 1910
2025-07-16 10:36:13,607 - INFO - 🔄 Обрабатываем запись 1911 (1243/114708)
2025-07-16 10:36:14,208 - INFO - ✅ Эмбеддинг создан для записи 1911
2025-07-16 10:36:14,409 - INFO - 🔄 Обрабатываем запись 1912 (1244/114708)
2025-07-16 10:36:15,022 - INFO - ✅ Эмбеддинг создан для записи 1912
2025-07-16 10:36:15,222 - INFO - 🔄 Обрабатываем запись 1913 (1245/114708)
2025-07-16 10:36:15,653 - INFO - ✅ Эмбеддинг создан для записи 1913
2025-07-16 10:36:15,854 - INFO - 🔄 Обрабатываем запись 1914 (1246/114708)
2025-07-16 10:36:16,474 - INFO - ✅ Эмбеддинг создан для записи 1914
2025-07-16 10:36:16,675 - INFO - 🔄 Обрабатываем запись 1915 (1247/114708)
2025-07-16 10:36:17,126 - INFO - ✅ Эмбеддинг создан для записи 1915
2025-07-16 10:36:17,326 - INFO - 🔄 Обрабатываем запись 1916 (1248/114708)
2025-07-16 10:36:17,735 - INFO - ✅ Эмбеддинг создан для записи 1916
2025-07-16 10:36:17,936 - INFO - 🔄 Обрабатываем запись 1917 (1249/114708)
2025-07-16 10:36:18,619 - INFO - ✅ Эмбеддинг создан для записи 1917
2025-07-16 10:36:18,819 - INFO - 🔄 Обрабатываем запись 1918 (1250/114708)
2025-07-16 10:36:19,231 - INFO - ✅ Эмбеддинг создан для записи 1918
2025-07-16 10:36:19,432 - INFO - 🔄 Обрабатываем запись 1919 (1251/114708)
2025-07-16 10:36:19,826 - INFO - ✅ Эмбеддинг создан для записи 1919
2025-07-16 10:36:20,027 - INFO - 🔄 Обрабатываем запись 1920 (1252/114708)
2025-07-16 10:36:20,580 - INFO - ✅ Эмбеддинг создан для записи 1920
2025-07-16 10:36:20,781 - INFO - 🔄 Обрабатываем запись 1921 (1253/114708)
2025-07-16 10:36:21,308 - INFO - ✅ Эмбеддинг создан для записи 1921
2025-07-16 10:36:21,509 - INFO - 🔄 Обрабатываем запись 1922 (1254/114708)
2025-07-16 10:36:21,984 - INFO - ✅ Эмбеддинг создан для записи 1922
2025-07-16 10:36:22,185 - INFO - 🔄 Обрабатываем запись 1923 (1255/114708)
2025-07-16 10:36:23,114 - INFO - ✅ Эмбеддинг создан для записи 1923
2025-07-16 10:36:23,314 - INFO - 🔄 Обрабатываем запись 1924 (1256/114708)
2025-07-16 10:36:23,932 - INFO - ✅ Эмбеддинг создан для записи 1924
2025-07-16 10:36:24,133 - INFO - 🔄 Обрабатываем запись 1925 (1257/114708)
2025-07-16 10:36:24,551 - INFO - ✅ Эмбеддинг создан для записи 1925
2025-07-16 10:36:24,751 - INFO - 🔄 Обрабатываем запись 1926 (1258/114708)
2025-07-16 10:36:25,271 - INFO - ✅ Эмбеддинг создан для записи 1926
2025-07-16 10:36:25,471 - INFO - 🔄 Обрабатываем запись 1927 (1259/114708)
2025-07-16 10:36:26,085 - INFO - ✅ Эмбеддинг создан для записи 1927
2025-07-16 10:36:26,286 - INFO - 🔄 Обрабатываем запись 1928 (1260/114708)
2025-07-16 10:36:26,805 - INFO - ✅ Эмбеддинг создан для записи 1928
2025-07-16 10:36:27,005 - INFO - 🔄 Обрабатываем запись 1929 (1261/114708)
2025-07-16 10:36:27,523 - INFO - ✅ Эмбеддинг создан для записи 1929
2025-07-16 10:36:27,723 - INFO - 🔄 Обрабатываем запись 1930 (1262/114708)
2025-07-16 10:36:28,257 - INFO - ✅ Эмбеддинг создан для записи 1930
2025-07-16 10:36:28,458 - INFO - 🔄 Обрабатываем запись 1931 (1263/114708)
2025-07-16 10:36:28,887 - INFO - ✅ Эмбеддинг создан для записи 1931
2025-07-16 10:36:29,088 - INFO - 🔄 Обрабатываем запись 1932 (1264/114708)
2025-07-16 10:36:29,504 - INFO - ✅ Эмбеддинг создан для записи 1932
2025-07-16 10:36:29,705 - INFO - 🔄 Обрабатываем запись 1933 (1265/114708)
2025-07-16 10:36:30,207 - INFO - ✅ Эмбеддинг создан для записи 1933
2025-07-16 10:36:30,409 - INFO - 🔄 Обрабатываем запись 1934 (1266/114708)
2025-07-16 10:36:30,908 - INFO - ✅ Эмбеддинг создан для записи 1934
2025-07-16 10:36:31,109 - INFO - 🔄 Обрабатываем запись 1935 (1267/114708)
2025-07-16 10:36:31,618 - INFO - ✅ Эмбеддинг создан для записи 1935
2025-07-16 10:36:31,818 - INFO - 🔄 Обрабатываем запись 1936 (1268/114708)
2025-07-16 10:36:32,251 - INFO - ✅ Эмбеддинг создан для записи 1936
2025-07-16 10:36:32,451 - INFO - 🔄 Обрабатываем запись 1937 (1269/114708)
2025-07-16 10:36:32,943 - INFO - ✅ Эмбеддинг создан для записи 1937
2025-07-16 10:36:33,143 - INFO - 🔄 Обрабатываем запись 1938 (1270/114708)
2025-07-16 10:36:33,693 - INFO - ✅ Эмбеддинг создан для записи 1938
2025-07-16 10:36:33,893 - INFO - 🔄 Обрабатываем запись 1939 (1271/114708)
2025-07-16 10:36:34,376 - INFO - ✅ Эмбеддинг создан для записи 1939
2025-07-16 10:36:34,577 - INFO - 🔄 Обрабатываем запись 1940 (1272/114708)
2025-07-16 10:36:34,996 - INFO - ✅ Эмбеддинг создан для записи 1940
2025-07-16 10:36:35,197 - INFO - 🔄 Обрабатываем запись 1941 (1273/114708)
2025-07-16 10:36:35,730 - INFO - ✅ Эмбеддинг создан для записи 1941
2025-07-16 10:36:35,931 - INFO - 🔄 Обрабатываем запись 1942 (1274/114708)
2025-07-16 10:36:36,427 - INFO - ✅ Эмбеддинг создан для записи 1942
2025-07-16 10:36:36,627 - INFO - 🔄 Обрабатываем запись 1943 (1275/114708)
2025-07-16 10:36:37,070 - INFO - ✅ Эмбеддинг создан для записи 1943
2025-07-16 10:36:37,271 - INFO - 🔄 Обрабатываем запись 1944 (1276/114708)
2025-07-16 10:36:37,974 - INFO - ✅ Эмбеддинг создан для записи 1944
2025-07-16 10:36:38,174 - INFO - 🔄 Обрабатываем запись 1945 (1277/114708)
2025-07-16 10:36:38,685 - INFO - ✅ Эмбеддинг создан для записи 1945
2025-07-16 10:36:38,885 - INFO - 🔄 Обрабатываем запись 1946 (1278/114708)
2025-07-16 10:36:39,402 - INFO - ✅ Эмбеддинг создан для записи 1946
2025-07-16 10:36:39,603 - INFO - 🔄 Обрабатываем запись 1947 (1279/114708)
2025-07-16 10:36:40,225 - INFO - ✅ Эмбеддинг создан для записи 1947
2025-07-16 10:36:40,425 - INFO - 🔄 Обрабатываем запись 1948 (1280/114708)
2025-07-16 10:36:41,136 - INFO - ✅ Эмбеддинг создан для записи 1948
2025-07-16 10:36:41,337 - INFO - 🔄 Обрабатываем запись 1949 (1281/114708)
2025-07-16 10:36:41,857 - INFO - ✅ Эмбеддинг создан для записи 1949
2025-07-16 10:36:42,058 - INFO - 🔄 Обрабатываем запись 1950 (1282/114708)
2025-07-16 10:36:42,567 - INFO - ✅ Эмбеддинг создан для записи 1950
2025-07-16 10:36:42,768 - INFO - 🔄 Обрабатываем запись 1951 (1283/114708)
2025-07-16 10:36:43,286 - INFO - ✅ Эмбеддинг создан для записи 1951
2025-07-16 10:36:43,487 - INFO - 🔄 Обрабатываем запись 1952 (1284/114708)
2025-07-16 10:36:43,898 - INFO - ✅ Эмбеддинг создан для записи 1952
2025-07-16 10:36:44,099 - INFO - 🔄 Обрабатываем запись 1953 (1285/114708)
2025-07-16 10:36:44,622 - INFO - ✅ Эмбеддинг создан для записи 1953
2025-07-16 10:36:44,822 - INFO - 🔄 Обрабатываем запись 1954 (1286/114708)
2025-07-16 10:36:45,192 - INFO - ✅ Эмбеддинг создан для записи 1954
2025-07-16 10:36:45,392 - INFO - 🔄 Обрабатываем запись 1955 (1287/114708)
2025-07-16 10:36:46,157 - INFO - ✅ Эмбеддинг создан для записи 1955
2025-07-16 10:36:46,361 - INFO - 🔄 Обрабатываем запись 1956 (1288/114708)
2025-07-16 10:36:46,870 - INFO - ✅ Эмбеддинг создан для записи 1956
2025-07-16 10:36:47,070 - INFO - 🔄 Обрабатываем запись 1957 (1289/114708)
2025-07-16 10:36:47,508 - INFO - ✅ Эмбеддинг создан для записи 1957
2025-07-16 10:36:47,709 - INFO - 🔄 Обрабатываем запись 1958 (1290/114708)
2025-07-16 10:36:48,428 - INFO - ✅ Эмбеддинг создан для записи 1958
2025-07-16 10:36:48,629 - INFO - 🔄 Обрабатываем запись 1959 (1291/114708)
2025-07-16 10:36:49,138 - INFO - ✅ Эмбеддинг создан для записи 1959
2025-07-16 10:36:49,338 - INFO - 🔄 Обрабатываем запись 1960 (1292/114708)
2025-07-16 10:36:49,840 - INFO - ✅ Эмбеддинг создан для записи 1960
2025-07-16 10:36:50,040 - INFO - 🔄 Обрабатываем запись 1961 (1293/114708)
2025-07-16 10:36:50,522 - INFO - ✅ Эмбеддинг создан для записи 1961
2025-07-16 10:36:50,722 - INFO - 🔄 Обрабатываем запись 1962 (1294/114708)
2025-07-16 10:36:51,180 - INFO - ✅ Эмбеддинг создан для записи 1962
2025-07-16 10:36:51,381 - INFO - 🔄 Обрабатываем запись 1963 (1295/114708)
2025-07-16 10:36:51,810 - INFO - ✅ Эмбеддинг создан для записи 1963
2025-07-16 10:36:52,011 - INFO - 🔄 Обрабатываем запись 1964 (1296/114708)
2025-07-16 10:36:52,392 - INFO - ✅ Эмбеддинг создан для записи 1964
2025-07-16 10:36:52,593 - INFO - 🔄 Обрабатываем запись 1965 (1297/114708)
2025-07-16 10:36:52,988 - INFO - ✅ Эмбеддинг создан для записи 1965
2025-07-16 10:36:53,188 - INFO - 🔄 Обрабатываем запись 1966 (1298/114708)
2025-07-16 10:36:53,631 - INFO - ✅ Эмбеддинг создан для записи 1966
2025-07-16 10:36:53,832 - INFO - 🔄 Обрабатываем запись 1967 (1299/114708)
2025-07-16 10:36:54,342 - INFO - ✅ Эмбеддинг создан для записи 1967
2025-07-16 10:36:54,543 - INFO - 🔄 Обрабатываем запись 1968 (1300/114708)
2025-07-16 10:36:55,378 - INFO - ✅ Эмбеддинг создан для записи 1968
2025-07-16 10:37:24,091 - INFO - 💾 Данные безопасно сохранены
2025-07-16 10:37:24,091 - INFO - 💾 Сохранено после 1300 записей
2025-07-16 10:37:24,291 - INFO - 🔄 Обрабатываем запись 1969 (1301/114708)
2025-07-16 10:37:24,763 - INFO - ✅ Эмбеддинг создан для записи 1969
2025-07-16 10:37:24,963 - INFO - 🔄 Обрабатываем запись 1970 (1302/114708)
2025-07-16 10:37:25,484 - INFO - ✅ Эмбеддинг создан для записи 1970
2025-07-16 10:37:25,684 - INFO - 🔄 Обрабатываем запись 1971 (1303/114708)
2025-07-16 10:37:26,196 - INFO - ✅ Эмбеддинг создан для записи 1971
2025-07-16 10:37:26,396 - INFO - 🔄 Обрабатываем запись 1972 (1304/114708)
2025-07-16 10:37:27,013 - INFO - ✅ Эмбеддинг создан для записи 1972
2025-07-16 10:37:27,214 - INFO - 🔄 Обрабатываем запись 1973 (1305/114708)
2025-07-16 10:37:27,737 - INFO - ✅ Эмбеддинг создан для записи 1973
2025-07-16 10:37:27,938 - INFO - 🔄 Обрабатываем запись 1974 (1306/114708)
2025-07-16 10:37:28,456 - INFO - ✅ Эмбеддинг создан для записи 1974
2025-07-16 10:37:28,657 - INFO - 🔄 Обрабатываем запись 1975 (1307/114708)
2025-07-16 10:37:29,166 - INFO - ✅ Эмбеддинг создан для записи 1975
2025-07-16 10:37:29,366 - INFO - 🔄 Обрабатываем запись 1976 (1308/114708)
2025-07-16 10:37:29,986 - INFO - ✅ Эмбеддинг создан для записи 1976
2025-07-16 10:37:30,187 - INFO - 🔄 Обрабатываем запись 1977 (1309/114708)
2025-07-16 10:37:30,704 - INFO - ✅ Эмбеддинг создан для записи 1977
2025-07-16 10:37:30,905 - INFO - 🔄 Обрабатываем запись 1978 (1310/114708)
2025-07-16 10:37:31,435 - INFO - ✅ Эмбеддинг создан для записи 1978
2025-07-16 10:37:31,635 - INFO - 🔄 Обрабатываем запись 1979 (1311/114708)
2025-07-16 10:37:32,234 - INFO - ✅ Эмбеддинг создан для записи 1979
2025-07-16 10:37:32,435 - INFO - 🔄 Обрабатываем запись 1980 (1312/114708)
2025-07-16 10:37:32,951 - INFO - ✅ Эмбеддинг создан для записи 1980
2025-07-16 10:37:33,151 - INFO - 🔄 Обрабатываем запись 1981 (1313/114708)
2025-07-16 10:37:33,872 - INFO - ✅ Эмбеддинг создан для записи 1981
2025-07-16 10:37:34,073 - INFO - 🔄 Обрабатываем запись 1982 (1314/114708)
2025-07-16 10:37:34,488 - INFO - ✅ Эмбеддинг создан для записи 1982
2025-07-16 10:37:34,689 - INFO - 🔄 Обрабатываем запись 1983 (1315/114708)
2025-07-16 10:37:35,192 - INFO - ✅ Эмбеддинг создан для записи 1983
2025-07-16 10:37:35,392 - INFO - 🔄 Обрабатываем запись 1984 (1316/114708)
2025-07-16 10:37:35,920 - INFO - ✅ Эмбеддинг создан для записи 1984
2025-07-16 10:37:36,121 - INFO - 🔄 Обрабатываем запись 1985 (1317/114708)
2025-07-16 10:37:36,637 - INFO - ✅ Эмбеддинг создан для записи 1985
2025-07-16 10:37:36,838 - INFO - 🔄 Обрабатываем запись 1986 (1318/114708)
2025-07-16 10:37:37,352 - INFO - ✅ Эмбеддинг создан для записи 1986
2025-07-16 10:37:37,553 - INFO - 🔄 Обрабатываем запись 1987 (1319/114708)
2025-07-16 10:37:38,376 - INFO - ✅ Эмбеддинг создан для записи 1987
2025-07-16 10:37:38,577 - INFO - 🔄 Обрабатываем запись 1988 (1320/114708)
2025-07-16 10:37:38,989 - INFO - ✅ Эмбеддинг создан для записи 1988
2025-07-16 10:37:39,190 - INFO - 🔄 Обрабатываем запись 1989 (1321/114708)
2025-07-16 10:37:39,707 - INFO - ✅ Эмбеддинг создан для записи 1989
2025-07-16 10:37:39,907 - INFO - 🔄 Обрабатываем запись 1990 (1322/114708)
2025-07-16 10:37:40,327 - INFO - ✅ Эмбеддинг создан для записи 1990
2025-07-16 10:37:40,527 - INFO - 🔄 Обрабатываем запись 1991 (1323/114708)
2025-07-16 10:37:41,347 - INFO - ✅ Эмбеддинг создан для записи 1991
2025-07-16 10:37:41,548 - INFO - 🔄 Обрабатываем запись 1992 (1324/114708)
2025-07-16 10:37:42,068 - INFO - ✅ Эмбеддинг создан для записи 1992
2025-07-16 10:37:42,268 - INFO - 🔄 Обрабатываем запись 1993 (1325/114708)
2025-07-16 10:37:42,679 - INFO - ✅ Эмбеддинг создан для записи 1993
2025-07-16 10:37:42,879 - INFO - 🔄 Обрабатываем запись 1994 (1326/114708)
2025-07-16 10:37:43,496 - INFO - ✅ Эмбеддинг создан для записи 1994
2025-07-16 10:37:43,696 - INFO - 🔄 Обрабатываем запись 1995 (1327/114708)
2025-07-16 10:37:44,111 - INFO - ✅ Эмбеддинг создан для записи 1995
2025-07-16 10:37:44,311 - INFO - 🔄 Обрабатываем запись 1996 (1328/114708)
2025-07-16 10:37:44,931 - INFO - ✅ Эмбеддинг создан для записи 1996
2025-07-16 10:37:45,132 - INFO - 🔄 Обрабатываем запись 1997 (1329/114708)
2025-07-16 10:37:45,643 - INFO - ✅ Эмбеддинг создан для записи 1997
2025-07-16 10:37:45,844 - INFO - 🔄 Обрабатываем запись 1998 (1330/114708)
2025-07-16 10:37:46,363 - INFO - ✅ Эмбеддинг создан для записи 1998
2025-07-16 10:37:46,564 - INFO - 🔄 Обрабатываем запись 1999 (1331/114708)
2025-07-16 10:37:47,082 - INFO - ✅ Эмбеддинг создан для записи 1999
2025-07-16 10:37:47,282 - INFO - 🔄 Обрабатываем запись 2000 (1332/114708)
2025-07-16 10:37:47,815 - INFO - ✅ Эмбеддинг создан для записи 2000
2025-07-16 10:37:48,016 - INFO - 🔄 Обрабатываем запись 2001 (1333/114708)
2025-07-16 10:37:48,648 - INFO - ✅ Эмбеддинг создан для записи 2001
2025-07-16 10:37:48,849 - INFO - 🔄 Обрабатываем запись 2002 (1334/114708)
2025-07-16 10:37:49,436 - INFO - ✅ Эмбеддинг создан для записи 2002
2025-07-16 10:37:49,636 - INFO - 🔄 Обрабатываем запись 2003 (1335/114708)
2025-07-16 10:37:50,056 - INFO - ✅ Эмбеддинг создан для записи 2003
2025-07-16 10:37:50,257 - INFO - 🔄 Обрабатываем запись 2004 (1336/114708)
2025-07-16 10:37:50,773 - INFO - ✅ Эмбеддинг создан для записи 2004
2025-07-16 10:37:50,973 - INFO - 🔄 Обрабатываем запись 2005 (1337/114708)
2025-07-16 10:37:51,508 - INFO - ✅ Эмбеддинг создан для записи 2005
2025-07-16 10:37:51,709 - INFO - 🔄 Обрабатываем запись 2006 (1338/114708)
2025-07-16 10:37:52,320 - INFO - ✅ Эмбеддинг создан для записи 2006
2025-07-16 10:37:52,521 - INFO - 🔄 Обрабатываем запись 2007 (1339/114708)
2025-07-16 10:37:53,024 - INFO - ✅ Эмбеддинг создан для записи 2007
2025-07-16 10:37:53,225 - INFO - 🔄 Обрабатываем запись 2008 (1340/114708)
2025-07-16 10:37:53,743 - INFO - ✅ Эмбеддинг создан для записи 2008
2025-07-16 10:37:53,943 - INFO - 🔄 Обрабатываем запись 2009 (1341/114708)
2025-07-16 10:37:54,469 - INFO - ✅ Эмбеддинг создан для записи 2009
2025-07-16 10:37:54,670 - INFO - 🔄 Обрабатываем запись 2010 (1342/114708)
2025-07-16 10:37:55,140 - INFO - ✅ Эмбеддинг создан для записи 2010
2025-07-16 10:37:55,341 - INFO - 🔄 Обрабатываем запись 2011 (1343/114708)
2025-07-16 10:37:55,925 - INFO - ✅ Эмбеддинг создан для записи 2011
2025-07-16 10:37:56,125 - INFO - 🔄 Обрабатываем запись 2012 (1344/114708)
2025-07-16 10:37:56,712 - INFO - ✅ Эмбеддинг создан для записи 2012
2025-07-16 10:37:56,913 - INFO - 🔄 Обрабатываем запись 2013 (1345/114708)
2025-07-16 10:37:57,437 - INFO - ✅ Эмбеддинг создан для записи 2013
2025-07-16 10:37:57,637 - INFO - 🔄 Обрабатываем запись 2014 (1346/114708)
2025-07-16 10:37:58,245 - INFO - ✅ Эмбеддинг создан для записи 2014
2025-07-16 10:37:58,446 - INFO - 🔄 Обрабатываем запись 2015 (1347/114708)
2025-07-16 10:37:58,894 - INFO - ✅ Эмбеддинг создан для записи 2015
2025-07-16 10:37:59,095 - INFO - 🔄 Обрабатываем запись 2016 (1348/114708)
2025-07-16 10:37:59,613 - INFO - ✅ Эмбеддинг создан для записи 2016
2025-07-16 10:37:59,814 - INFO - 🔄 Обрабатываем запись 2017 (1349/114708)
2025-07-16 10:38:00,302 - INFO - ✅ Эмбеддинг создан для записи 2017
2025-07-16 10:38:00,502 - INFO - 🔄 Обрабатываем запись 2018 (1350/114708)
2025-07-16 10:38:01,315 - INFO - ✅ Эмбеддинг создан для записи 2018
2025-07-16 10:38:01,516 - INFO - 🔄 Обрабатываем запись 2019 (1351/114708)
2025-07-16 10:38:02,307 - INFO - ✅ Эмбеддинг создан для записи 2019
2025-07-16 10:38:02,508 - INFO - 🔄 Обрабатываем запись 2020 (1352/114708)
2025-07-16 10:38:02,953 - INFO - ✅ Эмбеддинг создан для записи 2020
2025-07-16 10:38:03,154 - INFO - 🔄 Обрабатываем запись 2021 (1353/114708)
2025-07-16 10:38:03,669 - INFO - ✅ Эмбеддинг создан для записи 2021
2025-07-16 10:38:03,870 - INFO - 🔄 Обрабатываем запись 2022 (1354/114708)
2025-07-16 10:38:04,389 - INFO - ✅ Эмбеддинг создан для записи 2022
2025-07-16 10:38:04,590 - INFO - 🔄 Обрабатываем запись 2023 (1355/114708)
2025-07-16 10:38:05,249 - INFO - ✅ Эмбеддинг создан для записи 2023
2025-07-16 10:38:05,450 - INFO - 🔄 Обрабатываем запись 2024 (1356/114708)
2025-07-16 10:38:05,890 - INFO - ✅ Эмбеддинг создан для записи 2024
2025-07-16 10:38:06,090 - INFO - 🔄 Обрабатываем запись 2025 (1357/114708)
2025-07-16 10:38:06,525 - INFO - ✅ Эмбеддинг создан для записи 2025
2025-07-16 10:38:06,726 - INFO - 🔄 Обрабатываем запись 2026 (1358/114708)
2025-07-16 10:38:07,232 - INFO - ✅ Эмбеддинг создан для записи 2026
2025-07-16 10:38:07,433 - INFO - 🔄 Обрабатываем запись 2027 (1359/114708)
2025-07-16 10:38:07,964 - INFO - ✅ Эмбеддинг создан для записи 2027
2025-07-16 10:38:08,164 - INFO - 🔄 Обрабатываем запись 2028 (1360/114708)
2025-07-16 10:38:08,677 - INFO - ✅ Эмбеддинг создан для записи 2028
2025-07-16 10:38:08,877 - INFO - 🔄 Обрабатываем запись 2029 (1361/114708)
2025-07-16 10:38:09,394 - INFO - ✅ Эмбеддинг создан для записи 2029
2025-07-16 10:38:09,595 - INFO - 🔄 Обрабатываем запись 2030 (1362/114708)
2025-07-16 10:38:10,110 - INFO - ✅ Эмбеддинг создан для записи 2030
2025-07-16 10:38:10,311 - INFO - 🔄 Обрабатываем запись 2031 (1363/114708)
2025-07-16 10:38:10,698 - INFO - ✅ Эмбеддинг создан для записи 2031
2025-07-16 10:38:10,899 - INFO - 🔄 Обрабатываем запись 2032 (1364/114708)
2025-07-16 10:38:11,551 - INFO - ✅ Эмбеддинг создан для записи 2032
2025-07-16 10:38:11,752 - INFO - 🔄 Обрабатываем запись 2033 (1365/114708)
2025-07-16 10:38:12,740 - INFO - ✅ Эмбеддинг создан для записи 2033
2025-07-16 10:38:12,941 - INFO - 🔄 Обрабатываем запись 2034 (1366/114708)
2025-07-16 10:38:13,411 - INFO - ✅ Эмбеддинг создан для записи 2034
2025-07-16 10:38:13,612 - INFO - 🔄 Обрабатываем запись 2035 (1367/114708)
2025-07-16 10:38:14,160 - INFO - ✅ Эмбеддинг создан для записи 2035
2025-07-16 10:38:14,361 - INFO - 🔄 Обрабатываем запись 2036 (1368/114708)
2025-07-16 10:38:14,830 - INFO - ✅ Эмбеддинг создан для записи 2036
2025-07-16 10:38:15,031 - INFO - 🔄 Обрабатываем запись 2037 (1369/114708)
2025-07-16 10:38:15,552 - INFO - ✅ Эмбеддинг создан для записи 2037
2025-07-16 10:38:15,753 - INFO - 🔄 Обрабатываем запись 2038 (1370/114708)
2025-07-16 10:38:16,229 - INFO - ✅ Эмбеддинг создан для записи 2038
2025-07-16 10:38:16,430 - INFO - 🔄 Обрабатываем запись 2039 (1371/114708)
2025-07-16 10:38:16,888 - INFO - ✅ Эмбеддинг создан для записи 2039
2025-07-16 10:38:17,088 - INFO - 🔄 Обрабатываем запись 2040 (1372/114708)
2025-07-16 10:38:17,596 - INFO - ✅ Эмбеддинг создан для записи 2040
2025-07-16 10:38:17,797 - INFO - 🔄 Обрабатываем запись 2041 (1373/114708)
2025-07-16 10:38:18,325 - INFO - ✅ Эмбеддинг создан для записи 2041
2025-07-16 10:38:18,525 - INFO - 🔄 Обрабатываем запись 2042 (1374/114708)
2025-07-16 10:38:19,034 - INFO - ✅ Эмбеддинг создан для записи 2042
2025-07-16 10:38:19,234 - INFO - 🔄 Обрабатываем запись 2043 (1375/114708)
2025-07-16 10:38:19,755 - INFO - ✅ Эмбеддинг создан для записи 2043
2025-07-16 10:38:19,956 - INFO - 🔄 Обрабатываем запись 2044 (1376/114708)
2025-07-16 10:38:20,407 - INFO - ✅ Эмбеддинг создан для записи 2044
2025-07-16 10:38:20,608 - INFO - 🔄 Обрабатываем запись 2045 (1377/114708)
2025-07-16 10:38:21,012 - INFO - ✅ Эмбеддинг создан для записи 2045
2025-07-16 10:38:21,212 - INFO - 🔄 Обрабатываем запись 2046 (1378/114708)
2025-07-16 10:38:21,754 - INFO - ✅ Эмбеддинг создан для записи 2046
2025-07-16 10:38:21,955 - INFO - 🔄 Обрабатываем запись 2047 (1379/114708)
2025-07-16 10:38:22,448 - INFO - ✅ Эмбеддинг создан для записи 2047
2025-07-16 10:38:22,649 - INFO - 🔄 Обрабатываем запись 2048 (1380/114708)
2025-07-16 10:38:23,126 - INFO - ✅ Эмбеддинг создан для записи 2048
2025-07-16 10:38:23,327 - INFO - 🔄 Обрабатываем запись 2049 (1381/114708)
2025-07-16 10:38:23,843 - INFO - ✅ Эмбеддинг создан для записи 2049
2025-07-16 10:38:24,044 - INFO - 🔄 Обрабатываем запись 2050 (1382/114708)
2025-07-16 10:38:24,562 - INFO - ✅ Эмбеддинг создан для записи 2050
2025-07-16 10:38:24,762 - INFO - 🔄 Обрабатываем запись 2051 (1383/114708)
2025-07-16 10:38:25,240 - INFO - ✅ Эмбеддинг создан для записи 2051
2025-07-16 10:38:25,440 - INFO - 🔄 Обрабатываем запись 2052 (1384/114708)
2025-07-16 10:38:25,881 - INFO - ✅ Эмбеддинг создан для записи 2052
2025-07-16 10:38:26,082 - INFO - 🔄 Обрабатываем запись 2053 (1385/114708)
2025-07-16 10:38:26,607 - INFO - ✅ Эмбеддинг создан для записи 2053
2025-07-16 10:38:26,808 - INFO - 🔄 Обрабатываем запись 2054 (1386/114708)
2025-07-16 10:38:27,330 - INFO - ✅ Эмбеддинг создан для записи 2054
2025-07-16 10:38:27,531 - INFO - 🔄 Обрабатываем запись 2055 (1387/114708)
2025-07-16 10:38:27,944 - INFO - ✅ Эмбеддинг создан для записи 2055
2025-07-16 10:38:28,144 - INFO - 🔄 Обрабатываем запись 2056 (1388/114708)
2025-07-16 10:38:28,661 - INFO - ✅ Эмбеддинг создан для записи 2056
2025-07-16 10:38:28,862 - INFO - 🔄 Обрабатываем запись 2057 (1389/114708)
2025-07-16 10:38:29,285 - INFO - ✅ Эмбеддинг создан для записи 2057
2025-07-16 10:38:29,485 - INFO - 🔄 Обрабатываем запись 2058 (1390/114708)
2025-07-16 10:38:30,184 - INFO - ✅ Эмбеддинг создан для записи 2058
2025-07-16 10:38:30,384 - INFO - 🔄 Обрабатываем запись 2059 (1391/114708)
2025-07-16 10:38:31,003 - INFO - ✅ Эмбеддинг создан для записи 2059
2025-07-16 10:38:31,204 - INFO - 🔄 Обрабатываем запись 2060 (1392/114708)
2025-07-16 10:38:31,908 - INFO - ✅ Эмбеддинг создан для записи 2060
2025-07-16 10:38:32,108 - INFO - 🔄 Обрабатываем запись 2061 (1393/114708)
2025-07-16 10:38:32,649 - INFO - ✅ Эмбеддинг создан для записи 2061
2025-07-16 10:38:32,849 - INFO - 🔄 Обрабатываем запись 2062 (1394/114708)
2025-07-16 10:38:33,384 - INFO - ✅ Эмбеддинг создан для записи 2062
2025-07-16 10:38:33,585 - INFO - 🔄 Обрабатываем запись 2063 (1395/114708)
2025-07-16 10:38:34,064 - INFO - ✅ Эмбеддинг создан для записи 2063
2025-07-16 10:38:34,264 - INFO - 🔄 Обрабатываем запись 2064 (1396/114708)
2025-07-16 10:38:34,714 - INFO - ✅ Эмбеддинг создан для записи 2064
2025-07-16 10:38:34,915 - INFO - 🔄 Обрабатываем запись 2065 (1397/114708)
2025-07-16 10:38:35,548 - INFO - ✅ Эмбеддинг создан для записи 2065
2025-07-16 10:38:35,749 - INFO - 🔄 Обрабатываем запись 2066 (1398/114708)
2025-07-16 10:38:36,231 - INFO - ✅ Эмбеддинг создан для записи 2066
2025-07-16 10:38:36,431 - INFO - 🔄 Обрабатываем запись 2067 (1399/114708)
2025-07-16 10:38:36,980 - INFO - ✅ Эмбеддинг создан для записи 2067
2025-07-16 10:38:37,180 - INFO - 🔄 Обрабатываем запись 2068 (1400/114708)
2025-07-16 10:38:37,693 - INFO - ✅ Эмбеддинг создан для записи 2068
2025-07-16 10:39:11,056 - INFO - 💾 Данные безопасно сохранены
2025-07-16 10:39:11,056 - INFO - 💾 Сохранено после 1400 записей
2025-07-16 10:39:11,257 - INFO - 🔄 Обрабатываем запись 2069 (1401/114708)
2025-07-16 10:39:11,876 - INFO - ✅ Эмбеддинг создан для записи 2069
2025-07-16 10:39:12,076 - INFO - 🔄 Обрабатываем запись 2070 (1402/114708)
2025-07-16 10:39:12,712 - INFO - ✅ Эмбеддинг создан для записи 2070
2025-07-16 10:39:12,912 - INFO - 🔄 Обрабатываем запись 2071 (1403/114708)
2025-07-16 10:39:13,407 - INFO - ✅ Эмбеддинг создан для записи 2071
2025-07-16 10:39:13,608 - INFO - 🔄 Обрабатываем запись 2072 (1404/114708)
2025-07-16 10:39:14,124 - INFO - ✅ Эмбеддинг создан для записи 2072
2025-07-16 10:39:14,325 - INFO - 🔄 Обрабатываем запись 2073 (1405/114708)
2025-07-16 10:39:14,943 - INFO - ✅ Эмбеддинг создан для записи 2073
2025-07-16 10:39:15,144 - INFO - 🔄 Обрабатываем запись 2074 (1406/114708)
2025-07-16 10:39:15,656 - INFO - ✅ Эмбеддинг создан для записи 2074
2025-07-16 10:39:15,857 - INFO - 🔄 Обрабатываем запись 2075 (1407/114708)
2025-07-16 10:39:16,382 - INFO - ✅ Эмбеддинг создан для записи 2075
2025-07-16 10:39:16,582 - INFO - 🔄 Обрабатываем запись 2076 (1408/114708)
2025-07-16 10:39:17,097 - INFO - ✅ Эмбеддинг создан для записи 2076
2025-07-16 10:39:17,298 - INFO - 🔄 Обрабатываем запись 2077 (1409/114708)
2025-07-16 10:39:17,806 - INFO - ✅ Эмбеддинг создан для записи 2077
2025-07-16 10:39:18,006 - INFO - 🔄 Обрабатываем запись 2078 (1410/114708)
2025-07-16 10:39:18,528 - INFO - ✅ Эмбеддинг создан для записи 2078
2025-07-16 10:39:18,728 - INFO - 🔄 Обрабатываем запись 2079 (1411/114708)
2025-07-16 10:39:19,240 - INFO - ✅ Эмбеддинг создан для записи 2079
2025-07-16 10:39:19,441 - INFO - 🔄 Обрабатываем запись 2080 (1412/114708)
2025-07-16 10:39:19,855 - INFO - ✅ Эмбеддинг создан для записи 2080
2025-07-16 10:39:20,055 - INFO - 🔄 Обрабатываем запись 2081 (1413/114708)
2025-07-16 10:39:20,576 - INFO - ✅ Эмбеддинг создан для записи 2081
2025-07-16 10:39:20,777 - INFO - 🔄 Обрабатываем запись 2082 (1414/114708)
2025-07-16 10:39:21,598 - INFO - ✅ Эмбеддинг создан для записи 2082
2025-07-16 10:39:21,798 - INFO - 🔄 Обрабатываем запись 2083 (1415/114708)
2025-07-16 10:39:22,329 - INFO - ✅ Эмбеддинг создан для записи 2083
2025-07-16 10:39:22,529 - INFO - 🔄 Обрабатываем запись 2084 (1416/114708)
2025-07-16 10:39:23,034 - INFO - ✅ Эмбеддинг создан для записи 2084
2025-07-16 10:39:23,235 - INFO - 🔄 Обрабатываем запись 2085 (1417/114708)
2025-07-16 10:39:23,756 - INFO - ✅ Эмбеддинг создан для записи 2085
2025-07-16 10:39:23,956 - INFO - 🔄 Обрабатываем запись 2086 (1418/114708)
2025-07-16 10:39:24,466 - INFO - ✅ Эмбеддинг создан для записи 2086
2025-07-16 10:39:24,667 - INFO - 🔄 Обрабатываем запись 2087 (1419/114708)
2025-07-16 10:39:25,187 - INFO - ✅ Эмбеддинг создан для записи 2087
2025-07-16 10:39:25,388 - INFO - 🔄 Обрабатываем запись 2088 (1420/114708)
2025-07-16 10:39:25,901 - INFO - ✅ Эмбеддинг создан для записи 2088
2025-07-16 10:39:26,102 - INFO - 🔄 Обрабатываем запись 2089 (1421/114708)
2025-07-16 10:39:26,618 - INFO - ✅ Эмбеддинг создан для записи 2089
2025-07-16 10:39:26,819 - INFO - 🔄 Обрабатываем запись 2090 (1422/114708)
2025-07-16 10:39:27,331 - INFO - ✅ Эмбеддинг создан для записи 2090
2025-07-16 10:39:27,532 - INFO - 🔄 Обрабатываем запись 2091 (1423/114708)
2025-07-16 10:39:27,970 - INFO - ✅ Эмбеддинг создан для записи 2091
2025-07-16 10:39:28,170 - INFO - 🔄 Обрабатываем запись 2092 (1424/114708)
2025-07-16 10:39:28,558 - INFO - ✅ Эмбеддинг создан для записи 2092
2025-07-16 10:39:28,759 - INFO - 🔄 Обрабатываем запись 2093 (1425/114708)
2025-07-16 10:39:29,276 - INFO - ✅ Эмбеддинг создан для записи 2093
2025-07-16 10:39:29,476 - INFO - 🔄 Обрабатываем запись 2094 (1426/114708)
2025-07-16 10:39:29,997 - INFO - ✅ Эмбеддинг создан для записи 2094
2025-07-16 10:39:30,198 - INFO - 🔄 Обрабатываем запись 2095 (1427/114708)
2025-07-16 10:39:30,609 - INFO - ✅ Эмбеддинг создан для записи 2095
2025-07-16 10:39:30,810 - INFO - 🔄 Обрабатываем запись 2096 (1428/114708)
2025-07-16 10:39:31,223 - INFO - ✅ Эмбеддинг создан для записи 2096
2025-07-16 10:39:31,424 - INFO - 🔄 Обрабатываем запись 2097 (1429/114708)
2025-07-16 10:39:31,836 - INFO - ✅ Эмбеддинг создан для записи 2097
2025-07-16 10:39:32,037 - INFO - 🔄 Обрабатываем запись 2098 (1430/114708)
2025-07-16 10:39:32,380 - INFO - ✅ Эмбеддинг создан для записи 2098
2025-07-16 10:39:32,580 - INFO - 🔄 Обрабатываем запись 2099 (1431/114708)
2025-07-16 10:39:33,080 - INFO - ✅ Эмбеддинг создан для записи 2099
2025-07-16 10:39:33,280 - INFO - 🔄 Обрабатываем запись 2100 (1432/114708)
2025-07-16 10:39:33,783 - INFO - ✅ Эмбеддинг создан для записи 2100
2025-07-16 10:39:33,984 - INFO - 🔄 Обрабатываем запись 2101 (1433/114708)
2025-07-16 10:39:34,504 - INFO - ✅ Эмбеддинг создан для записи 2101
2025-07-16 10:39:34,705 - INFO - 🔄 Обрабатываем запись 2102 (1434/114708)
2025-07-16 10:39:35,225 - INFO - ✅ Эмбеддинг создан для записи 2102
2025-07-16 10:39:35,426 - INFO - 🔄 Обрабатываем запись 2103 (1435/114708)
2025-07-16 10:39:35,944 - INFO - ✅ Эмбеддинг создан для записи 2103
2025-07-16 10:39:36,144 - INFO - 🔄 Обрабатываем запись 2104 (1436/114708)
2025-07-16 10:39:36,565 - INFO - ✅ Эмбеддинг создан для записи 2104
2025-07-16 10:39:36,766 - INFO - 🔄 Обрабатываем запись 2105 (1437/114708)
2025-07-16 10:39:37,312 - INFO - ✅ Эмбеддинг создан для записи 2105
2025-07-16 10:39:37,513 - INFO - 🔄 Обрабатываем запись 2106 (1438/114708)
2025-07-16 10:39:37,985 - INFO - ✅ Эмбеддинг создан для записи 2106
2025-07-16 10:39:38,185 - INFO - 🔄 Обрабатываем запись 2107 (1439/114708)
2025-07-16 10:39:38,722 - INFO - ✅ Эмбеддинг создан для записи 2107
2025-07-16 10:39:38,923 - INFO - 🔄 Обрабатываем запись 2108 (1440/114708)
2025-07-16 10:39:39,338 - INFO - ✅ Эмбеддинг создан для записи 2108
2025-07-16 10:39:39,539 - INFO - 🔄 Обрабатываем запись 2109 (1441/114708)
2025-07-16 10:39:40,028 - INFO - ✅ Эмбеддинг создан для записи 2109
2025-07-16 10:39:40,229 - INFO - 🔄 Обрабатываем запись 2110 (1442/114708)
2025-07-16 10:39:40,748 - INFO - ✅ Эмбеддинг создан для записи 2110
2025-07-16 10:39:40,949 - INFO - 🔄 Обрабатываем запись 2111 (1443/114708)
2025-07-16 10:39:41,456 - INFO - ✅ Эмбеддинг создан для записи 2111
2025-07-16 10:39:41,657 - INFO - 🔄 Обрабатываем запись 2112 (1444/114708)
2025-07-16 10:39:42,189 - INFO - ✅ Эмбеддинг создан для записи 2112
2025-07-16 10:39:42,390 - INFO - 🔄 Обрабатываем запись 2113 (1445/114708)
2025-07-16 10:39:42,806 - INFO - ✅ Эмбеддинг создан для записи 2113
2025-07-16 10:39:43,007 - INFO - 🔄 Обрабатываем запись 2114 (1446/114708)
2025-07-16 10:39:43,568 - INFO - ✅ Эмбеддинг создан для записи 2114
2025-07-16 10:39:43,769 - INFO - 🔄 Обрабатываем запись 2115 (1447/114708)
2025-07-16 10:39:44,219 - INFO - ✅ Эмбеддинг создан для записи 2115
2025-07-16 10:39:44,420 - INFO - 🔄 Обрабатываем запись 2116 (1448/114708)
2025-07-16 10:39:44,832 - INFO - ✅ Эмбеддинг создан для записи 2116
2025-07-16 10:39:45,033 - INFO - 🔄 Обрабатываем запись 2117 (1449/114708)
2025-07-16 10:39:45,553 - INFO - ✅ Эмбеддинг создан для записи 2117
2025-07-16 10:39:45,754 - INFO - 🔄 Обрабатываем запись 2118 (1450/114708)
2025-07-16 10:39:46,303 - INFO - ✅ Эмбеддинг создан для записи 2118
2025-07-16 10:39:46,504 - INFO - 🔄 Обрабатываем запись 2119 (1451/114708)
2025-07-16 10:39:46,887 - INFO - ✅ Эмбеддинг создан для записи 2119
2025-07-16 10:39:47,088 - INFO - 🔄 Обрабатываем запись 2120 (1452/114708)
2025-07-16 10:39:47,496 - INFO - ✅ Эмбеддинг создан для записи 2120
2025-07-16 10:39:47,697 - INFO - 🔄 Обрабатываем запись 2121 (1453/114708)
2025-07-16 10:39:48,221 - INFO - ✅ Эмбеддинг создан для записи 2121
2025-07-16 10:39:48,421 - INFO - 🔄 Обрабатываем запись 2122 (1454/114708)
2025-07-16 10:39:48,857 - INFO - ✅ Эмбеддинг создан для записи 2122
2025-07-16 10:39:49,057 - INFO - 🔄 Обрабатываем запись 2123 (1455/114708)
2025-07-16 10:39:49,654 - INFO - ✅ Эмбеддинг создан для записи 2123
2025-07-16 10:39:49,854 - INFO - 🔄 Обрабатываем запись 2124 (1456/114708)
2025-07-16 10:39:50,372 - INFO - ✅ Эмбеддинг создан для записи 2124
2025-07-16 10:39:50,573 - INFO - 🔄 Обрабатываем запись 2125 (1457/114708)
2025-07-16 10:39:50,985 - INFO - ✅ Эмбеддинг создан для записи 2125
2025-07-16 10:39:51,185 - INFO - 🔄 Обрабатываем запись 2126 (1458/114708)
2025-07-16 10:39:51,599 - INFO - ✅ Эмбеддинг создан для записи 2126
2025-07-16 10:39:51,800 - INFO - 🔄 Обрабатываем запись 2127 (1459/114708)
2025-07-16 10:39:52,215 - INFO - ✅ Эмбеддинг создан для записи 2127
2025-07-16 10:39:52,415 - INFO - 🔄 Обрабатываем запись 2128 (1460/114708)
2025-07-16 10:39:52,929 - INFO - ✅ Эмбеддинг создан для записи 2128
2025-07-16 10:39:53,130 - INFO - 🔄 Обрабатываем запись 2129 (1461/114708)
2025-07-16 10:39:53,548 - INFO - ✅ Эмбеддинг создан для записи 2129
2025-07-16 10:39:53,749 - INFO - 🔄 Обрабатываем запись 2130 (1462/114708)
2025-07-16 10:39:54,279 - INFO - ✅ Эмбеддинг создан для записи 2130
2025-07-16 10:39:54,479 - INFO - 🔄 Обрабатываем запись 2131 (1463/114708)
2025-07-16 10:39:54,979 - INFO - ✅ Эмбеддинг создан для записи 2131
2025-07-16 10:39:55,180 - INFO - 🔄 Обрабатываем запись 2132 (1464/114708)
2025-07-16 10:39:55,696 - INFO - ✅ Эмбеддинг создан для записи 2132
2025-07-16 10:39:55,897 - INFO - 🔄 Обрабатываем запись 2133 (1465/114708)
2025-07-16 10:39:56,420 - INFO - ✅ Эмбеддинг создан для записи 2133
2025-07-16 10:39:56,621 - INFO - 🔄 Обрабатываем запись 2134 (1466/114708)
2025-07-16 10:39:57,130 - INFO - ✅ Эмбеддинг создан для записи 2134
2025-07-16 10:39:57,331 - INFO - 🔄 Обрабатываем запись 2135 (1467/114708)
2025-07-16 10:39:57,880 - INFO - ✅ Эмбеддинг создан для записи 2135
2025-07-16 10:39:58,081 - INFO - 🔄 Обрабатываем запись 2136 (1468/114708)
2025-07-16 10:39:58,493 - INFO - ✅ Эмбеддинг создан для записи 2136
2025-07-16 10:39:58,694 - INFO - 🔄 Обрабатываем запись 2137 (1469/114708)
2025-07-16 10:39:59,194 - INFO - ✅ Эмбеддинг создан для записи 2137
2025-07-16 10:39:59,395 - INFO - 🔄 Обрабатываем запись 2138 (1470/114708)
2025-07-16 10:39:59,893 - INFO - ✅ Эмбеддинг создан для записи 2138
2025-07-16 10:40:00,094 - INFO - 🔄 Обрабатываем запись 2139 (1471/114708)
2025-07-16 10:40:00,523 - INFO - ✅ Эмбеддинг создан для записи 2139
2025-07-16 10:40:00,723 - INFO - 🔄 Обрабатываем запись 2140 (1472/114708)
2025-07-16 10:40:01,241 - INFO - ✅ Эмбеддинг создан для записи 2140
2025-07-16 10:40:01,442 - INFO - 🔄 Обрабатываем запись 2141 (1473/114708)
2025-07-16 10:40:01,839 - INFO - ✅ Эмбеддинг создан для записи 2141
2025-07-16 10:40:02,039 - INFO - 🔄 Обрабатываем запись 2142 (1474/114708)
2025-07-16 10:40:02,661 - INFO - ✅ Эмбеддинг создан для записи 2142
2025-07-16 10:40:02,861 - INFO - 🔄 Обрабатываем запись 2143 (1475/114708)
2025-07-16 10:40:03,384 - INFO - ✅ Эмбеддинг создан для записи 2143
2025-07-16 10:40:03,584 - INFO - 🔄 Обрабатываем запись 2144 (1476/114708)
2025-07-16 10:40:04,095 - INFO - ✅ Эмбеддинг создан для записи 2144
2025-07-16 10:40:04,295 - INFO - 🔄 Обрабатываем запись 2145 (1477/114708)
2025-07-16 10:40:04,808 - INFO - ✅ Эмбеддинг создан для записи 2145
2025-07-16 10:40:05,009 - INFO - 🔄 Обрабатываем запись 2146 (1478/114708)
2025-07-16 10:40:05,426 - INFO - ✅ Эмбеддинг создан для записи 2146
2025-07-16 10:40:05,626 - INFO - 🔄 Обрабатываем запись 2147 (1479/114708)
2025-07-16 10:40:06,185 - INFO - ✅ Эмбеддинг создан для записи 2147
2025-07-16 10:40:06,386 - INFO - 🔄 Обрабатываем запись 2148 (1480/114708)
2025-07-16 10:40:06,856 - INFO - ✅ Эмбеддинг создан для записи 2148
2025-07-16 10:40:07,057 - INFO - 🔄 Обрабатываем запись 2149 (1481/114708)
2025-07-16 10:40:07,476 - INFO - ✅ Эмбеддинг создан для записи 2149
2025-07-16 10:40:07,676 - INFO - 🔄 Обрабатываем запись 2150 (1482/114708)
2025-07-16 10:40:08,086 - INFO - ✅ Эмбеддинг создан для записи 2150
2025-07-16 10:40:08,287 - INFO - 🔄 Обрабатываем запись 2151 (1483/114708)
2025-07-16 10:40:09,011 - INFO - ✅ Эмбеддинг создан для записи 2151
2025-07-16 10:40:09,212 - INFO - 🔄 Обрабатываем запись 2152 (1484/114708)
2025-07-16 10:40:09,623 - INFO - ✅ Эмбеддинг создан для записи 2152
2025-07-16 10:40:09,824 - INFO - 🔄 Обрабатываем запись 2153 (1485/114708)
2025-07-16 10:40:10,358 - INFO - ✅ Эмбеддинг создан для записи 2153
2025-07-16 10:40:10,559 - INFO - 🔄 Обрабатываем запись 2154 (1486/114708)
2025-07-16 10:40:11,062 - INFO - ✅ Эмбеддинг создан для записи 2154
2025-07-16 10:40:11,263 - INFO - 🔄 Обрабатываем запись 2155 (1487/114708)
2025-07-16 10:40:11,779 - INFO - ✅ Эмбеддинг создан для записи 2155
2025-07-16 10:40:11,979 - INFO - 🔄 Обрабатываем запись 2156 (1488/114708)
2025-07-16 10:40:12,396 - INFO - ✅ Эмбеддинг создан для записи 2156
2025-07-16 10:40:12,597 - INFO - 🔄 Обрабатываем запись 2157 (1489/114708)
2025-07-16 10:40:13,002 - INFO - ✅ Эмбеддинг создан для записи 2157
2025-07-16 10:40:13,203 - INFO - 🔄 Обрабатываем запись 2158 (1490/114708)
2025-07-16 10:40:13,617 - INFO - ✅ Эмбеддинг создан для записи 2158
2025-07-16 10:40:13,818 - INFO - 🔄 Обрабатываем запись 2159 (1491/114708)
2025-07-16 10:40:14,349 - INFO - ✅ Эмбеддинг создан для записи 2159
2025-07-16 10:40:14,549 - INFO - 🔄 Обрабатываем запись 2160 (1492/114708)
2025-07-16 10:40:14,960 - INFO - ✅ Эмбеддинг создан для записи 2160
2025-07-16 10:40:15,161 - INFO - 🔄 Обрабатываем запись 2161 (1493/114708)
2025-07-16 10:40:15,658 - INFO - ✅ Эмбеддинг создан для записи 2161
2025-07-16 10:40:15,858 - INFO - 🔄 Обрабатываем запись 2162 (1494/114708)
2025-07-16 10:40:16,156 - INFO - ✅ Эмбеддинг создан для записи 2162
2025-07-16 10:40:16,357 - INFO - 🔄 Обрабатываем запись 2163 (1495/114708)
2025-07-16 10:40:16,742 - INFO - ✅ Эмбеддинг создан для записи 2163
2025-07-16 10:40:16,943 - INFO - 🔄 Обрабатываем запись 2164 (1496/114708)
2025-07-16 10:40:17,500 - INFO - ✅ Эмбеддинг создан для записи 2164
2025-07-16 10:40:17,700 - INFO - 🔄 Обрабатываем запись 2165 (1497/114708)
2025-07-16 10:40:18,217 - INFO - ✅ Эмбеддинг создан для записи 2165
2025-07-16 10:40:18,418 - INFO - 🔄 Обрабатываем запись 2166 (1498/114708)
2025-07-16 10:40:18,798 - INFO - ✅ Эмбеддинг создан для записи 2166
2025-07-16 10:40:18,999 - INFO - 🔄 Обрабатываем запись 2167 (1499/114708)
2025-07-16 10:40:19,449 - INFO - ✅ Эмбеддинг создан для записи 2167
2025-07-16 10:40:19,650 - INFO - 🔄 Обрабатываем запись 2168 (1500/114708)
2025-07-16 10:40:20,167 - INFO - ✅ Эмбеддинг создан для записи 2168
2025-07-16 10:40:54,999 - INFO - 💾 Данные безопасно сохранены
2025-07-16 10:40:55,000 - INFO - 💾 Сохранено после 1500 записей
2025-07-16 10:40:55,200 - INFO - 🔄 Обрабатываем запись 2169 (1501/114708)
2025-07-16 10:40:55,745 - INFO - ✅ Эмбеддинг создан для записи 2169
2025-07-16 10:40:55,945 - INFO - 🔄 Обрабатываем запись 2170 (1502/114708)
2025-07-16 10:40:56,326 - INFO - ✅ Эмбеддинг создан для записи 2170
2025-07-16 10:40:56,527 - INFO - 🔄 Обрабатываем запись 2171 (1503/114708)
2025-07-16 10:40:56,947 - INFO - ✅ Эмбеддинг создан для записи 2171
2025-07-16 10:40:57,148 - INFO - 🔄 Обрабатываем запись 2172 (1504/114708)
2025-07-16 10:40:57,651 - INFO - ✅ Эмбеддинг создан для записи 2172
2025-07-16 10:40:57,852 - INFO - 🔄 Обрабатываем запись 2173 (1505/114708)
2025-07-16 10:40:58,370 - INFO - ✅ Эмбеддинг создан для записи 2173
2025-07-16 10:40:58,571 - INFO - 🔄 Обрабатываем запись 2174 (1506/114708)
2025-07-16 10:40:58,981 - INFO - ✅ Эмбеддинг создан для записи 2174
2025-07-16 10:40:59,181 - INFO - 🔄 Обрабатываем запись 2175 (1507/114708)
2025-07-16 10:40:59,686 - INFO - ✅ Эмбеддинг создан для записи 2175
2025-07-16 10:40:59,887 - INFO - 🔄 Обрабатываем запись 2176 (1508/114708)
2025-07-16 10:41:00,319 - INFO - ✅ Эмбеддинг создан для записи 2176
2025-07-16 10:41:00,520 - INFO - 🔄 Обрабатываем запись 2177 (1509/114708)
2025-07-16 10:41:01,028 - INFO - ✅ Эмбеддинг создан для записи 2177
2025-07-16 10:41:01,229 - INFO - 🔄 Обрабатываем запись 2178 (1510/114708)
2025-07-16 10:41:01,749 - INFO - ✅ Эмбеддинг создан для записи 2178
2025-07-16 10:41:01,950 - INFO - 🔄 Обрабатываем запись 2179 (1511/114708)
2025-07-16 10:41:02,411 - INFO - ✅ Эмбеддинг создан для записи 2179
2025-07-16 10:41:02,611 - INFO - 🔄 Обрабатываем запись 2180 (1512/114708)
2025-07-16 10:41:02,976 - INFO - ✅ Эмбеддинг создан для записи 2180
2025-07-16 10:41:03,177 - INFO - 🔄 Обрабатываем запись 2181 (1513/114708)
2025-07-16 10:41:03,734 - INFO - ✅ Эмбеддинг создан для записи 2181
2025-07-16 10:41:03,935 - INFO - 🔄 Обрабатываем запись 2182 (1514/114708)
2025-07-16 10:41:04,409 - INFO - ✅ Эмбеддинг создан для записи 2182
2025-07-16 10:41:04,610 - INFO - 🔄 Обрабатываем запись 2183 (1515/114708)
2025-07-16 10:41:05,230 - INFO - ✅ Эмбеддинг создан для записи 2183
2025-07-16 10:41:05,430 - INFO - 🔄 Обрабатываем запись 2184 (1516/114708)
2025-07-16 10:41:05,961 - INFO - ✅ Эмбеддинг создан для записи 2184
2025-07-16 10:41:06,162 - INFO - 🔄 Обрабатываем запись 2185 (1517/114708)
2025-07-16 10:41:06,661 - INFO - ✅ Эмбеддинг создан для записи 2185
2025-07-16 10:41:06,862 - INFO - 🔄 Обрабатываем запись 2186 (1518/114708)
2025-07-16 10:41:07,401 - INFO - ✅ Эмбеддинг создан для записи 2186
2025-07-16 10:41:07,601 - INFO - 🔄 Обрабатываем запись 2187 (1519/114708)
2025-07-16 10:41:08,069 - INFO - ✅ Эмбеддинг создан для записи 2187
2025-07-16 10:41:08,270 - INFO - 🔄 Обрабатываем запись 2188 (1520/114708)
2025-07-16 10:41:08,818 - INFO - ✅ Эмбеддинг создан для записи 2188
2025-07-16 10:41:09,019 - INFO - 🔄 Обрабатываем запись 2189 (1521/114708)
2025-07-16 10:41:09,456 - INFO - ✅ Эмбеддинг создан для записи 2189
2025-07-16 10:41:09,656 - INFO - 🔄 Обрабатываем запись 2190 (1522/114708)
2025-07-16 10:41:09,955 - INFO - ✅ Эмбеддинг создан для записи 2190
2025-07-16 10:41:10,156 - INFO - 🔄 Обрабатываем запись 2191 (1523/114708)
2025-07-16 10:41:10,481 - INFO - ✅ Эмбеддинг создан для записи 2191
2025-07-16 10:41:10,681 - INFO - 🔄 Обрабатываем запись 2192 (1524/114708)
2025-07-16 10:41:11,272 - INFO - ✅ Эмбеддинг создан для записи 2192
2025-07-16 10:41:11,473 - INFO - 🔄 Обрабатываем запись 2193 (1525/114708)
2025-07-16 10:41:11,901 - INFO - ✅ Эмбеддинг создан для записи 2193
2025-07-16 10:41:12,102 - INFO - 🔄 Обрабатываем запись 2194 (1526/114708)
2025-07-16 10:41:12,631 - INFO - ✅ Эмбеддинг создан для записи 2194
2025-07-16 10:41:12,831 - INFO - 🔄 Обрабатываем запись 2195 (1527/114708)
2025-07-16 10:41:13,242 - INFO - ✅ Эмбеддинг создан для записи 2195
2025-07-16 10:41:13,443 - INFO - 🔄 Обрабатываем запись 2196 (1528/114708)
2025-07-16 10:41:13,929 - INFO - ✅ Эмбеддинг создан для записи 2196
2025-07-16 10:41:14,130 - INFO - 🔄 Обрабатываем запись 2197 (1529/114708)
2025-07-16 10:41:14,648 - INFO - ✅ Эмбеддинг создан для записи 2197
2025-07-16 10:41:14,848 - INFO - 🔄 Обрабатываем запись 2198 (1530/114708)
2025-07-16 10:41:15,258 - INFO - ✅ Эмбеддинг создан для записи 2198
2025-07-16 10:41:15,459 - INFO - 🔄 Обрабатываем запись 2199 (1531/114708)
2025-07-16 10:41:15,976 - INFO - ✅ Эмбеддинг создан для записи 2199
2025-07-16 10:41:16,177 - INFO - 🔄 Обрабатываем запись 2200 (1532/114708)
2025-07-16 10:41:16,698 - INFO - ✅ Эмбеддинг создан для записи 2200
2025-07-16 10:41:16,899 - INFO - 🔄 Обрабатываем запись 2201 (1533/114708)
2025-07-16 10:41:17,320 - INFO - ✅ Эмбеддинг создан для записи 2201
2025-07-16 10:41:17,521 - INFO - 🔄 Обрабатываем запись 2202 (1534/114708)
2025-07-16 10:41:18,032 - INFO - ✅ Эмбеддинг создан для записи 2202
2025-07-16 10:41:18,233 - INFO - 🔄 Обрабатываем запись 2203 (1535/114708)
2025-07-16 10:41:18,549 - INFO - ✅ Эмбеддинг создан для записи 2203
2025-07-16 10:41:18,750 - INFO - 🔄 Обрабатываем запись 2204 (1536/114708)
2025-07-16 10:41:19,260 - INFO - ✅ Эмбеддинг создан для записи 2204
2025-07-16 10:41:19,460 - INFO - 🔄 Обрабатываем запись 2205 (1537/114708)
2025-07-16 10:41:19,998 - INFO - ✅ Эмбеддинг создан для записи 2205
2025-07-16 10:41:20,199 - INFO - 🔄 Обрабатываем запись 2206 (1538/114708)
2025-07-16 10:41:20,621 - INFO - ✅ Эмбеддинг создан для записи 2206
2025-07-16 10:41:20,822 - INFO - 🔄 Обрабатываем запись 2207 (1539/114708)
2025-07-16 10:41:21,339 - INFO - ✅ Эмбеддинг создан для записи 2207
2025-07-16 10:41:21,539 - INFO - 🔄 Обрабатываем запись 2208 (1540/114708)
2025-07-16 10:41:22,044 - INFO - ✅ Эмбеддинг создан для записи 2208
2025-07-16 10:41:22,245 - INFO - 🔄 Обрабатываем запись 2209 (1541/114708)
2025-07-16 10:41:22,743 - INFO - ✅ Эмбеддинг создан для записи 2209
2025-07-16 10:41:22,944 - INFO - 🔄 Обрабатываем запись 2210 (1542/114708)
2025-07-16 10:41:23,468 - INFO - ✅ Эмбеддинг создан для записи 2210
2025-07-16 10:41:23,669 - INFO - 🔄 Обрабатываем запись 2211 (1543/114708)
2025-07-16 10:41:24,177 - INFO - ✅ Эмбеддинг создан для записи 2211
2025-07-16 10:41:24,378 - INFO - 🔄 Обрабатываем запись 2212 (1544/114708)
2025-07-16 10:41:24,899 - INFO - ✅ Эмбеддинг создан для записи 2212
2025-07-16 10:41:25,100 - INFO - 🔄 Обрабатываем запись 2213 (1545/114708)
2025-07-16 10:41:25,460 - INFO - ✅ Эмбеддинг создан для записи 2213
2025-07-16 10:41:25,660 - INFO - 🔄 Обрабатываем запись 2214 (1546/114708)
2025-07-16 10:41:26,140 - INFO - ✅ Эмбеддинг создан для записи 2214
2025-07-16 10:41:26,341 - INFO - 🔄 Обрабатываем запись 2215 (1547/114708)
2025-07-16 10:41:26,857 - INFO - ✅ Эмбеддинг создан для записи 2215
2025-07-16 10:41:27,058 - INFO - 🔄 Обрабатываем запись 2216 (1548/114708)
2025-07-16 10:41:27,553 - INFO - ✅ Эмбеддинг создан для записи 2216
2025-07-16 10:41:27,754 - INFO - 🔄 Обрабатываем запись 2217 (1549/114708)
2025-07-16 10:41:28,191 - INFO - ✅ Эмбеддинг создан для записи 2217
2025-07-16 10:41:28,392 - INFO - 🔄 Обрабатываем запись 2218 (1550/114708)
2025-07-16 10:41:28,856 - INFO - ✅ Эмбеддинг создан для записи 2218
2025-07-16 10:41:29,056 - INFO - 🔄 Обрабатываем запись 2219 (1551/114708)
2025-07-16 10:41:30,230 - INFO - ✅ Эмбеддинг создан для записи 2219
2025-07-16 10:41:30,431 - INFO - 🔄 Обрабатываем запись 2220 (1552/114708)
2025-07-16 10:41:31,158 - INFO - ✅ Эмбеддинг создан для записи 2220
2025-07-16 10:41:31,359 - INFO - 🔄 Обрабатываем запись 2221 (1553/114708)
2025-07-16 10:41:31,926 - INFO - ✅ Эмбеддинг создан для записи 2221
2025-07-16 10:41:32,127 - INFO - 🔄 Обрабатываем запись 2222 (1554/114708)
2025-07-16 10:41:32,750 - INFO - ✅ Эмбеддинг создан для записи 2222
2025-07-16 10:41:32,950 - INFO - 🔄 Обрабатываем запись 2223 (1555/114708)
2025-07-16 10:41:33,500 - INFO - ✅ Эмбеддинг создан для записи 2223
2025-07-16 10:41:33,700 - INFO - 🔄 Обрабатываем запись 2224 (1556/114708)
2025-07-16 10:41:34,551 - INFO - ✅ Эмбеддинг создан для записи 2224
2025-07-16 10:41:34,752 - INFO - 🔄 Обрабатываем запись 2225 (1557/114708)
2025-07-16 10:41:37,373 - INFO - ✅ Эмбеддинг создан для записи 2225
2025-07-16 10:41:37,573 - INFO - 🔄 Обрабатываем запись 2226 (1558/114708)
2025-07-16 10:41:38,604 - INFO - ✅ Эмбеддинг создан для записи 2226
2025-07-16 10:41:38,805 - INFO - 🔄 Обрабатываем запись 2227 (1559/114708)
2025-07-16 10:41:39,674 - INFO - ✅ Эмбеддинг создан для записи 2227
2025-07-16 10:41:39,876 - INFO - 🔄 Обрабатываем запись 2228 (1560/114708)
2025-07-16 10:41:40,651 - INFO - ✅ Эмбеддинг создан для записи 2228
2025-07-16 10:41:40,852 - INFO - 🔄 Обрабатываем запись 2229 (1561/114708)
2025-07-16 10:41:41,680 - INFO - ✅ Эмбеддинг создан для записи 2229
2025-07-16 10:41:41,881 - INFO - 🔄 Обрабатываем запись 2230 (1562/114708)
2025-07-16 10:41:42,747 - INFO - ✅ Эмбеддинг создан для записи 2230
2025-07-16 10:41:42,948 - INFO - 🔄 Обрабатываем запись 2231 (1563/114708)
2025-07-16 10:41:43,713 - INFO - ✅ Эмбеддинг создан для записи 2231
2025-07-16 10:41:43,914 - INFO - 🔄 Обрабатываем запись 2232 (1564/114708)
2025-07-16 10:41:44,375 - INFO - ✅ Эмбеддинг создан для записи 2232
2025-07-16 10:41:44,576 - INFO - 🔄 Обрабатываем запись 2233 (1565/114708)
2025-07-16 10:41:45,379 - INFO - ✅ Эмбеддинг создан для записи 2233
2025-07-16 10:41:45,580 - INFO - 🔄 Обрабатываем запись 2234 (1566/114708)
2025-07-16 10:41:46,028 - INFO - ✅ Эмбеддинг создан для записи 2234
2025-07-16 10:41:46,229 - INFO - 🔄 Обрабатываем запись 2235 (1567/114708)
2025-07-16 10:41:47,546 - INFO - ✅ Эмбеддинг создан для записи 2235
2025-07-16 10:41:47,747 - INFO - 🔄 Обрабатываем запись 2236 (1568/114708)
2025-07-16 10:41:48,206 - INFO - ✅ Эмбеддинг создан для записи 2236
2025-07-16 10:41:48,408 - INFO - 🔄 Обрабатываем запись 2237 (1569/114708)
2025-07-16 10:41:48,911 - INFO - ✅ Эмбеддинг создан для записи 2237
2025-07-16 10:41:49,112 - INFO - 🔄 Обрабатываем запись 2238 (1570/114708)
2025-07-16 10:41:50,532 - INFO - ✅ Эмбеддинг создан для записи 2238
2025-07-16 10:41:50,733 - INFO - 🔄 Обрабатываем запись 2239 (1571/114708)
2025-07-16 10:41:51,428 - INFO - ✅ Эмбеддинг создан для записи 2239
2025-07-16 10:41:51,628 - INFO - 🔄 Обрабатываем запись 2240 (1572/114708)
2025-07-16 10:41:52,473 - INFO - ✅ Эмбеддинг создан для записи 2240
2025-07-16 10:41:52,673 - INFO - 🔄 Обрабатываем запись 2241 (1573/114708)
2025-07-16 10:41:53,111 - INFO - ✅ Эмбеддинг создан для записи 2241
2025-07-16 10:41:53,311 - INFO - 🔄 Обрабатываем запись 2242 (1574/114708)
2025-07-16 10:41:53,732 - INFO - ✅ Эмбеддинг создан для записи 2242
2025-07-16 10:41:53,932 - INFO - 🔄 Обрабатываем запись 2243 (1575/114708)
2025-07-16 10:41:54,266 - INFO - ✅ Эмбеддинг создан для записи 2243
2025-07-16 10:41:54,467 - INFO - 🔄 Обрабатываем запись 2244 (1576/114708)
2025-07-16 10:41:55,063 - INFO - ✅ Эмбеддинг создан для записи 2244
2025-07-16 10:41:55,264 - INFO - 🔄 Обрабатываем запись 2245 (1577/114708)
2025-07-16 10:41:55,727 - INFO - ✅ Эмбеддинг создан для записи 2245
2025-07-16 10:41:55,927 - INFO - 🔄 Обрабатываем запись 2246 (1578/114708)
2025-07-16 10:41:56,447 - INFO - ✅ Эмбеддинг создан для записи 2246
2025-07-16 10:41:56,648 - INFO - 🔄 Обрабатываем запись 2247 (1579/114708)
2025-07-16 10:41:57,163 - INFO - ✅ Эмбеддинг создан для записи 2247
2025-07-16 10:41:57,363 - INFO - 🔄 Обрабатываем запись 2248 (1580/114708)
2025-07-16 10:41:57,870 - INFO - ✅ Эмбеддинг создан для записи 2248
2025-07-16 10:41:58,071 - INFO - 🔄 Обрабатываем запись 2249 (1581/114708)
2025-07-16 10:41:58,575 - INFO - ✅ Эмбеддинг создан для записи 2249
2025-07-16 10:41:58,776 - INFO - 🔄 Обрабатываем запись 2250 (1582/114708)
2025-07-16 10:41:59,558 - INFO - ✅ Эмбеддинг создан для записи 2250
2025-07-16 10:41:59,758 - INFO - 🔄 Обрабатываем запись 2251 (1583/114708)
2025-07-16 10:42:00,163 - INFO - ✅ Эмбеддинг создан для записи 2251
2025-07-16 10:42:00,363 - INFO - 🔄 Обрабатываем запись 2252 (1584/114708)
2025-07-16 10:42:00,884 - INFO - ✅ Эмбеддинг создан для записи 2252
2025-07-16 10:42:01,086 - INFO - 🔄 Обрабатываем запись 2253 (1585/114708)
2025-07-16 10:42:01,628 - INFO - ✅ Эмбеддинг создан для записи 2253
2025-07-16 10:42:02,388 - INFO - 🔄 Обрабатываем запись 2254 (1586/114708)
2025-07-16 10:42:02,876 - INFO - ✅ Эмбеддинг создан для записи 2254
2025-07-16 10:42:03,077 - INFO - 🔄 Обрабатываем запись 2255 (1587/114708)
2025-07-16 10:42:03,552 - INFO - ✅ Эмбеддинг создан для записи 2255
2025-07-16 10:42:03,752 - INFO - 🔄 Обрабатываем запись 2256 (1588/114708)
2025-07-16 10:42:04,309 - INFO - ✅ Эмбеддинг создан для записи 2256
2025-07-16 10:42:04,510 - INFO - 🔄 Обрабатываем запись 2257 (1589/114708)
2025-07-16 10:42:05,004 - INFO - ✅ Эмбеддинг создан для записи 2257
2025-07-16 10:42:05,205 - INFO - 🔄 Обрабатываем запись 2258 (1590/114708)
2025-07-16 10:42:05,661 - INFO - ✅ Эмбеддинг создан для записи 2258
2025-07-16 10:42:05,862 - INFO - 🔄 Обрабатываем запись 2259 (1591/114708)
2025-07-16 10:42:06,399 - INFO - ✅ Эмбеддинг создан для записи 2259
2025-07-16 10:42:06,601 - INFO - 🔄 Обрабатываем запись 2260 (1592/114708)
2025-07-16 10:42:07,099 - INFO - ✅ Эмбеддинг создан для записи 2260
2025-07-16 10:42:07,300 - INFO - 🔄 Обрабатываем запись 2261 (1593/114708)
2025-07-16 10:42:07,699 - INFO - ✅ Эмбеддинг создан для записи 2261
2025-07-16 10:42:07,899 - INFO - 🔄 Обрабатываем запись 2262 (1594/114708)
2025-07-16 10:42:08,337 - INFO - ✅ Эмбеддинг создан для записи 2262
2025-07-16 10:42:08,537 - INFO - 🔄 Обрабатываем запись 2263 (1595/114708)
2025-07-16 10:42:09,027 - INFO - ✅ Эмбеддинг создан для записи 2263
2025-07-16 10:42:09,228 - INFO - 🔄 Обрабатываем запись 2264 (1596/114708)
2025-07-16 10:42:09,760 - INFO - ✅ Эмбеддинг создан для записи 2264
2025-07-16 10:42:09,961 - INFO - 🔄 Обрабатываем запись 2265 (1597/114708)
2025-07-16 10:42:10,457 - INFO - ✅ Эмбеддинг создан для записи 2265
2025-07-16 10:42:10,658 - INFO - 🔄 Обрабатываем запись 2266 (1598/114708)
2025-07-16 10:42:11,035 - INFO - ✅ Эмбеддинг создан для записи 2266
2025-07-16 10:42:11,236 - INFO - 🔄 Обрабатываем запись 2267 (1599/114708)
2025-07-16 10:42:11,700 - INFO - ✅ Эмбеддинг создан для записи 2267
2025-07-16 10:42:11,900 - INFO - 🔄 Обрабатываем запись 2268 (1600/114708)
2025-07-16 10:42:12,424 - INFO - ✅ Эмбеддинг создан для записи 2268
2025-07-16 10:42:49,667 - INFO - 💾 Данные безопасно сохранены
2025-07-16 10:42:49,667 - INFO - 💾 Сохранено после 1600 записей
2025-07-16 10:42:49,868 - INFO - 🔄 Обрабатываем запись 2269 (1601/114708)
2025-07-16 10:42:50,303 - INFO - ✅ Эмбеддинг создан для записи 2269
2025-07-16 10:42:50,504 - INFO - 🔄 Обрабатываем запись 2270 (1602/114708)
2025-07-16 10:42:50,972 - INFO - ✅ Эмбеддинг создан для записи 2270
2025-07-16 10:42:51,173 - INFO - 🔄 Обрабатываем запись 2271 (1603/114708)
2025-07-16 10:42:51,633 - INFO - ✅ Эмбеддинг создан для записи 2271
2025-07-16 10:42:51,834 - INFO - 🔄 Обрабатываем запись 2272 (1604/114708)
2025-07-16 10:42:52,339 - INFO - ✅ Эмбеддинг создан для записи 2272
2025-07-16 10:42:52,540 - INFO - 🔄 Обрабатываем запись 2273 (1605/114708)
2025-07-16 10:42:53,056 - INFO - ✅ Эмбеддинг создан для записи 2273
2025-07-16 10:42:53,257 - INFO - 🔄 Обрабатываем запись 2274 (1606/114708)
2025-07-16 10:42:53,741 - INFO - ✅ Эмбеддинг создан для записи 2274
2025-07-16 10:42:53,942 - INFO - 🔄 Обрабатываем запись 2275 (1607/114708)
2025-07-16 10:42:54,420 - INFO - ✅ Эмбеддинг создан для записи 2275
2025-07-16 10:42:54,621 - INFO - 🔄 Обрабатываем запись 2276 (1608/114708)
2025-07-16 10:42:55,103 - INFO - ✅ Эмбеддинг создан для записи 2276
2025-07-16 10:42:55,304 - INFO - 🔄 Обрабатываем запись 2277 (1609/114708)
2025-07-16 10:42:55,842 - INFO - ✅ Эмбеддинг создан для записи 2277
2025-07-16 10:42:56,043 - INFO - 🔄 Обрабатываем запись 2278 (1610/114708)
2025-07-16 10:42:56,558 - INFO - ✅ Эмбеддинг создан для записи 2278
2025-07-16 10:42:56,759 - INFO - 🔄 Обрабатываем запись 2279 (1611/114708)
2025-07-16 10:42:57,268 - INFO - ✅ Эмбеддинг создан для записи 2279
2025-07-16 10:42:57,469 - INFO - 🔄 Обрабатываем запись 2280 (1612/114708)
2025-07-16 10:42:57,984 - INFO - ✅ Эмбеддинг создан для записи 2280
2025-07-16 10:42:58,185 - INFO - 🔄 Обрабатываем запись 2281 (1613/114708)
2025-07-16 10:42:58,706 - INFO - ✅ Эмбеддинг создан для записи 2281
2025-07-16 10:42:58,907 - INFO - 🔄 Обрабатываем запись 2282 (1614/114708)
2025-07-16 10:42:59,416 - INFO - ✅ Эмбеддинг создан для записи 2282
2025-07-16 10:42:59,617 - INFO - 🔄 Обрабатываем запись 2283 (1615/114708)
2025-07-16 10:43:00,138 - INFO - ✅ Эмбеддинг создан для записи 2283
2025-07-16 10:43:00,339 - INFO - 🔄 Обрабатываем запись 2284 (1616/114708)
2025-07-16 10:43:00,833 - INFO - ✅ Эмбеддинг создан для записи 2284
2025-07-16 10:43:01,034 - INFO - 🔄 Обрабатываем запись 2285 (1617/114708)
2025-07-16 10:43:01,482 - INFO - ✅ Эмбеддинг создан для записи 2285
2025-07-16 10:43:01,683 - INFO - 🔄 Обрабатываем запись 2286 (1618/114708)
2025-07-16 10:43:02,170 - INFO - ✅ Эмбеддинг создан для записи 2286
2025-07-16 10:43:02,371 - INFO - 🔄 Обрабатываем запись 2287 (1619/114708)
2025-07-16 10:43:02,888 - INFO - ✅ Эмбеддинг создан для записи 2287
2025-07-16 10:43:03,089 - INFO - 🔄 Обрабатываем запись 2288 (1620/114708)
2025-07-16 10:43:03,600 - INFO - ✅ Эмбеддинг создан для записи 2288
2025-07-16 10:43:03,800 - INFO - 🔄 Обрабатываем запись 2289 (1621/114708)
2025-07-16 10:43:04,175 - INFO - ✅ Эмбеддинг создан для записи 2289
2025-07-16 10:43:04,376 - INFO - 🔄 Обрабатываем запись 2290 (1622/114708)
2025-07-16 10:43:04,950 - INFO - ✅ Эмбеддинг создан для записи 2290
2025-07-16 10:43:05,151 - INFO - 🔄 Обрабатываем запись 2291 (1623/114708)
2025-07-16 10:43:05,665 - INFO - ✅ Эмбеддинг создан для записи 2291
2025-07-16 10:43:05,865 - INFO - 🔄 Обрабатываем запись 2292 (1624/114708)
2025-07-16 10:43:06,469 - INFO - ✅ Эмбеддинг создан для записи 2292
2025-07-16 10:43:06,669 - INFO - 🔄 Обрабатываем запись 2293 (1625/114708)
2025-07-16 10:43:07,191 - INFO - ✅ Эмбеддинг создан для записи 2293
2025-07-16 10:43:07,391 - INFO - 🔄 Обрабатываем запись 2294 (1626/114708)
2025-07-16 10:43:07,929 - INFO - ✅ Эмбеддинг создан для записи 2294
2025-07-16 10:43:08,130 - INFO - 🔄 Обрабатываем запись 2295 (1627/114708)
2025-07-16 10:43:08,629 - INFO - ✅ Эмбеддинг создан для записи 2295
2025-07-16 10:43:08,830 - INFO - 🔄 Обрабатываем запись 2296 (1628/114708)
2025-07-16 10:43:09,303 - INFO - ✅ Эмбеддинг создан для записи 2296
2025-07-16 10:43:09,504 - INFO - 🔄 Обрабатываем запись 2297 (1629/114708)
2025-07-16 10:43:10,053 - INFO - ✅ Эмбеддинг создан для записи 2297
2025-07-16 10:43:10,254 - INFO - 🔄 Обрабатываем запись 2298 (1630/114708)
2025-07-16 10:43:10,751 - INFO - ✅ Эмбеддинг создан для записи 2298
2025-07-16 10:43:10,951 - INFO - 🔄 Обрабатываем запись 2299 (1631/114708)
2025-07-16 10:43:11,413 - INFO - ✅ Эмбеддинг создан для записи 2299
2025-07-16 10:43:11,614 - INFO - 🔄 Обрабатываем запись 2300 (1632/114708)
2025-07-16 10:43:12,113 - INFO - ✅ Эмбеддинг создан для записи 2300
2025-07-16 10:43:12,314 - INFO - 🔄 Обрабатываем запись 2301 (1633/114708)
2025-07-16 10:43:12,837 - INFO - ✅ Эмбеддинг создан для записи 2301
2025-07-16 10:43:13,038 - INFO - 🔄 Обрабатываем запись 2302 (1634/114708)
2025-07-16 10:43:16,141 - INFO - ✅ Эмбеддинг создан для записи 2302
2025-07-16 10:43:16,341 - INFO - 🔄 Обрабатываем запись 2303 (1635/114708)
2025-07-16 10:43:17,070 - INFO - ✅ Эмбеддинг создан для записи 2303
2025-07-16 10:43:17,271 - INFO - 🔄 Обрабатываем запись 2304 (1636/114708)
2025-07-16 10:43:17,765 - INFO - ✅ Эмбеддинг создан для записи 2304
2025-07-16 10:43:17,966 - INFO - 🔄 Обрабатываем запись 2305 (1637/114708)
2025-07-16 10:43:18,514 - INFO - ✅ Эмбеддинг создан для записи 2305
2025-07-16 10:43:18,715 - INFO - 🔄 Обрабатываем запись 2306 (1638/114708)
2025-07-16 10:43:19,323 - INFO - ✅ Эмбеддинг создан для записи 2306
2025-07-16 10:43:19,523 - INFO - 🔄 Обрабатываем запись 2307 (1639/114708)
2025-07-16 10:43:20,027 - INFO - ✅ Эмбеддинг создан для записи 2307
2025-07-16 10:43:20,228 - INFO - 🔄 Обрабатываем запись 2308 (1640/114708)
2025-07-16 10:43:20,876 - INFO - ✅ Эмбеддинг создан для записи 2308
2025-07-16 10:43:21,077 - INFO - 🔄 Обрабатываем запись 2309 (1641/114708)
2025-07-16 10:43:21,838 - INFO - ✅ Эмбеддинг создан для записи 2309
2025-07-16 10:43:22,039 - INFO - 🔄 Обрабатываем запись 2310 (1642/114708)
2025-07-16 10:43:23,507 - INFO - ✅ Эмбеддинг создан для записи 2310
2025-07-16 10:43:23,707 - INFO - 🔄 Обрабатываем запись 2311 (1643/114708)
2025-07-16 10:43:24,342 - INFO - ✅ Эмбеддинг создан для записи 2311
2025-07-16 10:43:24,542 - INFO - 🔄 Обрабатываем запись 2312 (1644/114708)
2025-07-16 10:43:25,486 - INFO - ✅ Эмбеддинг создан для записи 2312
2025-07-16 10:43:25,686 - INFO - 🔄 Обрабатываем запись 2313 (1645/114708)
2025-07-16 10:43:26,648 - INFO - ✅ Эмбеддинг создан для записи 2313
2025-07-16 10:43:26,849 - INFO - 🔄 Обрабатываем запись 2314 (1646/114708)
2025-07-16 10:43:28,884 - INFO - ✅ Эмбеддинг создан для записи 2314
2025-07-16 10:43:29,085 - INFO - 🔄 Обрабатываем запись 2315 (1647/114708)
2025-07-16 10:43:32,202 - INFO - ✅ Эмбеддинг создан для записи 2315
2025-07-16 10:43:32,402 - INFO - 🔄 Обрабатываем запись 2316 (1648/114708)
2025-07-16 10:43:36,797 - INFO - ✅ Эмбеддинг создан для записи 2316
2025-07-16 10:43:36,998 - INFO - 🔄 Обрабатываем запись 2317 (1649/114708)
2025-07-16 10:43:40,014 - INFO - ✅ Эмбеддинг создан для записи 2317
2025-07-16 10:43:40,214 - INFO - 🔄 Обрабатываем запись 2318 (1650/114708)
2025-07-16 10:43:43,991 - INFO - ✅ Эмбеддинг создан для записи 2318
2025-07-16 10:43:44,191 - INFO - 🔄 Обрабатываем запись 2319 (1651/114708)
2025-07-16 10:43:46,450 - INFO - ✅ Эмбеддинг создан для записи 2319
2025-07-16 10:43:46,651 - INFO - 🔄 Обрабатываем запись 2320 (1652/114708)
2025-07-16 10:43:47,388 - INFO - ✅ Эмбеддинг создан для записи 2320
2025-07-16 10:43:47,589 - INFO - 🔄 Обрабатываем запись 2321 (1653/114708)
2025-07-16 10:43:48,250 - INFO - ✅ Эмбеддинг создан для записи 2321
2025-07-16 10:43:48,450 - INFO - 🔄 Обрабатываем запись 2322 (1654/114708)
2025-07-16 10:43:49,057 - INFO - ✅ Эмбеддинг создан для записи 2322
2025-07-16 10:43:49,257 - INFO - 🔄 Обрабатываем запись 2323 (1655/114708)
2025-07-16 10:43:49,746 - INFO - ✅ Эмбеддинг создан для записи 2323
2025-07-16 10:43:49,947 - INFO - 🔄 Обрабатываем запись 2324 (1656/114708)
2025-07-16 10:43:50,502 - INFO - ✅ Эмбеддинг создан для записи 2324
2025-07-16 10:43:50,703 - INFO - 🔄 Обрабатываем запись 2325 (1657/114708)
2025-07-16 10:43:51,385 - INFO - ✅ Эмбеддинг создан для записи 2325
2025-07-16 10:43:51,586 - INFO - 🔄 Обрабатываем запись 2326 (1658/114708)
2025-07-16 10:43:52,250 - INFO - ✅ Эмбеддинг создан для записи 2326
2025-07-16 10:43:52,451 - INFO - 🔄 Обрабатываем запись 2327 (1659/114708)
2025-07-16 10:43:53,066 - INFO - ✅ Эмбеддинг создан для записи 2327
2025-07-16 10:43:53,267 - INFO - 🔄 Обрабатываем запись 2328 (1660/114708)
2025-07-16 10:43:54,080 - INFO - ✅ Эмбеддинг создан для записи 2328
2025-07-16 10:43:54,280 - INFO - 🔄 Обрабатываем запись 2329 (1661/114708)
2025-07-16 10:43:54,954 - INFO - ✅ Эмбеддинг создан для записи 2329
2025-07-16 10:43:55,155 - INFO - 🔄 Обрабатываем запись 2330 (1662/114708)
2025-07-16 10:43:55,784 - INFO - ✅ Эмбеддинг создан для записи 2330
2025-07-16 10:43:55,984 - INFO - 🔄 Обрабатываем запись 2331 (1663/114708)
2025-07-16 10:43:56,600 - INFO - ✅ Эмбеддинг создан для записи 2331
2025-07-16 10:43:56,801 - INFO - 🔄 Обрабатываем запись 2332 (1664/114708)
2025-07-16 10:43:57,321 - INFO - ✅ Эмбеддинг создан для записи 2332
2025-07-16 10:43:57,522 - INFO - 🔄 Обрабатываем запись 2333 (1665/114708)
2025-07-16 10:43:58,029 - INFO - ✅ Эмбеддинг создан для записи 2333
2025-07-16 10:43:58,230 - INFO - 🔄 Обрабатываем запись 2334 (1666/114708)
2025-07-16 10:43:58,779 - INFO - ✅ Эмбеддинг создан для записи 2334
2025-07-16 10:43:58,980 - INFO - 🔄 Обрабатываем запись 2335 (1667/114708)
2025-07-16 10:43:59,545 - INFO - ✅ Эмбеддинг создан для записи 2335
2025-07-16 10:43:59,745 - INFO - 🔄 Обрабатываем запись 2336 (1668/114708)
2025-07-16 10:44:00,278 - INFO - ✅ Эмбеддинг создан для записи 2336
2025-07-16 10:44:00,479 - INFO - 🔄 Обрабатываем запись 2337 (1669/114708)
2025-07-16 10:44:00,896 - INFO - ✅ Эмбеддинг создан для записи 2337
2025-07-16 10:44:01,097 - INFO - 🔄 Обрабатываем запись 2338 (1670/114708)
2025-07-16 10:44:01,748 - INFO - ✅ Эмбеддинг создан для записи 2338
2025-07-16 10:44:01,949 - INFO - 🔄 Обрабатываем запись 2339 (1671/114708)
2025-07-16 10:44:02,602 - INFO - ✅ Эмбеддинг создан для записи 2339
2025-07-16 10:44:02,803 - INFO - 🔄 Обрабатываем запись 2340 (1672/114708)
2025-07-16 10:44:03,373 - INFO - ✅ Эмбеддинг создан для записи 2340
2025-07-16 10:44:03,574 - INFO - 🔄 Обрабатываем запись 2341 (1673/114708)
2025-07-16 10:44:04,142 - INFO - ✅ Эмбеддинг создан для записи 2341
2025-07-16 10:44:04,342 - INFO - 🔄 Обрабатываем запись 2342 (1674/114708)
2025-07-16 10:44:04,806 - INFO - ✅ Эмбеддинг создан для записи 2342
2025-07-16 10:44:05,006 - INFO - 🔄 Обрабатываем запись 2343 (1675/114708)
2025-07-16 10:44:05,536 - INFO - ✅ Эмбеддинг создан для записи 2343
2025-07-16 10:44:05,738 - INFO - 🔄 Обрабатываем запись 2344 (1676/114708)
2025-07-16 10:44:06,520 - INFO - ✅ Эмбеддинг создан для записи 2344
2025-07-16 10:44:06,721 - INFO - 🔄 Обрабатываем запись 2345 (1677/114708)
2025-07-16 10:44:07,342 - INFO - ✅ Эмбеддинг создан для записи 2345
2025-07-16 10:44:07,543 - INFO - 🔄 Обрабатываем запись 2346 (1678/114708)
2025-07-16 10:44:08,126 - INFO - ✅ Эмбеддинг создан для записи 2346
2025-07-16 10:44:08,327 - INFO - 🔄 Обрабатываем запись 2347 (1679/114708)
2025-07-16 10:44:08,902 - INFO - ✅ Эмбеддинг создан для записи 2347
2025-07-16 10:44:09,102 - INFO - 🔄 Обрабатываем запись 2348 (1680/114708)
2025-07-16 10:44:09,750 - INFO - ✅ Эмбеддинг создан для записи 2348
2025-07-16 10:44:09,950 - INFO - 🔄 Обрабатываем запись 2349 (1681/114708)
2025-07-16 10:44:10,794 - INFO - ✅ Эмбеддинг создан для записи 2349
2025-07-16 10:44:10,994 - INFO - 🔄 Обрабатываем запись 2350 (1682/114708)
2025-07-16 10:44:11,603 - INFO - ✅ Эмбеддинг создан для записи 2350
2025-07-16 10:44:11,804 - INFO - 🔄 Обрабатываем запись 2351 (1683/114708)
2025-07-16 10:44:12,321 - INFO - ✅ Эмбеддинг создан для записи 2351
2025-07-16 10:44:12,522 - INFO - 🔄 Обрабатываем запись 2352 (1684/114708)
2025-07-16 10:44:13,078 - INFO - ✅ Эмбеддинг создан для записи 2352
2025-07-16 10:44:13,280 - INFO - 🔄 Обрабатываем запись 2353 (1685/114708)
2025-07-16 10:44:13,810 - INFO - ✅ Эмбеддинг создан для записи 2353
2025-07-16 10:44:14,011 - INFO - 🔄 Обрабатываем запись 2354 (1686/114708)
2025-07-16 10:44:14,576 - INFO - ✅ Эмбеддинг создан для записи 2354
2025-07-16 10:44:14,777 - INFO - 🔄 Обрабатываем запись 2355 (1687/114708)
2025-07-16 10:44:15,307 - INFO - ✅ Эмбеддинг создан для записи 2355
2025-07-16 10:44:15,508 - INFO - 🔄 Обрабатываем запись 2356 (1688/114708)
2025-07-16 10:44:16,190 - INFO - ✅ Эмбеддинг создан для записи 2356
2025-07-16 10:44:16,391 - INFO - 🔄 Обрабатываем запись 2357 (1689/114708)
2025-07-16 10:44:16,961 - INFO - ✅ Эмбеддинг создан для записи 2357
2025-07-16 10:44:17,161 - INFO - 🔄 Обрабатываем запись 2358 (1690/114708)
2025-07-16 10:44:17,741 - INFO - ✅ Эмбеддинг создан для записи 2358
2025-07-16 10:44:17,941 - INFO - 🔄 Обрабатываем запись 2359 (1691/114708)
2025-07-16 10:44:18,496 - INFO - ✅ Эмбеддинг создан для записи 2359
2025-07-16 10:44:18,696 - INFO - 🔄 Обрабатываем запись 2360 (1692/114708)
2025-07-16 10:44:19,448 - INFO - ✅ Эмбеддинг создан для записи 2360
2025-07-16 10:44:19,649 - INFO - 🔄 Обрабатываем запись 2361 (1693/114708)
2025-07-16 10:44:20,207 - INFO - ✅ Эмбеддинг создан для записи 2361
2025-07-16 10:44:20,407 - INFO - 🔄 Обрабатываем запись 2362 (1694/114708)
2025-07-16 10:44:20,912 - INFO - ✅ Эмбеддинг создан для записи 2362
2025-07-16 10:44:21,113 - INFO - 🔄 Обрабатываем запись 2363 (1695/114708)
2025-07-16 10:44:22,500 - INFO - ✅ Эмбеддинг создан для записи 2363
2025-07-16 10:44:22,701 - INFO - 🔄 Обрабатываем запись 2364 (1696/114708)
2025-07-16 10:44:23,501 - INFO - ✅ Эмбеддинг создан для записи 2364
2025-07-16 10:44:23,702 - INFO - 🔄 Обрабатываем запись 2365 (1697/114708)
2025-07-16 10:44:24,205 - INFO - ✅ Эмбеддинг создан для записи 2365
2025-07-16 10:44:24,405 - INFO - 🔄 Обрабатываем запись 2366 (1698/114708)
2025-07-16 10:44:26,037 - INFO - ✅ Эмбеддинг создан для записи 2366
2025-07-16 10:44:26,238 - INFO - 🔄 Обрабатываем запись 2367 (1699/114708)
2025-07-16 10:44:26,747 - INFO - ✅ Эмбеддинг создан для записи 2367
2025-07-16 10:44:26,947 - INFO - 🔄 Обрабатываем запись 2368 (1700/114708)
2025-07-16 10:44:27,445 - INFO - ✅ Эмбеддинг создан для записи 2368
2025-07-16 10:45:12,703 - INFO - 💾 Данные безопасно сохранены
2025-07-16 10:45:12,703 - INFO - 💾 Сохранено после 1700 записей
2025-07-16 10:45:12,904 - INFO - 🔄 Обрабатываем запись 2369 (1701/114708)
2025-07-16 10:45:13,811 - INFO - ✅ Эмбеддинг создан для записи 2369
2025-07-16 10:45:14,011 - INFO - 🔄 Обрабатываем запись 2370 (1702/114708)
2025-07-16 10:45:14,938 - INFO - ✅ Эмбеддинг создан для записи 2370
2025-07-16 10:45:15,139 - INFO - 🔄 Обрабатываем запись 2371 (1703/114708)
2025-07-16 10:45:15,779 - INFO - ✅ Эмбеддинг создан для записи 2371
2025-07-16 10:45:15,980 - INFO - 🔄 Обрабатываем запись 2372 (1704/114708)
2025-07-16 10:45:17,155 - INFO - ✅ Эмбеддинг создан для записи 2372
2025-07-16 10:45:17,356 - INFO - 🔄 Обрабатываем запись 2373 (1705/114708)
2025-07-16 10:45:17,881 - INFO - ✅ Эмбеддинг создан для записи 2373
2025-07-16 10:45:18,082 - INFO - 🔄 Обрабатываем запись 2374 (1706/114708)
2025-07-16 10:45:18,660 - INFO - ✅ Эмбеддинг создан для записи 2374
2025-07-16 10:45:18,860 - INFO - 🔄 Обрабатываем запись 2375 (1707/114708)
2025-07-16 10:45:19,828 - INFO - ✅ Эмбеддинг создан для записи 2375
2025-07-16 10:45:20,028 - INFO - 🔄 Обрабатываем запись 2376 (1708/114708)
2025-07-16 10:45:20,685 - INFO - ✅ Эмбеддинг создан для записи 2376
2025-07-16 10:45:20,885 - INFO - 🔄 Обрабатываем запись 2377 (1709/114708)
2025-07-16 10:45:21,383 - INFO - ✅ Эмбеддинг создан для записи 2377
2025-07-16 10:45:21,584 - INFO - 🔄 Обрабатываем запись 2378 (1710/114708)
2025-07-16 10:45:22,428 - INFO - ✅ Эмбеддинг создан для записи 2378
2025-07-16 10:45:22,628 - INFO - 🔄 Обрабатываем запись 2379 (1711/114708)
2025-07-16 10:45:23,264 - INFO - ✅ Эмбеддинг создан для записи 2379
2025-07-16 10:45:23,464 - INFO - 🔄 Обрабатываем запись 2380 (1712/114708)
2025-07-16 10:45:23,987 - INFO - ✅ Эмбеддинг создан для записи 2380
2025-07-16 10:45:24,188 - INFO - 🔄 Обрабатываем запись 2381 (1713/114708)
2025-07-16 10:45:24,685 - INFO - ✅ Эмбеддинг создан для записи 2381
2025-07-16 10:45:24,885 - INFO - 🔄 Обрабатываем запись 2382 (1714/114708)
2025-07-16 10:45:25,713 - INFO - ✅ Эмбеддинг создан для записи 2382
2025-07-16 10:45:25,914 - INFO - 🔄 Обрабатываем запись 2383 (1715/114708)
2025-07-16 10:45:26,418 - INFO - ✅ Эмбеддинг создан для записи 2383
2025-07-16 10:45:26,618 - INFO - 🔄 Обрабатываем запись 2384 (1716/114708)
2025-07-16 10:45:27,212 - INFO - ✅ Эмбеддинг создан для записи 2384
2025-07-16 10:45:27,412 - INFO - 🔄 Обрабатываем запись 2385 (1717/114708)
2025-07-16 10:45:27,980 - INFO - ✅ Эмбеддинг создан для записи 2385
2025-07-16 10:45:28,181 - INFO - 🔄 Обрабатываем запись 2386 (1718/114708)
2025-07-16 10:45:29,012 - INFO - ✅ Эмбеддинг создан для записи 2386
2025-07-16 10:45:29,214 - INFO - 🔄 Обрабатываем запись 2387 (1719/114708)
2025-07-16 10:45:29,826 - INFO - ✅ Эмбеддинг создан для записи 2387
2025-07-16 10:45:30,027 - INFO - 🔄 Обрабатываем запись 2388 (1720/114708)
2025-07-16 10:45:30,565 - INFO - ✅ Эмбеддинг создан для записи 2388
2025-07-16 10:45:30,766 - INFO - 🔄 Обрабатываем запись 2389 (1721/114708)
2025-07-16 10:45:31,396 - INFO - ✅ Эмбеддинг создан для записи 2389
2025-07-16 10:45:31,596 - INFO - 🔄 Обрабатываем запись 2390 (1722/114708)
2025-07-16 10:45:32,962 - INFO - ✅ Эмбеддинг создан для записи 2390
2025-07-16 10:45:33,162 - INFO - 🔄 Обрабатываем запись 2391 (1723/114708)
2025-07-16 10:45:33,812 - INFO - ✅ Эмбеддинг создан для записи 2391
2025-07-16 10:45:34,012 - INFO - 🔄 Обрабатываем запись 2392 (1724/114708)
2025-07-16 10:45:34,621 - INFO - ✅ Эмбеддинг создан для записи 2392
2025-07-16 10:45:34,822 - INFO - 🔄 Обрабатываем запись 2393 (1725/114708)
2025-07-16 10:45:35,968 - INFO - ✅ Эмбеддинг создан для записи 2393
2025-07-16 10:45:36,169 - INFO - 🔄 Обрабатываем запись 2394 (1726/114708)
2025-07-16 10:45:37,014 - INFO - ✅ Эмбеддинг создан для записи 2394
2025-07-16 10:45:37,214 - INFO - 🔄 Обрабатываем запись 2395 (1727/114708)
2025-07-16 10:45:37,741 - INFO - ✅ Эмбеддинг создан для записи 2395
2025-07-16 10:45:37,941 - INFO - 🔄 Обрабатываем запись 2396 (1728/114708)
2025-07-16 10:45:38,849 - INFO - ✅ Эмбеддинг создан для записи 2396
2025-07-16 10:45:39,050 - INFO - 🔄 Обрабатываем запись 2397 (1729/114708)
2025-07-16 10:45:39,712 - INFO - ✅ Эмбеддинг создан для записи 2397
2025-07-16 10:45:39,913 - INFO - 🔄 Обрабатываем запись 2398 (1730/114708)
2025-07-16 10:45:40,515 - INFO - ✅ Эмбеддинг создан для записи 2398
2025-07-16 10:45:40,716 - INFO - 🔄 Обрабатываем запись 2399 (1731/114708)
2025-07-16 10:45:41,552 - INFO - ✅ Эмбеддинг создан для записи 2399
2025-07-16 10:45:41,753 - INFO - 🔄 Обрабатываем запись 2400 (1732/114708)
2025-07-16 10:45:42,360 - INFO - ✅ Эмбеддинг создан для записи 2400
2025-07-16 10:45:42,561 - INFO - 🔄 Обрабатываем запись 2401 (1733/114708)
2025-07-16 10:45:43,277 - INFO - ✅ Эмбеддинг создан для записи 2401
2025-07-16 10:45:43,478 - INFO - 🔄 Обрабатываем запись 2402 (1734/114708)
2025-07-16 10:45:44,046 - INFO - ✅ Эмбеддинг создан для записи 2402
2025-07-16 10:45:44,247 - INFO - 🔄 Обрабатываем запись 2403 (1735/114708)
2025-07-16 10:45:45,327 - INFO - ✅ Эмбеддинг создан для записи 2403
2025-07-16 10:45:45,528 - INFO - 🔄 Обрабатываем запись 2404 (1736/114708)
2025-07-16 10:45:46,394 - INFO - ✅ Эмбеддинг создан для записи 2404
2025-07-16 10:45:46,594 - INFO - 🔄 Обрабатываем запись 2405 (1737/114708)
2025-07-16 10:45:47,547 - INFO - ✅ Эмбеддинг создан для записи 2405
2025-07-16 10:45:47,748 - INFO - 🔄 Обрабатываем запись 2406 (1738/114708)
2025-07-16 10:45:49,167 - INFO - ✅ Эмбеддинг создан для записи 2406
2025-07-16 10:45:49,367 - INFO - 🔄 Обрабатываем запись 2407 (1739/114708)
2025-07-16 10:45:49,931 - INFO - ✅ Эмбеддинг создан для записи 2407
2025-07-16 10:45:50,131 - INFO - 🔄 Обрабатываем запись 2408 (1740/114708)
2025-07-16 10:45:50,634 - INFO - ✅ Эмбеддинг создан для записи 2408
2025-07-16 10:45:50,834 - INFO - 🔄 Обрабатываем запись 2409 (1741/114708)
2025-07-16 10:45:52,066 - INFO - ✅ Эмбеддинг создан для записи 2409
2025-07-16 10:45:52,267 - INFO - 🔄 Обрабатываем запись 2410 (1742/114708)
2025-07-16 10:45:53,513 - INFO - ✅ Эмбеддинг создан для записи 2410
2025-07-16 10:45:53,713 - INFO - 🔄 Обрабатываем запись 2411 (1743/114708)
2025-07-16 10:45:55,033 - INFO - ✅ Эмбеддинг создан для записи 2411
2025-07-16 10:45:55,234 - INFO - 🔄 Обрабатываем запись 2412 (1744/114708)
2025-07-16 10:45:56,041 - INFO - ✅ Эмбеддинг создан для записи 2412
2025-07-16 10:45:56,242 - INFO - 🔄 Обрабатываем запись 2413 (1745/114708)
2025-07-16 10:45:57,198 - INFO - ✅ Эмбеддинг создан для записи 2413
2025-07-16 10:45:57,399 - INFO - 🔄 Обрабатываем запись 2414 (1746/114708)
2025-07-16 10:45:57,938 - INFO - ✅ Эмбеддинг создан для записи 2414
2025-07-16 10:45:58,139 - INFO - 🔄 Обрабатываем запись 2415 (1747/114708)
2025-07-16 10:45:58,234 - WARNING - Ошибка генерации batch (попытка 1): 429 Resource has been exhausted (e.g. check quota).
2025-07-16 10:45:58,234 - INFO - Используется API-ключ #1
2025-07-16 10:45:58,234 - WARNING - Переключение на API-ключ #1
2025-07-16 10:45:59,330 - WARNING - Ошибка генерации batch (попытка 2): 429 Resource has been exhausted (e.g. check quota).
2025-07-16 10:45:59,330 - INFO - Используется API-ключ #2
2025-07-16 10:45:59,330 - WARNING - Переключение на API-ключ #2
2025-07-16 10:46:00,592 - WARNING - Ошибка генерации batch (попытка 3): 429 Resource has been exhausted (e.g. check quota).
2025-07-16 10:46:00,592 - INFO - Используется API-ключ #1
2025-07-16 10:46:00,592 - WARNING - Переключение на API-ключ #1
2025-07-16 10:46:00,592 - ERROR - ❌ Не удалось создать эмбеддинг для записи 2415
2025-07-16 10:46:00,793 - INFO - 🔄 Обрабатываем запись 2416 (1748/114708)
2025-07-16 10:46:01,421 - WARNING - Ошибка генерации batch (попытка 1): 429 Resource has been exhausted (e.g. check quota).
2025-07-16 10:46:01,421 - INFO - Используется API-ключ #2
2025-07-16 10:46:01,422 - WARNING - Переключение на API-ключ #2
2025-07-16 10:46:02,225 - WARNING - Ошибка генерации batch (попытка 2): 429 Resource has been exhausted (e.g. check quota).
2025-07-16 10:46:02,226 - INFO - Используется API-ключ #1
2025-07-16 10:46:02,226 - WARNING - Переключение на API-ключ #1
2025-07-16 10:46:03,993 - WARNING - Ошибка генерации batch (попытка 3): 429 Resource has been exhausted (e.g. check quota).
2025-07-16 10:46:03,993 - INFO - Используется API-ключ #2
2025-07-16 10:46:03,993 - WARNING - Переключение на API-ключ #2
2025-07-16 10:46:03,994 - ERROR - ❌ Не удалось создать эмбеддинг для записи 2416
2025-07-16 10:46:04,194 - INFO - 🔄 Обрабатываем запись 2417 (1749/114708)
2025-07-16 10:46:04,974 - WARNING - Ошибка генерации batch (попытка 1): 429 Resource has been exhausted (e.g. check quota).
2025-07-16 10:46:04,975 - INFO - Используется API-ключ #1
2025-07-16 10:46:04,976 - WARNING - Переключение на API-ключ #1
2025-07-16 10:46:05,800 - WARNING - Ошибка генерации batch (попытка 2): 429 Resource has been exhausted (e.g. check quota).
2025-07-16 10:46:05,800 - INFO - Используется API-ключ #2
2025-07-16 10:46:05,800 - WARNING - Переключение на API-ключ #2
2025-07-16 10:46:07,517 - WARNING - Ошибка генерации batch (попытка 3): 429 Resource has been exhausted (e.g. check quota).
2025-07-16 10:46:07,517 - INFO - Используется API-ключ #1
2025-07-16 10:46:07,518 - WARNING - Переключение на API-ключ #1
2025-07-16 10:46:07,518 - ERROR - ❌ Не удалось создать эмбеддинг для записи 2417
2025-07-16 10:46:07,718 - INFO - 🔄 Обрабатываем запись 2418 (1750/114708)
2025-07-16 10:46:08,297 - WARNING - Ошибка генерации batch (попытка 1): 429 Resource has been exhausted (e.g. check quota).
2025-07-16 10:46:08,297 - INFO - Используется API-ключ #2
2025-07-16 10:46:08,298 - WARNING - Переключение на API-ключ #2
2025-07-16 10:46:09,331 - WARNING - Ошибка генерации batch (попытка 2): 429 Resource has been exhausted (e.g. check quota).
2025-07-16 10:46:09,331 - INFO - Используется API-ключ #1
2025-07-16 10:46:09,331 - WARNING - Переключение на API-ключ #1
2025-07-16 10:46:10,142 - WARNING - Ошибка генерации batch (попытка 3): 429 Resource has been exhausted (e.g. check quota).
2025-07-16 10:46:10,142 - INFO - Используется API-ключ #2
2025-07-16 10:46:10,142 - WARNING - Переключение на API-ключ #2
2025-07-16 10:46:10,142 - ERROR - ❌ Не удалось создать эмбеддинг для записи 2418
2025-07-16 10:46:10,343 - INFO - 🔄 Обрабатываем запись 2419 (1751/114708)
2025-07-16 10:46:11,148 - WARNING - Ошибка генерации batch (попытка 1): 429 Resource has been exhausted (e.g. check quota).
2025-07-16 10:46:11,149 - INFO - Используется API-ключ #1
2025-07-16 10:46:11,149 - WARNING - Переключение на API-ключ #1
2025-07-16 10:46:12,001 - WARNING - Ошибка генерации batch (попытка 2): 429 Resource has been exhausted (e.g. check quota).
2025-07-16 10:46:12,001 - INFO - Используется API-ключ #2
2025-07-16 10:46:12,001 - WARNING - Переключение на API-ключ #2
2025-07-16 10:46:13,262 - WARNING - Ошибка генерации batch (попытка 3): 429 Resource has been exhausted (e.g. check quota).
2025-07-16 10:46:13,263 - INFO - Используется API-ключ #1
2025-07-16 10:46:13,263 - WARNING - Переключение на API-ключ #1
2025-07-16 10:46:13,263 - ERROR - ❌ Не удалось создать эмбеддинг для записи 2419
2025-07-16 10:46:13,463 - INFO - 🔄 Обрабатываем запись 2420 (1752/114708)
2025-07-16 10:46:14,515 - WARNING - Ошибка генерации batch (попытка 1): 429 Resource has been exhausted (e.g. check quota).
2025-07-16 10:46:14,516 - INFO - Используется API-ключ #2
2025-07-16 10:46:14,516 - WARNING - Переключение на API-ключ #2
2025-07-16 10:46:14,875 - WARNING - Ошибка генерации batch (попытка 2): 429 Resource has been exhausted (e.g. check quota).
2025-07-16 10:46:14,876 - INFO - Используется API-ключ #1
2025-07-16 10:46:14,876 - WARNING - Переключение на API-ключ #1
2025-07-16 10:46:15,689 - WARNING - Ошибка генерации batch (попытка 3): 429 Resource has been exhausted (e.g. check quota).
2025-07-16 10:46:15,690 - INFO - Используется API-ключ #2
2025-07-16 10:46:15,690 - WARNING - Переключение на API-ключ #2
2025-07-16 10:46:15,690 - ERROR - ❌ Не удалось создать эмбеддинг для записи 2420
2025-07-16 10:46:15,890 - INFO - 🔄 Обрабатываем запись 2421 (1753/114708)
2025-07-16 10:46:16,801 - WARNING - Ошибка генерации batch (попытка 1): 429 Resource has been exhausted (e.g. check quota).
2025-07-16 10:46:16,801 - INFO - Используется API-ключ #1
2025-07-16 10:46:16,801 - WARNING - Переключение на API-ключ #1
2025-07-16 10:46:18,083 - WARNING - Ошибка генерации batch (попытка 2): 429 Resource has been exhausted (e.g. check quota).
2025-07-16 10:46:18,083 - INFO - Используется API-ключ #2
2025-07-16 10:46:18,083 - WARNING - Переключение на API-ключ #2
2025-07-16 10:46:18,612 - WARNING - Ошибка генерации batch (попытка 3): 429 Resource has been exhausted (e.g. check quota).
2025-07-16 10:46:18,613 - INFO - Используется API-ключ #1
2025-07-16 10:46:18,613 - WARNING - Переключение на API-ключ #1
2025-07-16 10:46:18,613 - ERROR - ❌ Не удалось создать эмбеддинг для записи 2421
2025-07-16 10:46:18,813 - INFO - 🔄 Обрабатываем запись 2422 (1754/114708)
2025-07-16 10:46:19,125 - WARNING - Ошибка генерации batch (попытка 1): 429 Resource has been exhausted (e.g. check quota).
2025-07-16 10:46:19,126 - INFO - Используется API-ключ #2
2025-07-16 10:46:19,126 - WARNING - Переключение на API-ключ #2
2025-07-16 10:46:20,054 - WARNING - Ошибка генерации batch (попытка 2): 429 Resource has been exhausted (e.g. check quota).
2025-07-16 10:46:20,054 - INFO - Используется API-ключ #1
2025-07-16 10:46:20,055 - WARNING - Переключение на API-ключ #1
2025-07-16 10:46:20,576 - WARNING - Ошибка генерации batch (попытка 3): 429 Resource has been exhausted (e.g. check quota).
2025-07-16 10:46:20,576 - INFO - Используется API-ключ #2
2025-07-16 10:46:20,576 - WARNING - Переключение на API-ключ #2
2025-07-16 10:46:20,576 - ERROR - ❌ Не удалось создать эмбеддинг для записи 2422
2025-07-16 10:46:20,777 - INFO - 🔄 Обрабатываем запись 2423 (1755/114708)
2025-07-16 10:46:21,555 - WARNING - Ошибка генерации batch (попытка 1): 429 Resource has been exhausted (e.g. check quota).
2025-07-16 10:46:21,556 - INFO - Используется API-ключ #1
2025-07-16 10:46:21,556 - WARNING - Переключение на API-ключ #1
2025-07-16 10:46:22,527 - WARNING - Ошибка генерации batch (попытка 2): 429 Resource has been exhausted (e.g. check quota).
2025-07-16 10:46:22,527 - INFO - Используется API-ключ #2
2025-07-16 10:46:22,528 - WARNING - Переключение на API-ключ #2
2025-07-16 10:46:23,996 - WARNING - Ошибка генерации batch (попытка 3): 429 Resource has been exhausted (e.g. check quota).
2025-07-16 10:46:23,996 - INFO - Используется API-ключ #1
2025-07-16 10:46:23,996 - WARNING - Переключение на API-ключ #1
2025-07-16 10:46:23,996 - ERROR - ❌ Не удалось создать эмбеддинг для записи 2423
2025-07-16 10:46:24,197 - INFO - 🔄 Обрабатываем запись 2424 (1756/114708)
2025-07-16 10:46:25,160 - WARNING - Ошибка генерации batch (попытка 1): 429 Resource has been exhausted (e.g. check quota).
2025-07-16 10:46:25,161 - INFO - Используется API-ключ #2
2025-07-16 10:46:25,161 - WARNING - Переключение на API-ключ #2
2025-07-16 10:46:26,226 - WARNING - Ошибка генерации batch (попытка 2): 429 Resource has been exhausted (e.g. check quota).
2025-07-16 10:46:26,226 - INFO - Используется API-ключ #1
2025-07-16 10:46:26,226 - WARNING - Переключение на API-ключ #1
2025-07-16 10:46:27,029 - WARNING - Ошибка генерации batch (попытка 3): 429 Resource has been exhausted (e.g. check quota).
2025-07-16 10:46:27,030 - INFO - Используется API-ключ #2
2025-07-16 10:46:27,030 - WARNING - Переключение на API-ключ #2
2025-07-16 10:46:27,030 - ERROR - ❌ Не удалось создать эмбеддинг для записи 2424
2025-07-16 10:46:27,030 - ERROR - Слишком много неудач. Останавливаем процесс
2025-07-16 10:47:15,712 - INFO - 💾 Данные безопасно сохранены
2025-07-16 10:47:15,712 - INFO - 🎉 Процесс завершен! Обработано: 1746, неудач: 10
2025-07-16 10:47:15,712 - INFO - ✅ Все операции завершены успешно
2025-07-16 11:14:06,582 - INFO - Загружено 2 API-ключей
2025-07-16 11:14:06,584 - INFO - Используется API-ключ #1
2025-07-16 11:14:06,585 - INFO - 🔄 Восстановление из backup файла...
2025-07-16 12:49:03,475 - INFO - Загружено 2 API-ключей
2025-07-16 12:49:03,478 - INFO - Используется API-ключ #1
2025-07-16 12:49:03,478 - ERROR - Backup файл не найден!
2025-07-16 12:49:03,478 - ERROR - Не удалось восстановить файл из backup
